Appeal_ID,Received_Date,Intake_Completed_Date,Assigned_Date,Review_Started_Date,Decision_Date,Closed_Date,Appeal_Type,Priority,Payer_ID,Initial_Team_ID,Final_Team_ID,Status,Outcome,SLA_Target_Days,Documentation_Complete,Rework_Flag,Escalation_Flag,Reassignment_Count,Pending_Info_Days,Reason_Code,Final_Routing_Correct,Turnaround_Days,Intake_Days,Routing_Days,Review_Wait_Days,Review_Days,Closure_Days,SLA_Met,Friction_Score,Friction_Category
APL-2026-000176,2026-09-10,2026-09-14,2026-09-14,2026-09-16,2026-09-17,2026-09-18,Clinical,Standard,PAY-04,TM-03,TM-03,Closed,Partially Overturned,14,Yes,No,No,0,0,RC-10,Yes,8.0,4,0,2,1.0,1.0,Yes,0,Low friction
APL-2026-000174,2026-08-17,2026-08-17,2026-08-17,2026-08-18,2026-08-20,2026-08-27,Clinical,Standard,PAY-04,TM-02,TM-02,Closed,Partially Overturned,14,Yes,No,No,0,0,RC-01,Yes,10.0,0,0,1,2.0,7.0,Yes,10,Low friction
APL-2026-003200,2026-09-02,2026-09-02,2026-09-07,2026-09-10,2026-09-29,2026-09-29,Claims Payment,Standard,PAY-01,TM-01,TM-02,Closed,Overturned,30,Yes,Yes,No,1,0,RC-03,No,27.0,0,5,3,19.0,0.0,Yes,30,Moderate friction
APL-2026-000251,2026-05-22,2026-05-26,2026-05-26,2026-05-29,2026-06-16,2026-06-16,Clinical,Low,PAY-02,TM-03,TM-03,Closed,Overturned,14,Yes,No,No,0,0,RC-01,Yes,25.0,4,0,3,18.0,0.0,No,0,Low friction
APL-2026-001337,2026-05-19,2026-05-20,2026-05-21,2026-05-21,2026-06-08,2026-06-08,Administrative,Low,PAY-01,TM-01,TM-01,Closed,Upheld,30,No,Yes,No,0,4,RC-03,Yes,20.0,1,1,0,18.0,0.0,Yes,25,Moderate friction
APL-2026-001687,2026-07-04,2026-07-06,2026-07-10,2026-07-15,2026-07-22,2026-07-29,Administrative,Standard,PAY-06,TM-07,TM-07,Closed,Overturned,30,Yes,No,No,0,0,RC-07,Yes,25.0,2,4,5,7.0,7.0,Yes,10,Low friction
APL-2026-003504,2026-09-30,2026-09-30,2026-10-02,2026-10-02,,,Administrative,Standard,PAY-05,TM-01,TM-01,Escalated,,30,Yes,No,No,0,0,RC-01,Yes,,0,2,0,,,,0,Low friction
APL-2026-001784,2026-06-30,2026-07-01,2026-07-01,2026-07-03,2026-07-07,2026-07-14,Authorization,Low,PAY-01,TM-04,TM-04,Closed,Upheld,7,Yes,No,No,0,0,RC-13,Yes,14.0,1,0,2,4.0,7.0,No,10,Low friction
APL-2026-001274,2026-05-23,2026-05-25,2026-05-26,2026-05-29,2026-06-05,2026-06-12,Administrative,Standard,PAY-05,TM-01,TM-01,Closed,Upheld,30,Yes,No,Yes,0,0,RC-10,Yes,20.0,2,1,3,7.0,7.0,Yes,25,Moderate friction
APL-2026-003958,2026-04-29,2026-04-30,2026-04-30,2026-04-30,2026-05-01,2026-05-01,Administrative,Standard,PAY-03,TM-07,TM-07,Closed,Upheld,30,Yes,No,No,0,0,RC-10,Yes,2.0,1,0,0,1.0,0.0,Yes,0,Low friction
APL-2026-001054,2026-06-03,2026-06-03,2026-06-04,2026-06-08,2026-06-29,2026-06-29,Pharmacy,Standard,PAY-01,TM-05,TM-05,Closed,Upheld,7,Yes,Yes,No,0,0,RC-05,Yes,26.0,0,1,4,21.0,0.0,No,0,Low friction
APL-2026-001344,2026-02-11,2026-02-11,2026-02-11,2026-02-11,2026-02-24,2026-02-24,Authorization,Standard,PAY-01,TM-04,TM-04,Closed,Upheld,7,Yes,No,No,0,0,RC-03,Yes,13.0,0,0,0,13.0,0.0,No,0,Low friction
APL-2026-000563,2026-04-21,2026-04-21,2026-04-22,2026-04-24,2026-04-28,2026-04-28,Clinical,Urgent,PAY-01,TM-02,TM-02,Closed,Upheld,7,Yes,No,No,0,0,RC-08,Yes,7.0,0,1,2,4.0,0.0,Yes,0,Low friction
APL-2026-000712,2026-04-28,2026-04-29,2026-05-05,2026-05-06,2026-05-13,2026-05-13,Authorization,Standard,PAY-04,TM-04,TM-04,Closed,Upheld,7,Yes,No,No,0,0,RC-11,Yes,15.0,1,6,1,7.0,0.0,No,0,Low friction
APL-2026-001132,2026-09-10,2026-09-11,2026-09-11,2026-09-15,2026-09-21,2026-09-22,Clinical,Urgent,PAY-06,TM-07,TM-07,Closed,Upheld,7,Yes,No,No,0,0,RC-13,Yes,12.0,1,0,4,6.0,1.0,No,0,Low friction
APL-2026-002644,2026-09-19,2026-09-19,2026-09-19,2026-09-21,,,Administrative,Standard,PAY-03,TM-07,TM-07,In Review,,30,Yes,No,No,0,0,RC-08,Yes,,0,0,2,,,,0,Low friction
APL-2026-003428,2026-05-07,2026-05-08,2026-05-12,2026-05-12,2026-05-19,2026-05-21,Pharmacy,Standard,PAY-07,TM-05,TM-05,Closed,Upheld,7,No,No,No,0,4,RC-01,Yes,14.0,1,4,0,7.0,2.0,No,25,Moderate friction
APL-2026-002540,2026-04-14,2026-04-15,2026-04-15,2026-04-17,2026-04-28,2026-05-05,Administrative,Standard,PAY-07,TM-01,TM-01,Closed,Upheld,30,Yes,No,No,0,0,RC-06,Yes,21.0,1,0,2,11.0,7.0,Yes,10,Low friction
APL-2026-000241,2026-09-22,2026-09-23,2026-09-29,2026-09-30,,,Clinical,Standard,PAY-01,TM-03,TM-03,In Review,,14,No,No,No,0,2,RC-01,Yes,,1,6,1,,,,25,Moderate friction
APL-2026-001850,2026-08-15,2026-08-17,2026-08-19,2026-08-19,2026-08-20,2026-08-20,Clinical,Urgent,PAY-01,TM-03,TM-03,Closed,Overturned,7,Yes,No,No,0,0,RC-13,Yes,5.0,2,2,0,1.0,0.0,Yes,0,Low friction
APL-2026-003518,2026-08-25,2026-08-26,2026-08-31,2026-09-02,,,Clinical,Standard,PAY-05,TM-02,TM-03,Pending Information,,14,No,No,Yes,1,9,RC-10,No,,1,5,2,,,,90,Critical friction
APL-2026-002615,2026-03-09,2026-03-11,2026-03-11,2026-03-12,2026-03-24,2026-03-24,Authorization,Urgent,PAY-01,TM-04,TM-04,Closed,Partially Overturned,7,Yes,No,Yes,0,0,RC-05,Yes,15.0,2,0,1,12.0,0.0,No,15,Low friction
APL-2026-001490,2026-09-15,2026-09-15,2026-09-17,2026-09-17,2026-09-25,2026-09-25,Administrative,Standard,PAY-01,TM-01,TM-01,Closed,Overturned,30,Yes,No,No,0,0,RC-03,Yes,10.0,0,2,0,8.0,0.0,Yes,0,Low friction
APL-2026-002387,2026-04-23,2026-04-24,2026-04-27,2026-04-27,2026-05-05,2026-05-06,Pharmacy,Standard,PAY-01,TM-05,TM-05,Closed,Upheld,7,No,Yes,No,0,0,RC-05,Yes,13.0,1,3,0,8.0,1.0,No,25,Moderate friction
APL-2026-001976,2026-07-12,2026-07-12,2026-07-12,2026-07-15,2026-07-16,2026-07-17,Administrative,Low,PAY-05,TM-01,TM-01,Closed,Overturned,30,Yes,No,No,0,0,RC-09,Yes,5.0,0,0,3,1.0,1.0,Yes,0,Low friction
APL-2026-000902,2026-03-11,2026-03-11,2026-03-12,2026-03-16,2026-03-25,2026-03-25,Pharmacy,Standard,PAY-04,TM-05,TM-05,Closed,Upheld,7,Yes,No,No,0,0,RC-01,Yes,14.0,0,1,4,9.0,0.0,No,0,Low friction
APL-2026-003363,2026-01-20,2026-01-20,2026-01-26,2026-01-27,2026-02-03,2026-02-03,Claims Payment,Standard,PAY-03,TM-07,TM-07,Closed,Upheld,30,Yes,No,No,0,0,RC-05,Yes,14.0,0,6,1,7.0,0.0,Yes,0,Low friction
APL-2026-000425,2026-01-30,2026-01-30,2026-02-05,2026-02-09,2026-02-19,2026-02-19,Administrative,Standard,PAY-02,TM-01,TM-06,Closed,Upheld,30,No,No,No,2,0,RC-05,No,20.0,0,6,4,10.0,0.0,Yes,65,Critical friction
APL-2026-001853,2026-08-26,2026-08-27,2026-08-27,2026-09-01,2026-09-04,2026-09-07,Pharmacy,Standard,PAY-07,TM-05,TM-05,Closed,Upheld,7,No,No,No,0,1,RC-13,Yes,12.0,1,0,5,3.0,3.0,No,35,Moderate friction
APL-2026-001465,2026-05-14,2026-05-18,2026-05-19,2026-05-21,2026-06-02,2026-06-02,Pharmacy,Low,PAY-01,TM-05,TM-05,Closed,Upheld,7,No,No,No,0,5,RC-01,Yes,19.0,4,1,2,12.0,0.0,No,25,Moderate friction
APL-2026-002833,2026-06-15,2026-06-15,2026-06-17,2026-06-19,2026-06-29,2026-06-30,Administrative,Standard,PAY-03,TM-07,TM-07,Closed,Upheld,30,No,No,No,0,0,RC-01,Yes,15.0,0,2,2,10.0,1.0,Yes,25,Moderate friction
APL-2026-002103,2026-09-30,2026-09-30,2026-09-30,2026-10-05,,,Claims Payment,Standard,PAY-02,TM-01,TM-01,Pending Information,,30,Yes,No,No,0,0,RC-04,Yes,,0,0,5,,,,0,Low friction
APL-2026-001096,2026-06-02,2026-06-03,2026-06-10,2026-06-12,2026-07-06,2026-07-07,Clinical,Standard,PAY-05,TM-02,TM-01,Closed,Upheld,14,No,Yes,No,1,5,RC-04,No,35.0,1,7,2,24.0,1.0,No,55,High friction
APL-2026-002154,2026-06-26,2026-06-26,2026-06-30,2026-06-30,2026-07-15,2026-07-16,Administrative,Urgent,PAY-05,TM-01,TM-01,Closed,Overturned,7,No,Yes,No,0,0,RC-05,Yes,20.0,0,4,0,15.0,1.0,No,25,Moderate friction
APL-2026-002315,2026-09-25,2026-09-28,2026-10-02,2026-10-02,,,Authorization,Standard,PAY-03,TM-04,TM-03,Pending Information,,7,Yes,No,No,1,0,RC-04,No,,3,4,0,,,,30,Moderate friction
APL-2026-000371,2026-01-18,2026-01-18,2026-01-18,2026-01-18,2026-02-03,2026-02-03,Authorization,Standard,PAY-05,TM-04,TM-04,Closed,Upheld,7,Yes,Yes,No,0,0,RC-12,Yes,16.0,0,0,0,16.0,0.0,No,0,Low friction
APL-2026-002030,2026-03-31,2026-03-31,2026-04-02,2026-04-06,2026-04-10,2026-04-10,Clinical,Standard,PAY-03,TM-07,TM-07,Closed,Overturned,14,Yes,No,No,0,0,RC-13,Yes,10.0,0,2,4,4.0,0.0,Yes,0,Low friction
APL-2026-000702,2026-05-22,2026-05-25,2026-05-27,2026-05-29,2026-06-04,2026-06-05,Administrative,Standard,PAY-04,TM-01,TM-01,Closed,Upheld,30,Yes,No,No,0,0,RC-09,Yes,14.0,3,2,2,6.0,1.0,Yes,0,Low friction
APL-2026-003749,2026-02-02,2026-02-03,2026-02-03,2026-02-06,2026-02-09,2026-02-11,Administrative,Urgent,PAY-01,TM-01,TM-01,Closed,Overturned,7,Yes,No,No,0,0,RC-02,Yes,9.0,1,0,3,3.0,2.0,No,0,Low friction
APL-2026-002388,2026-02-02,2026-02-03,2026-02-06,2026-02-10,2026-03-04,2026-03-04,Administrative,Standard,PAY-02,TM-01,TM-02,Closed,Upheld,30,Yes,Yes,No,3,0,RC-04,No,30.0,1,3,4,22.0,0.0,Yes,50,High friction
APL-2026-001834,2026-09-17,2026-09-21,2026-09-22,2026-09-22,,,Authorization,Low,PAY-01,TM-04,TM-04,In Review,,7,Yes,No,No,0,0,RC-03,Yes,,4,1,0,,,,0,Low friction
APL-2026-003310,2026-09-22,2026-09-23,2026-09-23,2026-09-24,,,Administrative,Urgent,PAY-07,TM-01,TM-01,Escalated,,7,Yes,No,No,0,0,RC-10,Yes,,1,0,1,,,,0,Low friction
APL-2026-001441,2026-04-07,2026-04-07,2026-04-08,2026-04-10,2026-04-23,2026-04-24,Authorization,Standard,PAY-03,TM-04,TM-04,Closed,Overturned,7,Yes,No,No,0,0,RC-05,Yes,17.0,0,1,2,13.0,1.0,No,0,Low friction
APL-2026-002259,2026-06-29,2026-06-30,2026-07-01,2026-07-02,2026-07-15,2026-07-15,Claims Payment,Standard,PAY-01,TM-01,TM-01,Closed,Upheld,30,Yes,No,No,0,0,RC-02,Yes,16.0,1,1,1,13.0,0.0,Yes,0,Low friction
APL-2026-002542,2026-07-02,2026-07-03,2026-07-03,2026-07-03,2026-07-20,2026-07-21,Administrative,Urgent,PAY-05,TM-01,TM-01,Closed,Partially Overturned,7,No,No,Yes,0,7,RC-06,Yes,19.0,1,0,0,17.0,1.0,No,60,Critical friction
APL-2026-001326,2026-07-08,2026-07-08,2026-07-08,2026-07-09,2026-07-10,2026-07-10,Administrative,Low,PAY-03,TM-07,TM-07,Closed,Partially Overturned,30,Yes,No,No,0,0,RC-10,Yes,2.0,0,0,1,1.0,0.0,Yes,0,Low friction
APL-2026-003369,2026-08-01,2026-08-03,2026-08-05,2026-08-07,2026-09-02,2026-09-02,Clinical,Urgent,PAY-01,TM-03,TM-03,Closed,Partially Overturned,7,No,No,No,0,11,RC-01,Yes,32.0,2,2,2,26.0,0.0,No,45,High friction
APL-2026-001972,2026-04-01,2026-04-02,2026-04-02,2026-04-02,2026-04-03,2026-04-06,Authorization,Standard,PAY-04,TM-04,TM-04,Closed,Overturned,7,Yes,No,No,0,0,RC-01,Yes,5.0,1,0,0,1.0,3.0,Yes,10,Low friction
APL-2026-002270,2026-03-19,2026-03-19,2026-03-26,2026-03-26,2026-04-08,2026-04-09,Clinical,Standard,PAY-02,TM-03,TM-05,Closed,Upheld,14,Yes,No,Yes,2,0,RC-04,No,21.0,0,7,0,13.0,1.0,No,55,High friction
APL-2026-002170,2026-08-27,2026-08-27,2026-08-27,2026-08-28,2026-09-09,2026-09-09,Authorization,Standard,PAY-05,TM-04,TM-05,Closed,Partially Overturned,7,Yes,No,No,1,0,RC-08,Yes,13.0,0,0,1,12.0,0.0,No,10,Low friction
APL-2026-002827,2026-03-15,2026-03-15,2026-03-15,2026-03-18,2026-03-25,2026-03-26,Authorization,Low,PAY-01,TM-04,TM-04,Closed,Partially Overturned,7,Yes,No,No,0,0,RC-01,Yes,11.0,0,0,3,7.0,1.0,No,0,Low friction
APL-2026-002200,2026-05-27,2026-05-28,2026-06-01,2026-06-02,2026-06-09,2026-06-11,Clinical,Urgent,PAY-05,TM-03,TM-03,Closed,Partially Overturned,7,No,No,No,0,4,RC-01,Yes,15.0,1,4,1,7.0,2.0,No,25,Moderate friction
APL-2026-002902,2026-05-24,2026-05-25,2026-05-29,2026-06-03,2026-06-10,2026-06-17,Claims Payment,Standard,PAY-02,TM-01,TM-01,Closed,Partially Overturned,30,Yes,No,No,0,0,RC-15,Yes,24.0,1,4,5,7.0,7.0,Yes,10,Low friction
APL-2026-001779,2026-03-18,2026-03-18,2026-03-19,2026-03-19,2026-04-22,2026-04-22,Authorization,Standard,PAY-03,TM-04,TM-04,Closed,Partially Overturned,7,No,No,Yes,0,12,RC-02,Yes,35.0,0,1,0,34.0,0.0,No,60,Critical friction
APL-2026-000326,2026-09-21,2026-09-21,2026-09-23,2026-09-28,,,Authorization,Standard,PAY-07,TM-04,TM-04,Pending Information,,7,Yes,No,No,0,0,RC-12,Yes,,0,2,5,,,,0,Low friction
APL-2026-002166,2026-02-20,2026-02-20,2026-02-24,2026-02-25,2026-03-16,2026-03-16,Clinical,Standard,PAY-05,TM-02,TM-02,Closed,Overturned,14,Yes,No,No,0,0,RC-03,Yes,24.0,0,4,1,19.0,0.0,No,0,Low friction
APL-2026-002346,2026-04-02,2026-04-03,2026-04-06,2026-04-07,2026-04-15,2026-04-16,Authorization,Low,PAY-03,TM-04,TM-04,Closed,Upheld,7,No,No,No,0,0,RC-11,Yes,14.0,1,3,1,8.0,1.0,No,25,Moderate friction
APL-2026-000812,2026-04-04,2026-04-06,2026-04-06,2026-04-08,2026-04-17,2026-04-20,Administrative,Standard,PAY-02,TM-01,TM-01,Closed,Upheld,30,Yes,No,No,0,0,RC-14,Yes,16.0,2,0,2,9.0,3.0,Yes,10,Low friction
APL-2026-002812,2026-03-04,2026-03-04,2026-03-05,2026-03-10,2026-04-01,2026-04-01,Administrative,Standard,PAY-07,TM-01,TM-04,Closed,Upheld,30,No,Yes,No,1,4,RC-01,Yes,28.0,0,1,5,22.0,0.0,Yes,35,Moderate friction
APL-2026-002983,2026-07-02,2026-07-03,2026-07-06,2026-07-06,2026-07-07,2026-07-07,Claims Payment,Urgent,PAY-01,TM-01,TM-01,Closed,Upheld,7,Yes,No,No,0,0,RC-08,Yes,5.0,1,3,0,1.0,0.0,Yes,0,Low friction
APL-2026-000455,2026-03-01,2026-03-03,2026-03-04,2026-03-05,2026-03-09,2026-03-10,Clinical,Standard,PAY-01,TM-03,TM-03,Closed,Overturned,14,Yes,No,No,0,0,RC-05,Yes,9.0,2,1,1,4.0,1.0,Yes,0,Low friction
APL-2026-001352,2026-08-01,2026-08-03,2026-08-07,2026-08-10,2026-08-13,2026-08-20,Authorization,Standard,PAY-06,TM-04,TM-02,Closed,Upheld,7,Yes,No,No,1,0,RC-06,Yes,19.0,2,4,3,3.0,7.0,No,20,Moderate friction
APL-2026-000007,2026-01-14,2026-01-14,2026-01-15,2026-01-15,2026-01-19,2026-01-21,Authorization,Standard,PAY-03,TM-04,TM-04,Closed,Upheld,7,Yes,No,No,0,0,RC-01,Yes,7.0,0,1,0,4.0,2.0,Yes,0,Low friction
APL-2026-001417,2026-06-10,2026-06-10,2026-06-12,2026-06-15,2026-06-23,2026-06-23,Administrative,Standard,PAY-04,TM-01,TM-01,Closed,Overturned,30,Yes,No,No,0,0,RC-15,Yes,13.0,0,2,3,8.0,0.0,Yes,0,Low friction
APL-2026-001547,2026-05-12,2026-05-12,2026-05-12,2026-05-13,2026-05-18,2026-05-18,Claims Payment,Standard,PAY-03,TM-07,TM-07,Closed,Upheld,30,Yes,No,No,0,0,RC-02,Yes,6.0,0,0,1,5.0,0.0,Yes,0,Low friction
APL-2026-003556,2026-03-31,2026-03-31,2026-04-02,2026-04-02,2026-04-21,2026-04-22,Clinical,Urgent,PAY-01,TM-03,TM-02,Closed,Upheld,7,No,Yes,No,1,5,RC-07,No,22.0,0,2,0,19.0,1.0,No,55,High friction
APL-2026-001632,2026-01-02,2026-01-05,2026-01-06,2026-01-08,2026-01-14,2026-01-16,Authorization,Standard,PAY-04,TM-04,TM-03,Closed,Overturned,7,Yes,No,No,1,0,RC-01,Yes,14.0,3,1,2,6.0,2.0,No,10,Low friction
APL-2026-001870,2026-05-16,2026-05-16,2026-05-18,2026-05-18,2026-05-19,2026-05-20,Authorization,Standard,PAY-04,TM-04,TM-04,Closed,Upheld,7,Yes,No,No,0,0,RC-05,Yes,4.0,0,2,0,1.0,1.0,Yes,0,Low friction
APL-2026-002245,2026-07-14,2026-07-14,2026-07-23,2026-07-24,2026-08-06,2026-08-06,Clinical,Standard,PAY-03,TM-07,TM-03,Closed,Upheld,14,No,No,No,2,2,RC-01,No,23.0,0,9,1,13.0,0.0,No,65,Critical friction
APL-2026-001483,2026-09-10,2026-09-10,2026-09-16,2026-09-21,2026-09-24,2026-09-24,Clinical,Urgent,PAY-03,TM-07,TM-07,Closed,Upheld,7,Yes,No,No,0,0,RC-05,Yes,14.0,0,6,5,3.0,0.0,No,0,Low friction
APL-2026-003397,2026-08-04,2026-08-04,2026-08-06,2026-08-06,2026-08-12,2026-08-12,Authorization,Standard,PAY-07,TM-04,TM-05,Closed,Upheld,7,Yes,No,No,1,0,RC-05,Yes,8.0,0,2,0,6.0,0.0,No,10,Low friction
APL-2026-000203,2026-01-31,2026-02-02,2026-02-02,2026-02-03,2026-02-04,2026-02-04,Clinical,Low,PAY-05,TM-03,TM-03,Closed,Upheld,14,No,No,No,0,0,RC-05,Yes,4.0,2,0,1,1.0,0.0,Yes,25,Moderate friction
APL-2026-002278,2026-07-11,2026-07-13,2026-07-17,2026-07-21,2026-07-28,2026-07-28,Administrative,Standard,PAY-02,TM-01,TM-01,Closed,Partially Overturned,30,Yes,No,No,0,0,RC-04,Yes,17.0,2,4,4,7.0,0.0,Yes,0,Low friction
APL-2026-000423,2026-08-26,2026-08-26,2026-08-27,2026-08-27,2026-09-09,2026-09-09,Administrative,Standard,PAY-01,TM-01,TM-01,Closed,Upheld,30,Yes,Yes,No,0,0,RC-01,Yes,14.0,0,1,0,13.0,0.0,Yes,0,Low friction
APL-2026-003642,2026-03-06,2026-03-06,2026-03-06,2026-03-09,2026-04-06,2026-04-13,Administrative,Standard,PAY-02,TM-01,TM-01,Closed,Upheld,30,No,Yes,Yes,0,11,RC-05,Yes,38.0,0,0,3,28.0,7.0,No,70,Critical friction
APL-2026-001055,2026-02-23,2026-02-25,2026-03-03,2026-03-06,2026-03-18,2026-03-18,Clinical,Urgent,PAY-05,TM-02,TM-04,Closed,Upheld,7,Yes,No,No,2,0,RC-09,No,23.0,2,6,3,12.0,0.0,No,40,High friction
APL-2026-000073,2026-07-15,2026-07-15,2026-07-16,2026-07-21,2026-07-27,2026-07-28,Administrative,Standard,PAY-01,TM-01,TM-01,Closed,Upheld,30,No,Yes,No,0,0,RC-12,Yes,13.0,0,1,5,6.0,1.0,Yes,25,Moderate friction
APL-2026-001137,2026-04-02,2026-04-02,2026-04-02,2026-04-03,2026-04-06,2026-04-07,Claims Payment,Urgent,PAY-02,TM-01,TM-01,Closed,Overturned,7,No,No,No,0,0,RC-12,Yes,5.0,0,0,1,3.0,1.0,Yes,25,Moderate friction
APL-2026-001478,2026-01-23,2026-01-27,2026-01-28,2026-02-02,2026-02-06,2026-02-10,Pharmacy,Standard,PAY-01,TM-05,TM-05,Closed,Partially Overturned,7,Yes,No,No,0,0,RC-09,Yes,18.0,4,1,5,4.0,4.0,No,10,Low friction
APL-2026-003763,2026-02-20,2026-02-20,2026-02-23,2026-02-23,2026-02-27,2026-03-02,Administrative,Urgent,PAY-06,TM-07,TM-07,Closed,Overturned,7,Yes,No,No,0,0,RC-03,Yes,10.0,0,3,0,4.0,3.0,No,10,Low friction
APL-2026-000564,2026-04-11,2026-04-11,2026-04-11,2026-04-13,2026-04-16,2026-04-17,Clinical,Standard,PAY-01,TM-02,TM-02,Closed,Overturned,14,Yes,No,Yes,0,0,RC-04,Yes,6.0,0,0,2,3.0,1.0,Yes,15,Low friction
APL-2026-003631,2026-04-16,2026-04-17,2026-04-21,2026-04-22,2026-05-07,2026-05-08,Clinical,Low,PAY-01,TM-02,TM-05,Closed,Upheld,14,No,No,No,1,0,RC-04,Yes,22.0,1,4,1,15.0,1.0,No,35,Moderate friction
APL-2026-000853,2026-05-07,2026-05-07,2026-05-08,2026-05-11,2026-05-13,2026-05-13,Pharmacy,Standard,PAY-03,TM-05,TM-05,Closed,Upheld,7,Yes,No,No,0,0,RC-01,Yes,6.0,0,1,3,2.0,0.0,Yes,0,Low friction
APL-2026-003297,2026-07-24,2026-07-24,2026-07-27,2026-07-28,2026-08-04,2026-08-04,Authorization,Standard,PAY-02,TM-04,TM-04,Closed,Overturned,7,Yes,No,No,0,0,RC-09,Yes,11.0,0,3,1,7.0,0.0,No,0,Low friction
APL-2026-000892,2026-01-30,2026-01-30,2026-01-30,2026-02-04,2026-02-05,2026-02-06,Administrative,Standard,PAY-01,TM-01,TM-01,Closed,Upheld,30,Yes,No,No,0,0,RC-13,Yes,7.0,0,0,5,1.0,1.0,Yes,0,Low friction
APL-2026-002002,2026-02-06,2026-02-09,2026-02-10,2026-02-11,2026-02-13,2026-02-16,Clinical,Urgent,PAY-02,TM-02,TM-02,Closed,Overturned,7,Yes,No,No,0,0,RC-07,Yes,10.0,3,1,1,2.0,3.0,No,10,Low friction
APL-2026-002697,2026-03-08,2026-03-09,2026-03-11,2026-03-12,2026-03-24,2026-03-24,Administrative,Urgent,PAY-03,TM-07,TM-07,Closed,Overturned,7,Yes,No,No,0,0,RC-10,Yes,16.0,1,2,1,12.0,0.0,No,0,Low friction
APL-2026-000448,2026-09-18,2026-09-18,2026-09-24,2026-09-28,,,Claims Payment,Standard,PAY-01,TM-01,TM-01,In Review,,30,Yes,No,No,0,0,RC-01,Yes,,0,6,4,,,,0,Low friction
APL-2026-002048,2026-01-08,2026-01-09,2026-01-09,2026-01-14,2026-01-21,2026-01-23,Claims Payment,Standard,PAY-05,TM-01,TM-01,Closed,Upheld,30,Yes,Yes,No,0,0,RC-02,Yes,15.0,1,0,5,7.0,2.0,Yes,0,Low friction
APL-2026-001942,2026-02-19,2026-02-19,2026-02-23,2026-02-23,2026-03-03,2026-03-10,Administrative,Standard,PAY-07,TM-01,TM-01,Closed,Upheld,30,Yes,No,No,0,0,RC-10,Yes,19.0,0,4,0,8.0,7.0,Yes,10,Low friction
APL-2026-002460,2026-05-05,2026-05-05,2026-05-06,2026-05-11,2026-05-15,2026-05-15,Authorization,Low,PAY-02,TM-04,TM-05,Closed,Overturned,7,Yes,No,No,1,0,RC-15,Yes,10.0,0,1,5,4.0,0.0,No,10,Low friction
APL-2026-003256,2026-04-06,2026-04-07,2026-04-08,2026-04-09,2026-04-16,2026-04-17,Authorization,Standard,PAY-03,TM-04,TM-04,Closed,Overturned,7,No,Yes,No,0,2,RC-12,Yes,11.0,1,1,1,7.0,1.0,No,25,Moderate friction
APL-2026-001131,2026-09-07,2026-09-08,2026-09-08,2026-09-11,2026-09-21,2026-09-21,Authorization,Urgent,PAY-03,TM-04,TM-04,Closed,Overturned,7,Yes,No,No,0,0,RC-06,Yes,14.0,1,0,3,10.0,0.0,No,0,Low friction
APL-2026-000533,2026-08-29,2026-08-31,2026-08-31,2026-09-01,2026-09-02,2026-09-02,Clinical,Urgent,PAY-05,TM-02,TM-02,Closed,Upheld,7,Yes,No,No,0,0,RC-12,Yes,4.0,2,0,1,1.0,0.0,Yes,0,Low friction
APL-2026-003468,2026-08-04,2026-08-04,2026-08-04,2026-08-04,2026-08-12,2026-08-12,Authorization,Standard,PAY-04,TM-04,TM-04,Closed,Overturned,7,Yes,Yes,Yes,0,0,RC-03,Yes,8.0,0,0,0,8.0,0.0,No,15,Low friction
APL-2026-000237,2026-07-16,2026-07-16,2026-07-17,2026-07-17,2026-07-30,2026-08-03,Administrative,Standard,PAY-01,TM-01,TM-02,Closed,Upheld,30,Yes,No,No,1,0,RC-04,Yes,18.0,0,1,0,13.0,4.0,Yes,20,Moderate friction
APL-2026-003262,2026-05-15,2026-05-15,2026-05-18,2026-05-21,2026-05-28,2026-05-28,Authorization,Urgent,PAY-03,TM-04,TM-04,Closed,Partially Overturned,7,Yes,No,No,0,0,RC-08,Yes,13.0,0,3,3,7.0,0.0,No,0,Low friction
APL-2026-000821,2026-01-02,2026-01-02,2026-01-05,2026-01-07,2026-01-20,2026-01-20,Administrative,Low,PAY-04,TM-01,TM-01,Closed,Overturned,30,Yes,No,No,0,0,RC-13,Yes,18.0,0,3,2,13.0,0.0,Yes,0,Low friction
APL-2026-003897,2026-09-08,2026-09-09,2026-09-10,2026-09-11,,,Authorization,Standard,PAY-01,TM-04,TM-07,Escalated,,7,Yes,No,No,1,0,RC-04,Yes,,1,1,1,,,,10,Low friction
APL-2026-002454,2026-02-08,2026-02-08,2026-02-10,2026-02-12,2026-02-19,2026-02-23,Administrative,Standard,PAY-05,TM-01,TM-01,Closed,Partially Overturned,30,Yes,No,No,0,0,RC-08,Yes,15.0,0,2,2,7.0,4.0,Yes,10,Low friction
APL-2026-003829,2026-09-17,2026-09-18,2026-09-23,2026-09-23,,,Clinical,Standard,PAY-01,TM-02,TM-06,Pending Information,,14,Yes,No,No,1,0,RC-04,No,,1,5,0,,,,30,Moderate friction
APL-2026-003379,2026-09-13,2026-09-13,2026-09-14,2026-09-14,2026-09-15,2026-09-15,Administrative,Standard,PAY-02,TM-01,TM-01,Closed,Partially Overturned,30,Yes,No,No,0,0,RC-06,Yes,2.0,0,1,0,1.0,0.0,Yes,0,Low friction
APL-2026-003390,2026-09-13,2026-09-13,2026-09-17,2026-09-18,2026-09-23,2026-09-23,Clinical,Urgent,PAY-02,TM-02,TM-08,Closed,Upheld,7,Yes,No,No,1,0,RC-02,No,10.0,0,4,1,5.0,0.0,No,30,Moderate friction
APL-2026-000378,2026-03-23,2026-03-23,2026-03-24,2026-03-26,2026-04-16,2026-04-20,Authorization,Low,PAY-06,TM-04,TM-04,Closed,Upheld,7,Yes,No,No,0,0,RC-06,Yes,28.0,0,1,2,21.0,4.0,No,10,Low friction
APL-2026-000449,2026-06-22,2026-06-22,2026-06-23,2026-06-26,2026-07-03,2026-07-06,Pharmacy,Standard,PAY-01,TM-05,TM-05,Closed,Partially Overturned,7,Yes,No,No,0,0,RC-06,Yes,14.0,0,1,3,7.0,3.0,No,10,Low friction
APL-2026-001731,2026-07-09,2026-07-09,2026-07-10,2026-07-13,2026-07-23,2026-07-23,Authorization,Standard,PAY-07,TM-04,TM-02,Closed,Overturned,7,Yes,No,No,1,0,RC-04,No,14.0,0,1,3,10.0,0.0,No,30,Moderate friction
APL-2026-002645,2026-01-26,2026-01-27,2026-02-02,2026-02-03,2026-02-04,2026-02-04,Clinical,Low,PAY-01,TM-02,TM-02,Closed,Upheld,14,Yes,No,No,0,0,RC-10,Yes,9.0,1,6,1,1.0,0.0,Yes,0,Low friction
APL-2026-000839,2026-03-22,2026-03-22,2026-03-24,2026-03-26,2026-04-03,2026-04-03,Administrative,Standard,PAY-03,TM-07,TM-07,Closed,Upheld,30,Yes,No,No,0,0,RC-04,Yes,12.0,0,2,2,8.0,0.0,Yes,0,Low friction
APL-2026-000822,2026-04-06,2026-04-06,2026-04-10,2026-04-13,2026-04-22,2026-04-23,Pharmacy,Urgent,PAY-01,TM-05,TM-05,Closed,Upheld,7,Yes,No,No,0,0,RC-12,Yes,17.0,0,4,3,9.0,1.0,No,0,Low friction
APL-2026-000408,2026-08-21,2026-08-24,2026-08-24,2026-08-25,2026-09-02,2026-09-09,Pharmacy,Urgent,PAY-02,TM-05,TM-08,Closed,Upheld,7,Yes,No,No,1,0,RC-10,Yes,19.0,3,0,1,8.0,7.0,No,20,Moderate friction
APL-2026-002992,2026-05-29,2026-06-01,2026-06-04,2026-06-05,2026-06-19,2026-06-22,Administrative,Standard,PAY-01,TM-01,TM-06,Closed,Upheld,30,No,No,No,1,6,RC-01,No,24.0,3,3,1,14.0,3.0,Yes,85,Critical friction
APL-2026-001913,2026-06-03,2026-06-03,2026-06-03,2026-06-04,2026-06-17,2026-06-17,Authorization,Urgent,PAY-05,TM-04,TM-04,Closed,Partially Overturned,7,Yes,No,No,0,0,RC-12,Yes,14.0,0,0,1,13.0,0.0,No,0,Low friction
APL-2026-001912,2026-02-09,2026-02-09,2026-02-11,2026-02-12,2026-03-06,2026-03-06,Clinical,Urgent,PAY-02,TM-03,TM-03,Closed,Overturned,7,No,Yes,No,0,10,RC-05,Yes,25.0,0,2,1,22.0,0.0,No,45,High friction
APL-2026-001484,2026-09-14,2026-09-14,2026-09-14,2026-09-16,2026-09-25,2026-09-25,Authorization,Standard,PAY-05,TM-04,TM-04,Closed,Overturned,7,Yes,No,No,0,0,RC-07,Yes,11.0,0,0,2,9.0,0.0,No,0,Low friction
APL-2026-000612,2026-03-28,2026-03-30,2026-03-31,2026-04-02,2026-04-09,2026-04-13,Pharmacy,Standard,PAY-03,TM-05,TM-05,Closed,Partially Overturned,7,Yes,No,No,0,0,RC-06,Yes,16.0,2,1,2,7.0,4.0,No,10,Low friction
APL-2026-001027,2026-07-25,2026-07-27,2026-07-31,2026-07-31,2026-08-06,2026-08-06,Authorization,Standard,PAY-04,TM-04,TM-04,Closed,Overturned,7,Yes,No,No,0,0,RC-03,Yes,12.0,2,4,0,6.0,0.0,No,0,Low friction
APL-2026-001943,2026-09-29,2026-09-30,2026-09-30,2026-09-30,,,Administrative,Standard,PAY-01,TM-01,TM-04,Pending Information,,30,Yes,No,No,1,0,RC-08,Yes,,1,0,0,,,,10,Low friction
APL-2026-000440,2026-04-16,2026-04-16,2026-04-21,2026-04-23,2026-05-12,2026-05-13,Authorization,Standard,PAY-01,TM-04,TM-07,Closed,Upheld,7,No,No,No,2,0,RC-04,No,27.0,0,5,2,19.0,1.0,No,65,Critical friction
APL-2026-002312,2026-04-24,2026-04-28,2026-04-29,2026-04-30,2026-05-01,2026-05-01,Pharmacy,Standard,PAY-06,TM-05,TM-05,Closed,Upheld,7,Yes,No,No,0,0,RC-04,Yes,7.0,4,1,1,1.0,0.0,Yes,0,Low friction
APL-2026-000603,2026-05-02,2026-05-04,2026-05-06,2026-05-07,2026-05-14,2026-05-15,Claims Payment,Urgent,PAY-07,TM-01,TM-01,Closed,Partially Overturned,7,Yes,No,No,0,0,RC-06,Yes,13.0,2,2,1,7.0,1.0,No,0,Low friction
APL-2026-002121,2026-05-12,2026-05-12,2026-05-13,2026-05-15,2026-05-18,2026-05-25,Clinical,Standard,PAY-06,TM-07,TM-07,Closed,Upheld,14,Yes,No,No,0,0,RC-02,Yes,13.0,0,1,2,3.0,7.0,Yes,10,Low friction
APL-2026-003080,2026-08-12,2026-08-12,2026-08-12,2026-08-13,2026-08-26,2026-08-26,Clinical,Low,PAY-02,TM-02,TM-02,Closed,Upheld,14,Yes,No,No,0,0,RC-09,Yes,14.0,0,0,1,13.0,0.0,Yes,0,Low friction
APL-2026-000782,2026-01-23,2026-01-27,2026-01-28,2026-01-29,2026-02-18,2026-02-20,Clinical,Standard,PAY-03,TM-07,TM-07,Closed,Overturned,14,No,No,Yes,0,11,RC-12,Yes,28.0,4,1,1,20.0,2.0,No,60,Critical friction
APL-2026-001655,2026-03-04,2026-03-06,2026-03-10,2026-03-11,2026-03-20,2026-03-23,Clinical,Standard,PAY-03,TM-07,TM-03,Closed,Overturned,14,Yes,No,No,1,0,RC-01,No,19.0,2,4,1,9.0,3.0,No,40,High friction
APL-2026-001794,2026-07-18,2026-07-18,2026-07-21,2026-07-22,2026-07-29,2026-07-31,Pharmacy,Low,PAY-02,TM-05,TM-05,Closed,Overturned,7,Yes,No,No,0,0,RC-15,Yes,13.0,0,3,1,7.0,2.0,No,0,Low friction
APL-2026-001399,2026-05-14,2026-05-15,2026-05-19,2026-05-19,2026-05-20,2026-05-20,Clinical,Standard,PAY-03,TM-07,TM-07,Closed,Partially Overturned,14,Yes,No,No,0,0,RC-04,Yes,6.0,1,4,0,1.0,0.0,Yes,0,Low friction
APL-2026-002831,2026-01-09,2026-01-09,2026-01-12,2026-01-15,2026-01-16,2026-01-19,Administrative,Standard,PAY-06,TM-07,TM-07,Closed,Overturned,30,Yes,No,No,0,0,RC-14,Yes,10.0,0,3,3,1.0,3.0,Yes,10,Low friction
APL-2026-001315,2026-07-14,2026-07-15,2026-07-17,2026-07-17,2026-07-21,2026-07-28,Clinical,Low,PAY-01,TM-03,TM-03,Closed,Upheld,14,Yes,No,No,0,0,RC-06,Yes,14.0,1,2,0,4.0,7.0,Yes,10,Low friction
APL-2026-000329,2026-08-12,2026-08-12,2026-08-12,2026-08-12,2026-08-13,2026-08-14,Administrative,Urgent,PAY-06,TM-07,TM-07,Closed,Upheld,7,Yes,No,No,0,0,RC-09,Yes,2.0,0,0,0,1.0,1.0,Yes,0,Low friction
APL-2026-003645,2026-02-02,2026-02-02,2026-02-03,2026-02-05,2026-02-20,2026-02-23,Administrative,Low,PAY-02,TM-01,TM-01,Closed,Partially Overturned,30,No,Yes,No,0,0,RC-01,Yes,21.0,0,1,2,15.0,3.0,Yes,35,Moderate friction
APL-2026-003108,2026-05-25,2026-05-25,2026-05-25,2026-05-26,2026-06-03,2026-06-03,Pharmacy,Standard,PAY-01,TM-05,TM-05,Closed,Overturned,7,Yes,No,No,0,0,RC-06,Yes,9.0,0,0,1,8.0,0.0,No,0,Low friction
APL-2026-002907,2026-02-23,2026-02-24,2026-02-26,2026-03-02,2026-03-09,2026-03-10,Clinical,Standard,PAY-05,TM-02,TM-02,Closed,Upheld,14,Yes,No,No,0,0,RC-01,Yes,15.0,1,2,4,7.0,1.0,No,0,Low friction
APL-2026-000917,2026-02-24,2026-02-24,2026-02-26,2026-03-02,2026-03-11,2026-03-11,Clinical,Standard,PAY-03,TM-07,TM-07,Closed,Partially Overturned,14,Yes,No,No,0,0,RC-12,Yes,15.0,0,2,4,9.0,0.0,No,0,Low friction
APL-2026-000871,2026-02-06,2026-02-06,2026-02-06,2026-02-09,2026-02-19,2026-02-20,Clinical,Urgent,PAY-02,TM-02,TM-08,Closed,Upheld,7,No,No,No,1,0,RC-06,Yes,14.0,0,0,3,10.0,1.0,No,35,Moderate friction
APL-2026-003600,2026-03-22,2026-03-22,2026-03-22,2026-03-23,2026-03-31,2026-03-31,Authorization,Standard,PAY-01,TM-04,TM-06,Closed,Upheld,7,Yes,No,No,1,0,RC-04,Yes,9.0,0,0,1,8.0,0.0,No,10,Low friction
APL-2026-003895,2026-07-15,2026-07-15,2026-07-16,2026-07-20,2026-07-30,2026-07-30,Administrative,Standard,PAY-07,TM-01,TM-01,Closed,Overturned,30,Yes,No,Yes,0,0,RC-01,Yes,15.0,0,1,4,10.0,0.0,Yes,15,Low friction
APL-2026-001707,2026-06-22,2026-06-22,2026-06-22,2026-06-24,2026-07-13,2026-07-14,Clinical,Standard,PAY-04,TM-03,TM-03,Closed,Partially Overturned,14,No,No,Yes,0,6,RC-05,Yes,22.0,0,0,2,19.0,1.0,No,60,Critical friction
APL-2026-003174,2026-09-04,2026-09-08,2026-09-09,2026-09-09,2026-09-15,2026-09-17,Claims Payment,Standard,PAY-04,TM-01,TM-01,Closed,Partially Overturned,30,Yes,No,No,0,0,RC-14,Yes,13.0,4,1,0,6.0,2.0,Yes,0,Low friction
APL-2026-001042,2026-08-09,2026-08-11,2026-08-11,2026-08-12,2026-08-14,2026-08-21,Authorization,Standard,PAY-04,TM-04,TM-04,Closed,Upheld,7,No,No,No,0,0,RC-08,Yes,12.0,2,0,1,2.0,7.0,No,35,Moderate friction
APL-2026-001415,2026-04-04,2026-04-04,2026-04-06,2026-04-06,2026-04-15,2026-04-15,Authorization,Standard,PAY-01,TM-04,TM-04,Closed,Upheld,7,Yes,No,No,0,0,RC-14,Yes,11.0,0,2,0,9.0,0.0,No,0,Low friction
APL-2026-001962,2026-04-02,2026-04-02,2026-04-02,2026-04-02,2026-04-06,2026-04-07,Administrative,Standard,PAY-02,TM-01,TM-01,Closed,Overturned,30,Yes,No,No,0,0,RC-13,Yes,5.0,0,0,0,4.0,1.0,Yes,0,Low friction
APL-2026-001549,2026-07-10,2026-07-14,2026-07-17,2026-07-17,2026-07-29,2026-07-31,Authorization,Urgent,PAY-03,TM-04,TM-01,Closed,Overturned,7,Yes,No,No,3,0,RC-01,No,21.0,4,3,0,12.0,2.0,No,50,High friction
APL-2026-000719,2026-06-05,2026-06-05,2026-06-05,2026-06-08,2026-06-09,2026-06-11,Clinical,Urgent,PAY-01,TM-02,TM-02,Closed,Partially Overturned,7,Yes,No,No,0,0,RC-02,Yes,6.0,0,0,3,1.0,2.0,Yes,0,Low friction
APL-2026-002299,2026-09-12,2026-09-15,2026-09-17,2026-09-22,,,Clinical,Standard,PAY-02,TM-02,TM-05,Escalated,,14,Yes,Yes,Yes,1,0,RC-12,Yes,,3,2,5,,,,25,Moderate friction
APL-2026-002767,2026-07-23,2026-07-23,2026-07-29,2026-07-30,2026-08-13,2026-08-14,Clinical,Standard,PAY-01,TM-03,TM-03,Closed,Upheld,14,Yes,No,No,0,0,RC-07,Yes,22.0,0,6,1,14.0,1.0,No,0,Low friction
APL-2026-001162,2026-04-20,2026-04-20,2026-04-21,2026-04-24,2026-04-30,2026-04-30,Clinical,Standard,PAY-06,TM-07,TM-07,Closed,Upheld,14,Yes,No,No,0,0,RC-05,Yes,10.0,0,1,3,6.0,0.0,Yes,0,Low friction
APL-2026-000405,2026-08-17,2026-08-18,2026-08-20,2026-08-21,2026-08-24,2026-08-24,Claims Payment,Urgent,PAY-05,TM-01,TM-01,Closed,Overturned,7,Yes,No,No,0,0,RC-06,Yes,7.0,1,2,1,3.0,0.0,Yes,0,Low friction
APL-2026-002731,2026-05-04,2026-05-04,2026-05-08,2026-05-12,2026-05-25,2026-05-26,Claims Payment,Standard,PAY-01,TM-01,TM-07,Closed,Upheld,30,Yes,No,No,3,0,RC-01,No,22.0,0,4,4,13.0,1.0,Yes,50,High friction
APL-2026-003678,2026-09-15,2026-09-16,2026-09-16,2026-09-16,2026-09-21,2026-09-22,Claims Payment,Standard,PAY-01,TM-01,TM-01,Closed,Overturned,30,Yes,No,No,0,0,RC-09,Yes,7.0,1,0,0,5.0,1.0,Yes,0,Low friction
APL-2026-000529,2026-03-06,2026-03-09,2026-03-11,2026-03-11,2026-03-16,2026-03-17,Authorization,Standard,PAY-04,TM-04,TM-04,Closed,Upheld,7,Yes,No,No,0,0,RC-04,Yes,11.0,3,2,0,5.0,1.0,No,0,Low friction
APL-2026-000825,2026-03-23,2026-03-24,2026-03-30,2026-04-02,2026-04-06,2026-04-06,Clinical,Standard,PAY-01,TM-02,TM-02,Closed,Overturned,14,Yes,No,No,0,0,RC-06,Yes,14.0,1,6,3,4.0,0.0,Yes,0,Low friction
APL-2026-000123,2026-03-22,2026-03-23,2026-03-26,2026-03-30,2026-04-08,2026-04-08,Claims Payment,Low,PAY-03,TM-07,TM-05,Closed,Overturned,30,Yes,No,No,1,0,RC-03,No,17.0,1,3,4,9.0,0.0,Yes,30,Moderate friction
APL-2026-000323,2026-05-08,2026-05-08,2026-05-11,2026-05-12,2026-05-15,2026-05-15,Clinical,Standard,PAY-02,TM-02,TM-02,Closed,Overturned,14,Yes,No,No,0,0,RC-10,Yes,7.0,0,3,1,3.0,0.0,Yes,0,Low friction
APL-2026-002873,2026-06-07,2026-06-07,2026-06-09,2026-06-11,2026-06-18,2026-06-18,Pharmacy,Standard,PAY-02,TM-05,TM-05,Closed,Upheld,7,Yes,No,No,0,0,RC-03,Yes,11.0,0,2,2,7.0,0.0,No,0,Low friction
APL-2026-003581,2026-09-25,2026-09-25,2026-10-05,2026-10-06,,,Clinical,Standard,PAY-02,TM-02,TM-07,In Review,,14,Yes,No,No,1,0,RC-12,No,,0,10,1,,,,30,Moderate friction
APL-2026-003489,2026-09-19,2026-09-22,2026-09-23,2026-09-24,2026-09-28,2026-09-29,Administrative,Low,PAY-05,TM-01,TM-01,Closed,Upheld,30,Yes,No,No,0,0,RC-01,Yes,10.0,3,1,1,4.0,1.0,Yes,0,Low friction
APL-2026-003117,2026-02-02,2026-02-03,2026-02-04,2026-02-04,2026-02-05,2026-02-05,Clinical,Low,PAY-07,TM-03,TM-03,Closed,Upheld,14,Yes,No,No,0,0,RC-05,Yes,3.0,1,1,0,1.0,0.0,Yes,0,Low friction
APL-2026-001228,2026-03-02,2026-03-04,2026-03-04,2026-03-06,2026-03-24,2026-03-25,Clinical,Standard,PAY-03,TM-07,TM-06,Closed,Upheld,14,Yes,No,No,1,0,RC-02,Yes,23.0,2,0,2,18.0,1.0,No,10,Low friction
APL-2026-003414,2026-07-11,2026-07-13,2026-07-14,2026-07-15,2026-07-24,2026-07-24,Clinical,Standard,PAY-03,TM-07,TM-07,Closed,Overturned,14,Yes,No,Yes,0,0,RC-07,Yes,13.0,2,1,1,9.0,0.0,Yes,15,Low friction
APL-2026-000438,2026-08-20,2026-08-21,2026-08-27,2026-08-28,2026-09-02,2026-09-02,Administrative,Standard,PAY-07,TM-01,TM-01,Closed,Upheld,30,Yes,No,No,0,0,RC-04,Yes,13.0,1,6,1,5.0,0.0,Yes,0,Low friction
APL-2026-002201,2026-06-05,2026-06-09,2026-06-10,2026-06-10,2026-06-11,2026-06-11,Clinical,Standard,PAY-03,TM-07,TM-07,Closed,Overturned,14,Yes,No,No,0,0,RC-11,Yes,6.0,4,1,0,1.0,0.0,Yes,0,Low friction
APL-2026-003572,2026-08-04,2026-08-04,2026-08-05,2026-08-06,2026-08-11,2026-08-11,Clinical,Standard,PAY-03,TM-07,TM-07,Closed,Partially Overturned,14,Yes,No,No,0,0,RC-09,Yes,7.0,0,1,1,5.0,0.0,Yes,0,Low friction
APL-2026-001152,2026-06-09,2026-06-09,2026-06-15,2026-06-16,2026-06-19,2026-06-22,Clinical,Standard,PAY-06,TM-07,TM-07,Closed,Overturned,14,Yes,Yes,No,0,0,RC-01,Yes,13.0,0,6,1,3.0,3.0,Yes,10,Low friction
APL-2026-000491,2026-01-25,2026-01-26,2026-01-28,2026-02-02,2026-02-06,2026-02-06,Authorization,Urgent,PAY-03,TM-04,TM-04,Closed,Overturned,7,Yes,No,No,0,0,RC-02,Yes,12.0,1,2,5,4.0,0.0,No,0,Low friction
APL-2026-001283,2026-08-02,2026-08-04,2026-08-04,2026-08-05,2026-08-06,2026-08-07,Pharmacy,Standard,PAY-04,TM-05,TM-05,Closed,Upheld,7,Yes,No,No,0,0,RC-02,Yes,5.0,2,0,1,1.0,1.0,Yes,0,Low friction
APL-2026-000476,2026-09-09,2026-09-09,2026-09-09,2026-09-09,2026-09-14,2026-09-16,Clinical,Standard,PAY-01,TM-03,TM-03,Closed,Upheld,14,Yes,No,No,0,0,RC-05,Yes,7.0,0,0,0,5.0,2.0,Yes,0,Low friction
APL-2026-003869,2026-01-17,2026-01-19,2026-01-23,2026-01-27,2026-02-03,2026-02-04,Clinical,Low,PAY-05,TM-02,TM-02,Closed,Upheld,14,Yes,No,No,0,0,RC-03,Yes,18.0,2,4,4,7.0,1.0,No,0,Low friction
APL-2026-000404,2026-06-22,2026-06-23,2026-06-25,2026-06-29,2026-07-07,2026-07-14,Administrative,Standard,PAY-05,TM-01,TM-01,Closed,Upheld,30,Yes,No,No,0,0,RC-04,Yes,22.0,1,2,4,8.0,7.0,Yes,10,Low friction
APL-2026-002906,2026-05-15,2026-05-15,2026-05-18,2026-05-19,2026-05-22,2026-05-25,Administrative,Standard,PAY-02,TM-01,TM-01,Closed,Upheld,30,Yes,No,No,0,0,RC-01,Yes,10.0,0,3,1,3.0,3.0,Yes,10,Low friction
APL-2026-000199,2026-08-24,2026-08-24,2026-08-27,2026-08-28,2026-09-09,2026-09-11,Clinical,Urgent,PAY-03,TM-07,TM-08,Closed,Upheld,7,Yes,No,No,2,0,RC-03,No,18.0,0,3,1,12.0,2.0,No,40,High friction
APL-2026-003880,2026-04-28,2026-04-29,2026-04-29,2026-05-01,2026-05-05,2026-05-07,Clinical,Standard,PAY-01,TM-02,TM-02,Closed,Upheld,14,No,No,No,0,0,RC-01,Yes,9.0,1,0,2,4.0,2.0,Yes,25,Moderate friction
APL-2026-001835,2026-03-17,2026-03-18,2026-03-20,2026-03-20,2026-04-06,2026-04-06,Clinical,Standard,PAY-03,TM-07,TM-07,Closed,Overturned,14,No,Yes,No,0,3,RC-02,Yes,20.0,1,2,0,17.0,0.0,No,25,Moderate friction
APL-2026-001120,2026-05-30,2026-05-30,2026-05-30,2026-06-03,2026-06-16,2026-06-17,Administrative,Urgent,PAY-07,TM-01,TM-01,Closed,Overturned,7,Yes,No,No,0,0,RC-05,Yes,18.0,0,0,4,13.0,1.0,No,0,Low friction
APL-2026-002883,2026-04-20,2026-04-21,2026-04-28,2026-04-29,2026-06-15,2026-06-17,Administrative,Standard,PAY-06,TM-07,TM-08,Closed,Upheld,30,No,Yes,No,1,14,RC-05,No,58.0,1,7,1,47.0,2.0,No,75,Critical friction
APL-2026-001603,2026-08-06,2026-08-07,2026-08-07,2026-08-10,2026-08-24,2026-08-24,Administrative,Urgent,PAY-03,TM-07,TM-07,Closed,Partially Overturned,7,Yes,Yes,No,0,0,RC-02,Yes,18.0,1,0,3,14.0,0.0,No,0,Low friction
APL-2026-000372,2026-04-07,2026-04-07,2026-04-08,2026-04-08,2026-04-14,2026-04-21,Authorization,Standard,PAY-04,TM-04,TM-01,Closed,Partially Overturned,7,Yes,No,No,1,0,RC-15,Yes,14.0,0,1,0,6.0,7.0,No,20,Moderate friction
APL-2026-001704,2026-06-24,2026-06-25,2026-06-25,2026-06-25,2026-07-03,2026-07-06,Clinical,Low,PAY-02,TM-03,TM-03,Closed,Overturned,14,Yes,No,No,0,0,RC-13,Yes,12.0,1,0,0,8.0,3.0,Yes,10,Low friction
APL-2026-000446,2026-06-06,2026-06-08,2026-06-09,2026-06-10,2026-06-17,2026-06-19,Claims Payment,Standard,PAY-03,TM-07,TM-06,Closed,Overturned,30,Yes,No,No,1,0,RC-04,No,13.0,2,1,1,7.0,2.0,Yes,30,Moderate friction
APL-2026-000350,2026-01-21,2026-01-22,2026-01-23,2026-01-23,2026-01-27,2026-01-27,Authorization,Standard,PAY-02,TM-04,TM-04,Closed,Upheld,7,Yes,No,No,0,0,RC-01,Yes,6.0,1,1,0,4.0,0.0,Yes,0,Low friction
APL-2026-001935,2026-07-10,2026-07-10,2026-07-13,2026-07-13,2026-07-16,2026-07-16,Clinical,Urgent,PAY-04,TM-03,TM-03,Closed,Partially Overturned,7,No,Yes,No,0,0,RC-12,Yes,6.0,0,3,0,3.0,0.0,Yes,25,Moderate friction
APL-2026-002553,2026-04-01,2026-04-01,2026-04-01,2026-04-02,2026-04-16,2026-04-23,Administrative,Urgent,PAY-01,TM-01,TM-01,Closed,Upheld,7,No,Yes,No,0,2,RC-05,Yes,22.0,0,0,1,14.0,7.0,No,35,Moderate friction
APL-2026-002694,2026-04-28,2026-04-29,2026-04-29,2026-05-01,2026-05-11,2026-05-12,Clinical,Low,PAY-06,TM-07,TM-07,Closed,Upheld,14,No,No,Yes,0,0,RC-12,Yes,14.0,1,0,2,10.0,1.0,Yes,40,High friction
APL-2026-001931,2026-07-27,2026-07-27,2026-07-27,2026-07-27,2026-07-29,2026-07-31,Pharmacy,Standard,PAY-05,TM-05,TM-05,Closed,Upheld,7,Yes,No,No,0,0,RC-02,Yes,4.0,0,0,0,2.0,2.0,Yes,0,Low friction
APL-2026-002190,2026-04-02,2026-04-02,2026-04-02,2026-04-07,2026-04-14,2026-04-14,Administrative,Standard,PAY-05,TM-01,TM-01,Closed,Upheld,30,Yes,No,No,0,0,RC-11,Yes,12.0,0,0,5,7.0,0.0,Yes,0,Low friction
APL-2026-003286,2026-01-29,2026-01-29,2026-01-29,2026-01-29,2026-02-04,2026-02-11,Claims Payment,Low,PAY-03,TM-07,TM-07,Closed,Upheld,30,Yes,No,No,0,0,RC-04,Yes,13.0,0,0,0,6.0,7.0,Yes,10,Low friction
APL-2026-001891,2026-09-14,2026-09-15,2026-09-17,2026-09-18,2026-09-21,2026-09-23,Clinical,Standard,PAY-05,TM-03,TM-03,Closed,Upheld,14,Yes,No,No,0,0,RC-01,Yes,9.0,1,2,1,3.0,2.0,Yes,0,Low friction
APL-2026-003994,2026-03-06,2026-03-09,2026-03-11,2026-03-11,2026-03-12,2026-03-19,Administrative,Standard,PAY-05,TM-01,TM-01,Closed,Upheld,30,No,No,No,0,0,RC-02,Yes,13.0,3,2,0,1.0,7.0,Yes,35,Moderate friction
APL-2026-002564,2026-02-11,2026-02-13,2026-02-19,2026-02-20,2026-02-26,2026-02-26,Authorization,Standard,PAY-07,TM-04,TM-04,Closed,Upheld,7,Yes,No,No,0,0,RC-07,Yes,15.0,2,6,1,6.0,0.0,No,0,Low friction
APL-2026-002308,2026-03-06,2026-03-06,2026-03-06,2026-03-10,2026-03-23,2026-03-23,Administrative,Standard,PAY-01,TM-01,TM-01,Closed,Upheld,30,No,No,No,0,2,RC-02,Yes,17.0,0,0,4,13.0,0.0,Yes,25,Moderate friction
APL-2026-000627,2026-05-06,2026-05-06,2026-05-06,2026-05-07,2026-05-12,2026-05-13,Clinical,Standard,PAY-02,TM-03,TM-03,Closed,Upheld,14,Yes,No,No,0,0,RC-05,Yes,7.0,0,0,1,5.0,1.0,Yes,0,Low friction
APL-2026-001002,2026-03-12,2026-03-12,2026-03-12,2026-03-13,2026-04-09,2026-04-13,Authorization,Standard,PAY-05,TM-04,TM-04,Closed,Upheld,7,No,Yes,Yes,0,6,RC-05,Yes,32.0,0,0,1,27.0,4.0,No,70,Critical friction
APL-2026-000977,2026-08-25,2026-08-25,2026-08-27,2026-08-31,2026-09-07,2026-09-07,Clinical,Standard,PAY-01,TM-03,TM-03,Closed,Upheld,14,No,No,No,0,1,RC-07,Yes,13.0,0,2,4,7.0,0.0,Yes,25,Moderate friction
APL-2026-003501,2026-04-25,2026-04-28,2026-04-28,2026-05-01,2026-05-07,2026-05-14,Authorization,Standard,PAY-04,TM-04,TM-04,Closed,Overturned,7,Yes,No,No,0,0,RC-05,Yes,19.0,3,0,3,6.0,7.0,No,10,Low friction
APL-2026-003579,2026-03-20,2026-03-20,2026-03-26,2026-03-30,2026-05-11,2026-05-13,Clinical,Low,PAY-03,TM-07,TM-07,Closed,Upheld,14,No,Yes,No,0,8,RC-08,Yes,54.0,0,6,4,42.0,2.0,No,45,High friction
APL-2026-003346,2026-02-05,2026-02-05,2026-02-05,2026-02-09,2026-02-18,2026-02-25,Administrative,Urgent,PAY-02,TM-01,TM-01,Closed,Upheld,7,Yes,No,No,0,0,RC-03,Yes,20.0,0,0,4,9.0,7.0,No,10,Low friction
APL-2026-002691,2026-05-05,2026-05-05,2026-05-11,2026-05-14,2026-05-28,2026-05-28,Clinical,Standard,PAY-03,TM-07,TM-02,Closed,Upheld,14,Yes,Yes,No,1,0,RC-05,Yes,23.0,0,6,3,14.0,0.0,No,10,Low friction
APL-2026-001404,2026-03-06,2026-03-06,2026-03-06,2026-03-09,2026-03-19,2026-03-23,Clinical,Standard,PAY-01,TM-02,TM-02,Closed,Overturned,14,Yes,No,Yes,0,0,RC-01,Yes,17.0,0,0,3,10.0,4.0,No,25,Moderate friction
APL-2026-001822,2026-08-16,2026-08-18,2026-08-24,2026-08-25,2026-08-28,2026-08-28,Authorization,Standard,PAY-05,TM-04,TM-04,Closed,Upheld,7,Yes,No,No,0,0,RC-02,Yes,12.0,2,6,1,3.0,0.0,No,0,Low friction
APL-2026-002633,2026-07-01,2026-07-01,2026-07-03,2026-07-07,2026-07-10,2026-07-10,Clinical,Standard,PAY-06,TM-07,TM-07,Closed,Upheld,14,Yes,No,No,0,0,RC-02,Yes,9.0,0,2,4,3.0,0.0,Yes,0,Low friction
APL-2026-003513,2026-02-21,2026-02-21,2026-02-21,2026-02-24,2026-02-27,2026-02-27,Clinical,Standard,PAY-05,TM-02,TM-04,Closed,Upheld,14,Yes,No,No,1,0,RC-01,Yes,6.0,0,0,3,3.0,0.0,Yes,10,Low friction
APL-2026-001355,2026-03-02,2026-03-02,2026-03-06,2026-03-09,2026-03-19,2026-03-19,Authorization,Standard,PAY-06,TM-04,TM-03,Closed,Upheld,7,No,No,No,2,0,RC-03,No,17.0,0,4,3,10.0,0.0,No,65,Critical friction
APL-2026-003492,2026-03-19,2026-03-23,2026-03-24,2026-03-24,2026-03-26,2026-03-26,Clinical,Standard,PAY-06,TM-07,TM-07,Closed,Upheld,14,Yes,No,No,0,0,RC-08,Yes,7.0,4,1,0,2.0,0.0,Yes,0,Low friction
APL-2026-002761,2026-03-02,2026-03-03,2026-03-05,2026-03-06,2026-03-12,2026-03-13,Clinical,Standard,PAY-04,TM-02,TM-02,Closed,Upheld,14,Yes,No,No,0,0,RC-07,Yes,11.0,1,2,1,6.0,1.0,Yes,0,Low friction
APL-2026-003784,2026-02-14,2026-02-16,2026-02-18,2026-02-18,2026-02-27,2026-03-03,Clinical,Standard,PAY-04,TM-02,TM-02,Closed,Overturned,14,Yes,Yes,No,0,0,RC-05,Yes,17.0,2,2,0,9.0,4.0,No,10,Low friction
APL-2026-001411,2026-08-08,2026-08-08,2026-08-10,2026-08-11,2026-08-14,2026-08-17,Claims Payment,Standard,PAY-04,TM-01,TM-08,Closed,Partially Overturned,30,Yes,No,No,1,0,RC-04,No,9.0,0,2,1,3.0,3.0,Yes,40,High friction
APL-2026-000070,2026-09-08,2026-09-09,2026-09-15,2026-09-16,2026-09-28,2026-09-29,Pharmacy,Standard,PAY-06,TM-05,TM-01,Closed,Upheld,7,Yes,No,Yes,1,0,RC-10,Yes,21.0,1,6,1,12.0,1.0,No,25,Moderate friction
APL-2026-001903,2026-03-06,2026-03-09,2026-03-10,2026-03-12,2026-03-26,2026-03-30,Clinical,Standard,PAY-05,TM-02,TM-02,Closed,Upheld,14,No,No,No,0,6,RC-01,Yes,24.0,3,1,2,14.0,4.0,No,55,High friction
APL-2026-000968,2026-01-13,2026-01-13,2026-01-13,2026-01-13,2026-01-16,2026-01-19,Clinical,Standard,PAY-01,TM-02,TM-02,Closed,Partially Overturned,14,Yes,No,No,0,0,RC-12,Yes,6.0,0,0,0,3.0,3.0,Yes,10,Low friction
APL-2026-001387,2026-03-13,2026-03-16,2026-03-17,2026-03-17,2026-03-19,2026-03-20,Administrative,Standard,PAY-05,TM-01,TM-01,Closed,Overturned,30,Yes,No,No,0,0,RC-03,Yes,7.0,3,1,0,2.0,1.0,Yes,0,Low friction
APL-2026-002056,2026-05-31,2026-05-31,2026-06-01,2026-06-02,2026-06-10,2026-06-10,Administrative,Standard,PAY-02,TM-01,TM-01,Closed,Upheld,30,Yes,Yes,No,0,0,RC-02,Yes,10.0,0,1,1,8.0,0.0,Yes,0,Low friction
APL-2026-003039,2026-01-07,2026-01-07,2026-01-07,2026-01-07,2026-02-12,2026-02-12,Authorization,Standard,PAY-04,TM-04,TM-04,Closed,Upheld,7,No,Yes,No,0,8,RC-05,Yes,36.0,0,0,0,36.0,0.0,No,45,High friction
APL-2026-000262,2026-08-05,2026-08-07,2026-08-12,2026-08-17,2026-08-26,2026-08-26,Administrative,Standard,PAY-03,TM-07,TM-06,Closed,Upheld,30,Yes,No,No,1,0,RC-06,No,21.0,2,5,5,9.0,0.0,Yes,30,Moderate friction
APL-2026-000286,2026-02-13,2026-02-16,2026-02-17,2026-02-20,2026-03-11,2026-03-11,Clinical,Standard,PAY-03,TM-07,TM-07,Closed,Upheld,14,No,Yes,No,0,8,RC-15,Yes,26.0,3,1,3,19.0,0.0,No,45,High friction
APL-2026-003659,2026-03-11,2026-03-11,2026-03-12,2026-03-13,2026-03-26,2026-03-27,Authorization,Low,PAY-03,TM-04,TM-04,Closed,Upheld,7,Yes,No,No,0,0,RC-11,Yes,16.0,0,1,1,13.0,1.0,No,0,Low friction
APL-2026-001780,2026-06-08,2026-06-08,2026-06-12,2026-06-17,2026-06-22,2026-06-29,Authorization,Standard,PAY-02,TM-04,TM-04,Closed,Overturned,7,Yes,No,No,0,0,RC-08,Yes,21.0,0,4,5,5.0,7.0,No,10,Low friction
APL-2026-003945,2026-09-25,2026-09-29,2026-09-30,2026-10-02,,,Authorization,Urgent,PAY-04,TM-04,TM-02,In Review,,7,Yes,No,No,1,0,RC-07,Yes,,4,1,2,,,,10,Low friction
APL-2026-001232,2026-03-18,2026-03-18,2026-03-25,2026-03-27,2026-04-01,2026-04-02,Authorization,Standard,PAY-03,TM-04,TM-02,Closed,Upheld,7,Yes,No,No,1,0,RC-13,No,15.0,0,7,2,5.0,1.0,No,30,Moderate friction
APL-2026-000500,2026-05-25,2026-05-26,2026-05-26,2026-05-26,2026-05-27,2026-05-27,Clinical,Standard,PAY-02,TM-03,TM-03,Closed,Overturned,14,Yes,No,No,0,0,RC-06,Yes,2.0,1,0,0,1.0,0.0,Yes,0,Low friction
APL-2026-000324,2026-02-03,2026-02-03,2026-02-03,2026-02-04,2026-02-09,2026-02-10,Authorization,Standard,PAY-04,TM-04,TM-07,Closed,Partially Overturned,7,Yes,No,No,1,0,RC-03,Yes,7.0,0,0,1,5.0,1.0,Yes,10,Low friction
APL-2026-002360,2026-03-15,2026-03-16,2026-03-17,2026-03-18,2026-03-26,2026-03-27,Clinical,Standard,PAY-02,TM-02,TM-02,Closed,Partially Overturned,14,Yes,No,No,0,0,RC-05,Yes,12.0,1,1,1,8.0,1.0,Yes,0,Low friction
APL-2026-000624,2026-09-13,2026-09-14,2026-09-15,2026-09-15,2026-09-25,2026-09-25,Clinical,Standard,PAY-02,TM-03,TM-03,Closed,Upheld,14,Yes,No,No,0,0,RC-03,Yes,12.0,1,1,0,10.0,0.0,Yes,0,Low friction
APL-2026-001090,2026-05-30,2026-06-01,2026-06-02,2026-06-02,2026-06-22,2026-06-24,Pharmacy,Standard,PAY-01,TM-05,TM-05,Closed,Upheld,7,Yes,Yes,No,0,0,RC-04,Yes,25.0,2,1,0,20.0,2.0,No,0,Low friction
APL-2026-002271,2026-07-12,2026-07-12,2026-07-12,2026-07-13,2026-07-29,2026-08-05,Clinical,Standard,PAY-06,TM-07,TM-07,Closed,Upheld,14,No,Yes,No,0,0,RC-04,Yes,24.0,0,0,1,16.0,7.0,No,35,Moderate friction
APL-2026-001673,2026-05-14,2026-05-15,2026-05-15,2026-05-20,2026-05-21,2026-05-21,Claims Payment,Standard,PAY-03,TM-07,TM-07,Closed,Upheld,30,Yes,No,No,0,0,RC-11,Yes,7.0,1,0,5,1.0,0.0,Yes,0,Low friction
APL-2026-002410,2026-08-13,2026-08-14,2026-08-21,2026-08-21,2026-08-28,2026-08-31,Administrative,Low,PAY-01,TM-01,TM-08,Closed,Overturned,30,Yes,No,No,1,0,RC-05,No,18.0,1,7,0,7.0,3.0,Yes,40,High friction
APL-2026-000039,2026-06-15,2026-06-15,2026-06-16,2026-06-17,2026-06-24,2026-06-25,Clinical,Urgent,PAY-02,TM-02,TM-02,Closed,Overturned,7,Yes,No,No,0,0,RC-13,Yes,10.0,0,1,1,7.0,1.0,No,0,Low friction
APL-2026-001304,2026-08-12,2026-08-13,2026-08-18,2026-08-21,2026-09-17,2026-09-17,Authorization,Urgent,PAY-07,TM-04,TM-03,Closed,Partially Overturned,7,No,Yes,Yes,3,3,RC-01,No,36.0,1,5,3,27.0,0.0,No,90,Critical friction
APL-2026-001517,2026-05-07,2026-05-07,2026-05-14,2026-05-14,2026-06-04,2026-06-11,Authorization,Low,PAY-01,TM-04,TM-02,Closed,Upheld,7,No,Yes,No,1,4,RC-05,No,35.0,0,7,0,21.0,7.0,No,65,Critical friction
APL-2026-003717,2026-07-27,2026-07-28,2026-07-29,2026-07-29,2026-08-13,2026-08-13,Administrative,Low,PAY-01,TM-01,TM-01,Closed,Partially Overturned,30,Yes,Yes,No,0,0,RC-04,Yes,17.0,1,1,0,15.0,0.0,Yes,0,Low friction
APL-2026-000273,2026-01-06,2026-01-08,2026-01-08,2026-01-09,2026-01-15,2026-01-16,Clinical,Standard,PAY-03,TM-07,TM-07,Closed,Overturned,14,Yes,No,No,0,0,RC-02,Yes,10.0,2,0,1,6.0,1.0,Yes,0,Low friction
APL-2026-002004,2026-05-17,2026-05-18,2026-05-20,2026-05-20,2026-05-21,2026-05-21,Pharmacy,Standard,PAY-07,TM-05,TM-05,Closed,Overturned,7,Yes,No,No,0,0,RC-08,Yes,4.0,1,2,0,1.0,0.0,Yes,0,Low friction
APL-2026-003692,2026-01-25,2026-01-27,2026-02-02,2026-02-02,2026-02-12,2026-02-12,Pharmacy,Standard,PAY-02,TM-05,TM-05,Closed,Overturned,7,Yes,No,No,0,0,RC-06,Yes,18.0,2,6,0,10.0,0.0,No,0,Low friction
APL-2026-000558,2026-05-27,2026-05-28,2026-06-01,2026-06-02,2026-06-12,2026-06-12,Administrative,Standard,PAY-04,TM-01,TM-01,Closed,Upheld,30,Yes,No,No,0,0,RC-03,Yes,16.0,1,4,1,10.0,0.0,Yes,0,Low friction
APL-2026-002603,2026-03-13,2026-03-16,2026-03-16,2026-03-16,2026-04-16,2026-04-17,Claims Payment,Urgent,PAY-06,TM-07,TM-07,Closed,Upheld,7,No,Yes,Yes,0,14,RC-12,Yes,35.0,3,0,0,31.0,1.0,No,60,Critical friction
APL-2026-001656,2026-04-14,2026-04-16,2026-04-17,2026-04-22,2026-04-30,2026-04-30,Clinical,Standard,PAY-01,TM-03,TM-03,Closed,Overturned,14,Yes,No,No,0,0,RC-01,Yes,16.0,2,1,5,8.0,0.0,No,0,Low friction
APL-2026-001259,2026-02-02,2026-02-02,2026-02-03,2026-02-05,2026-02-16,2026-02-16,Administrative,Standard,PAY-03,TM-07,TM-07,Closed,Partially Overturned,30,Yes,Yes,No,0,0,RC-12,Yes,14.0,0,1,2,11.0,0.0,Yes,0,Low friction
APL-2026-001390,2026-05-23,2026-05-23,2026-05-25,2026-05-27,2026-06-01,2026-06-01,Administrative,Low,PAY-04,TM-01,TM-01,Closed,Upheld,30,Yes,No,No,0,0,RC-02,Yes,9.0,0,2,2,5.0,0.0,Yes,0,Low friction
APL-2026-003629,2026-03-31,2026-04-02,2026-04-02,2026-04-02,2026-04-08,2026-04-08,Authorization,Standard,PAY-01,TM-04,TM-04,Closed,Overturned,7,Yes,No,No,0,0,RC-02,Yes,8.0,2,0,0,6.0,0.0,No,0,Low friction
APL-2026-002239,2026-04-20,2026-04-20,2026-04-22,2026-04-23,2026-04-24,2026-04-27,Claims Payment,Urgent,PAY-05,TM-01,TM-01,Closed,Upheld,7,Yes,No,No,0,0,RC-10,Yes,7.0,0,2,1,1.0,3.0,Yes,10,Low friction
APL-2026-003269,2026-03-19,2026-03-20,2026-03-23,2026-03-25,2026-04-01,2026-04-01,Authorization,Urgent,PAY-04,TM-04,TM-02,Closed,Overturned,7,Yes,No,No,1,0,RC-05,Yes,13.0,1,3,2,7.0,0.0,No,10,Low friction
APL-2026-002787,2026-09-22,2026-09-24,2026-09-29,2026-09-29,,,Clinical,Standard,PAY-02,TM-03,TM-02,In Review,,14,No,No,No,1,2,RC-10,No,,2,5,0,,,,55,High friction
APL-2026-000669,2026-09-01,2026-09-01,2026-09-07,2026-09-09,2026-09-14,2026-09-14,Claims Payment,Standard,PAY-01,TM-01,TM-01,Closed,Upheld,30,Yes,No,No,0,0,RC-06,Yes,13.0,0,6,2,5.0,0.0,Yes,0,Low friction
APL-2026-000530,2026-04-29,2026-04-29,2026-04-30,2026-04-30,2026-05-06,2026-05-07,Authorization,Standard,PAY-06,TM-04,TM-05,Closed,Partially Overturned,7,Yes,No,No,1,0,RC-09,Yes,8.0,0,1,0,6.0,1.0,No,10,Low friction
APL-2026-003534,2026-04-29,2026-04-30,2026-05-05,2026-05-06,2026-05-18,2026-05-18,Clinical,Standard,PAY-06,TM-07,TM-03,Closed,Upheld,14,Yes,No,No,3,0,RC-07,No,19.0,1,5,1,12.0,0.0,No,50,High friction
APL-2026-000726,2026-06-02,2026-06-04,2026-06-04,2026-06-05,2026-06-16,2026-06-23,Clinical,Standard,PAY-01,TM-03,TM-03,Closed,Partially Overturned,14,Yes,No,No,0,0,RC-03,Yes,21.0,2,0,1,11.0,7.0,No,10,Low friction
APL-2026-003973,2026-07-07,2026-07-08,2026-07-10,2026-07-14,2026-07-21,2026-07-22,Administrative,Urgent,PAY-06,TM-07,TM-07,Closed,Overturned,7,Yes,No,Yes,0,0,RC-01,Yes,15.0,1,2,4,7.0,1.0,No,15,Low friction
APL-2026-003309,2026-08-01,2026-08-01,2026-08-01,2026-08-01,2026-08-19,2026-08-21,Authorization,Standard,PAY-04,TM-04,TM-04,Closed,Upheld,7,No,No,No,0,7,RC-10,Yes,20.0,0,0,0,18.0,2.0,No,45,High friction
APL-2026-001733,2026-06-10,2026-06-10,2026-06-11,2026-06-12,2026-06-16,2026-06-16,Authorization,Standard,PAY-01,TM-04,TM-04,Closed,Overturned,7,Yes,No,No,0,0,RC-08,Yes,6.0,0,1,1,4.0,0.0,Yes,0,Low friction
APL-2026-001169,2026-07-14,2026-07-15,2026-07-15,2026-07-15,2026-07-28,2026-07-28,Authorization,Standard,PAY-06,TM-04,TM-04,Closed,Upheld,7,Yes,No,No,0,0,RC-07,Yes,14.0,1,0,0,13.0,0.0,No,0,Low friction
APL-2026-000022,2026-07-29,2026-07-30,2026-08-05,2026-08-07,2026-08-20,2026-08-21,Pharmacy,Low,PAY-02,TM-05,TM-07,Closed,Upheld,7,No,No,Yes,3,0,RC-15,No,23.0,1,6,2,13.0,1.0,No,90,Critical friction
APL-2026-003879,2026-08-22,2026-08-22,2026-08-22,2026-08-24,2026-08-31,2026-09-01,Administrative,Low,PAY-04,TM-01,TM-01,Closed,Overturned,30,Yes,No,No,0,0,RC-04,Yes,10.0,0,0,2,7.0,1.0,Yes,0,Low friction
APL-2026-003154,2026-03-08,2026-03-09,2026-03-09,2026-03-11,2026-03-13,2026-03-16,Clinical,Standard,PAY-03,TM-07,TM-07,Closed,Partially Overturned,14,Yes,Yes,No,0,0,RC-02,Yes,8.0,1,0,2,2.0,3.0,Yes,10,Low friction
APL-2026-000693,2026-08-31,2026-09-02,2026-09-02,2026-09-02,2026-09-11,2026-09-14,Authorization,Urgent,PAY-03,TM-04,TM-04,Closed,Upheld,7,Yes,No,No,0,0,RC-02,Yes,14.0,2,0,0,9.0,3.0,No,10,Low friction
APL-2026-003566,2026-09-02,2026-09-02,2026-09-02,2026-09-02,2026-09-08,2026-09-10,Clinical,Low,PAY-01,TM-02,TM-02,Closed,Overturned,14,Yes,No,No,0,0,RC-05,Yes,8.0,0,0,0,6.0,2.0,Yes,0,Low friction
APL-2026-002052,2026-02-06,2026-02-06,2026-02-10,2026-02-13,2026-02-24,2026-02-25,Clinical,Standard,PAY-04,TM-02,TM-02,Closed,Upheld,14,No,Yes,No,0,2,RC-13,Yes,19.0,0,4,3,11.0,1.0,No,25,Moderate friction
APL-2026-003868,2026-01-11,2026-01-12,2026-01-12,2026-01-12,2026-01-16,2026-01-16,Administrative,Standard,PAY-05,TM-01,TM-01,Closed,Upheld,30,No,No,No,0,3,RC-12,Yes,5.0,1,0,0,4.0,0.0,Yes,25,Moderate friction
APL-2026-000905,2026-03-08,2026-03-09,2026-03-11,2026-03-16,2026-03-24,2026-03-24,Administrative,Standard,PAY-02,TM-01,TM-01,Closed,Upheld,30,Yes,No,No,0,0,RC-08,Yes,16.0,1,2,5,8.0,0.0,Yes,0,Low friction
APL-2026-001197,2026-04-20,2026-04-21,2026-04-21,2026-04-22,2026-04-29,2026-04-30,Claims Payment,Low,PAY-01,TM-01,TM-01,Closed,Overturned,30,Yes,No,No,0,0,RC-01,Yes,10.0,1,0,1,7.0,1.0,Yes,0,Low friction
APL-2026-002375,2026-05-03,2026-05-04,2026-05-04,2026-05-05,2026-05-06,2026-05-08,Claims Payment,Standard,PAY-02,TM-01,TM-01,Closed,Upheld,30,Yes,No,No,0,0,RC-11,Yes,5.0,1,0,1,1.0,2.0,Yes,0,Low friction
APL-2026-000510,2026-04-13,2026-04-13,2026-04-14,2026-04-14,2026-04-23,2026-04-23,Administrative,Standard,PAY-01,TM-01,TM-01,Closed,Partially Overturned,30,Yes,No,No,0,0,RC-10,Yes,10.0,0,1,0,9.0,0.0,Yes,0,Low friction
APL-2026-003124,2026-03-09,2026-03-10,2026-03-10,2026-03-12,2026-03-13,2026-03-13,Administrative,Standard,PAY-01,TM-01,TM-01,Closed,Upheld,30,Yes,No,No,0,0,RC-12,Yes,4.0,1,0,2,1.0,0.0,Yes,0,Low friction
APL-2026-003445,2026-03-23,2026-03-24,2026-03-25,2026-03-25,2026-03-30,2026-03-30,Clinical,Urgent,PAY-01,TM-02,TM-02,Closed,Upheld,7,Yes,No,No,0,0,RC-01,Yes,7.0,1,1,0,5.0,0.0,Yes,0,Low friction
APL-2026-003457,2026-03-31,2026-04-01,2026-04-01,2026-04-03,2026-04-07,2026-04-14,Clinical,Standard,PAY-03,TM-07,TM-07,Closed,Partially Overturned,14,Yes,No,No,0,0,RC-08,Yes,14.0,1,0,2,4.0,7.0,Yes,10,Low friction
APL-2026-000761,2026-08-13,2026-08-14,2026-08-20,2026-08-24,2026-08-31,2026-08-31,Authorization,Urgent,PAY-04,TM-04,TM-08,Closed,Upheld,7,No,No,No,1,0,RC-05,No,18.0,1,6,4,7.0,0.0,No,55,High friction
APL-2026-000216,2026-01-02,2026-01-05,2026-01-05,2026-01-07,2026-01-13,2026-01-20,Authorization,Low,PAY-04,TM-04,TM-04,Closed,Upheld,7,Yes,No,No,0,0,RC-01,Yes,18.0,3,0,2,6.0,7.0,No,10,Low friction
APL-2026-003343,2026-05-29,2026-06-01,2026-06-02,2026-06-02,2026-06-11,2026-06-11,Authorization,Standard,PAY-05,TM-04,TM-04,Closed,Partially Overturned,7,Yes,No,No,0,0,RC-06,Yes,13.0,3,1,0,9.0,0.0,No,0,Low friction
APL-2026-003153,2026-02-20,2026-02-20,2026-02-24,2026-02-25,2026-03-12,2026-03-12,Authorization,Urgent,PAY-04,TM-04,TM-04,Closed,Upheld,7,No,No,Yes,0,5,RC-01,Yes,20.0,0,4,1,15.0,0.0,No,40,High friction
APL-2026-002297,2026-06-16,2026-06-16,2026-06-17,2026-06-18,2026-07-21,2026-07-22,Authorization,Standard,PAY-07,TM-04,TM-08,Closed,Overturned,7,No,No,No,1,17,RC-03,No,36.0,0,1,1,33.0,1.0,No,75,Critical friction
APL-2026-002311,2026-02-24,2026-02-24,2026-02-25,2026-02-27,2026-04-02,2026-04-06,Clinical,Standard,PAY-07,TM-02,TM-04,Closed,Partially Overturned,14,Yes,No,Yes,1,0,RC-01,Yes,41.0,0,1,2,34.0,4.0,No,35,Moderate friction
APL-2026-002498,2026-08-20,2026-08-20,2026-08-26,2026-08-27,2026-09-16,2026-09-16,Authorization,Standard,PAY-01,TM-04,TM-04,Closed,Upheld,7,No,No,No,0,8,RC-10,Yes,27.0,0,6,1,20.0,0.0,No,45,High friction
APL-2026-001575,2026-07-31,2026-07-31,2026-07-31,2026-08-04,2026-08-17,2026-08-18,Clinical,Low,PAY-06,TM-07,TM-04,Closed,Overturned,14,Yes,No,No,1,0,RC-08,Yes,18.0,0,0,4,13.0,1.0,No,10,Low friction
APL-2026-003873,2026-01-09,2026-01-12,2026-01-13,2026-01-15,2026-01-27,2026-01-27,Clinical,Standard,PAY-06,TM-07,TM-07,Closed,Overturned,14,No,No,No,0,4,RC-06,Yes,18.0,3,1,2,12.0,0.0,No,25,Moderate friction
APL-2026-002382,2026-07-11,2026-07-13,2026-07-20,2026-07-21,2026-07-24,2026-07-24,Claims Payment,Standard,PAY-01,TM-01,TM-03,Closed,Upheld,30,Yes,No,No,1,0,RC-04,No,13.0,2,7,1,3.0,0.0,Yes,30,Moderate friction
APL-2026-001623,2026-01-03,2026-01-03,2026-01-03,2026-01-05,2026-01-14,2026-01-14,Clinical,Standard,PAY-01,TM-02,TM-03,Closed,Partially Overturned,14,Yes,No,No,1,0,RC-03,Yes,11.0,0,0,2,9.0,0.0,Yes,10,Low friction
APL-2026-003983,2026-09-22,2026-09-22,2026-09-22,2026-09-23,,,Pharmacy,Standard,PAY-04,TM-05,TM-06,In Review,,7,Yes,No,No,1,0,RC-01,Yes,,0,0,1,,,,10,Low friction
APL-2026-002497,2026-02-17,2026-02-17,2026-02-17,2026-02-18,2026-02-20,2026-02-24,Clinical,Standard,PAY-02,TM-02,TM-02,Closed,Overturned,14,Yes,No,No,0,0,RC-10,Yes,7.0,0,0,1,2.0,4.0,Yes,10,Low friction
APL-2026-003582,2026-01-11,2026-01-12,2026-01-12,2026-01-14,2026-01-19,2026-01-19,Pharmacy,Standard,PAY-02,TM-05,TM-06,Closed,Overturned,7,Yes,No,No,1,0,RC-06,Yes,8.0,1,0,2,5.0,0.0,No,10,Low friction
APL-2026-000742,2026-09-14,2026-09-14,2026-09-14,2026-09-17,2026-09-22,2026-09-22,Clinical,Low,PAY-02,TM-02,TM-02,Closed,Upheld,14,Yes,No,No,0,0,RC-06,Yes,8.0,0,0,3,5.0,0.0,Yes,0,Low friction
APL-2026-003688,2026-07-09,2026-07-09,2026-07-10,2026-07-13,2026-07-17,2026-07-24,Clinical,Standard,PAY-01,TM-02,TM-03,Closed,Upheld,14,Yes,No,No,1,0,RC-15,Yes,15.0,0,1,3,4.0,7.0,No,20,Moderate friction
APL-2026-002724,2026-05-29,2026-06-01,2026-06-02,2026-06-04,2026-06-05,2026-06-05,Authorization,Standard,PAY-06,TM-04,TM-04,Closed,Overturned,7,Yes,No,No,0,0,RC-10,Yes,7.0,3,1,2,1.0,0.0,Yes,0,Low friction
APL-2026-000941,2026-06-29,2026-07-01,2026-07-03,2026-07-06,2026-07-09,2026-07-09,Pharmacy,Urgent,PAY-01,TM-05,TM-08,Closed,Overturned,7,Yes,No,No,1,0,RC-08,No,10.0,2,2,3,3.0,0.0,No,30,Moderate friction
APL-2026-000604,2026-07-26,2026-07-26,2026-07-26,2026-07-29,2026-08-07,2026-08-07,Clinical,Standard,PAY-01,TM-02,TM-02,Closed,Upheld,14,No,No,No,0,2,RC-01,Yes,12.0,0,0,3,9.0,0.0,Yes,25,Moderate friction
APL-2026-003248,2026-04-23,2026-04-27,2026-04-29,2026-04-30,2026-05-18,2026-05-19,Pharmacy,Standard,PAY-01,TM-05,TM-05,Closed,Upheld,7,Yes,No,No,0,0,RC-02,Yes,26.0,4,2,1,18.0,1.0,No,0,Low friction
APL-2026-000974,2026-06-11,2026-06-11,2026-06-15,2026-06-15,2026-06-25,2026-06-26,Administrative,Low,PAY-01,TM-01,TM-04,Closed,Upheld,30,Yes,Yes,No,2,0,RC-13,No,15.0,0,4,0,10.0,1.0,Yes,40,High friction
APL-2026-000584,2026-02-07,2026-02-09,2026-02-09,2026-02-12,2026-02-13,2026-02-13,Administrative,Standard,PAY-02,TM-01,TM-01,Closed,Upheld,30,Yes,No,No,0,0,RC-04,Yes,6.0,2,0,3,1.0,0.0,Yes,0,Low friction
APL-2026-003055,2026-03-12,2026-03-12,2026-03-12,2026-03-12,2026-03-24,2026-03-26,Claims Payment,Standard,PAY-02,TM-01,TM-01,Closed,Overturned,30,No,No,Yes,0,1,RC-12,Yes,14.0,0,0,0,12.0,2.0,Yes,40,High friction
APL-2026-000319,2026-06-08,2026-06-09,2026-06-09,2026-06-10,2026-06-17,2026-06-18,Administrative,Low,PAY-01,TM-01,TM-01,Closed,Upheld,30,Yes,Yes,No,0,0,RC-14,Yes,10.0,1,0,1,7.0,1.0,Yes,0,Low friction
APL-2026-002988,2026-03-27,2026-03-30,2026-03-30,2026-04-02,2026-04-06,2026-04-08,Clinical,Standard,PAY-05,TM-03,TM-03,Closed,Upheld,14,Yes,No,No,0,0,RC-10,Yes,12.0,3,0,3,4.0,2.0,Yes,0,Low friction
APL-2026-000592,2026-09-24,2026-09-24,2026-09-29,2026-09-30,,,Pharmacy,Standard,PAY-03,TM-05,TM-02,In Review,,7,No,No,No,2,0,RC-04,No,,0,5,1,,,,65,Critical friction
APL-2026-000116,2026-05-02,2026-05-04,2026-05-04,2026-05-06,2026-05-07,2026-05-08,Pharmacy,Standard,PAY-02,TM-05,TM-05,Closed,Overturned,7,Yes,No,No,0,0,RC-03,Yes,6.0,2,0,2,1.0,1.0,Yes,0,Low friction
APL-2026-001983,2026-07-13,2026-07-14,2026-07-15,2026-07-16,2026-07-28,2026-07-30,Authorization,Standard,PAY-04,TM-04,TM-04,Closed,Overturned,7,No,Yes,No,0,0,RC-01,Yes,17.0,1,1,1,12.0,2.0,No,25,Moderate friction
APL-2026-003653,2026-04-15,2026-04-15,2026-04-15,2026-04-16,2026-04-30,2026-05-04,Clinical,Standard,PAY-06,TM-07,TM-07,Closed,Upheld,14,Yes,No,No,0,0,RC-08,Yes,19.0,0,0,1,14.0,4.0,No,10,Low friction
APL-2026-001922,2026-01-06,2026-01-06,2026-01-07,2026-01-08,2026-01-15,2026-01-19,Authorization,Standard,PAY-02,TM-04,TM-04,Closed,Overturned,7,Yes,Yes,No,0,0,RC-01,Yes,13.0,0,1,1,7.0,4.0,No,10,Low friction
APL-2026-001205,2026-09-29,2026-09-30,2026-10-05,2026-10-08,,,Administrative,Standard,PAY-02,TM-01,TM-08,Pending Information,,30,No,No,No,2,0,RC-04,No,,1,5,3,,,,65,Critical friction
APL-2026-002706,2026-01-26,2026-01-28,2026-02-05,2026-02-06,2026-03-13,2026-03-13,Claims Payment,Standard,PAY-07,TM-01,TM-04,Closed,Upheld,30,No,No,Yes,2,14,RC-05,No,46.0,2,8,1,35.0,0.0,No,100,Critical friction
APL-2026-003596,2026-05-19,2026-05-19,2026-05-25,2026-05-25,2026-06-03,2026-06-03,Clinical,Standard,PAY-02,TM-03,TM-03,Closed,Upheld,14,Yes,Yes,No,0,0,RC-11,Yes,15.0,0,6,0,9.0,0.0,No,0,Low friction
APL-2026-002080,2026-01-13,2026-01-13,2026-01-14,2026-01-14,2026-01-19,2026-01-21,Clinical,Urgent,PAY-02,TM-03,TM-03,Closed,Upheld,7,Yes,No,No,0,0,RC-11,Yes,8.0,0,1,0,5.0,2.0,No,0,Low friction
APL-2026-001178,2026-05-25,2026-05-26,2026-05-27,2026-05-29,2026-06-01,2026-06-02,Clinical,Urgent,PAY-03,TM-07,TM-07,Closed,Partially Overturned,7,Yes,No,No,0,0,RC-08,Yes,8.0,1,1,2,3.0,1.0,No,0,Low friction
APL-2026-001012,2026-02-16,2026-02-18,2026-02-18,2026-02-20,2026-03-03,2026-03-03,Authorization,Urgent,PAY-03,TM-04,TM-04,Closed,Partially Overturned,7,Yes,Yes,No,0,0,RC-07,Yes,15.0,2,0,2,11.0,0.0,No,0,Low friction
APL-2026-001800,2026-09-29,2026-09-29,2026-10-05,2026-10-05,,,Claims Payment,Standard,PAY-04,TM-01,TM-05,In Review,,30,No,Yes,No,1,0,RC-05,Yes,,0,6,0,,,,35,Moderate friction
APL-2026-003767,2026-02-08,2026-02-08,2026-02-08,2026-02-10,2026-02-24,2026-02-26,Authorization,Standard,PAY-04,TM-04,TM-04,Closed,Partially Overturned,7,Yes,No,No,0,0,RC-08,Yes,18.0,0,0,2,14.0,2.0,No,0,Low friction
APL-2026-003565,2026-09-24,2026-09-25,2026-09-28,2026-09-28,,,Administrative,Standard,PAY-06,TM-07,TM-07,In Review,,30,No,No,No,0,5,RC-05,Yes,,1,3,0,,,,25,Moderate friction
APL-2026-002231,2026-05-31,2026-06-01,2026-06-03,2026-06-03,2026-06-10,2026-06-12,Administrative,Standard,PAY-01,TM-01,TM-01,Closed,Upheld,30,Yes,Yes,No,0,0,RC-06,Yes,12.0,1,2,0,7.0,2.0,Yes,0,Low friction
APL-2026-000465,2026-03-12,2026-03-13,2026-03-13,2026-03-16,2026-03-18,2026-03-18,Authorization,Standard,PAY-05,TM-04,TM-04,Closed,Overturned,7,Yes,No,No,0,0,RC-01,Yes,6.0,1,0,3,2.0,0.0,Yes,0,Low friction
APL-2026-001563,2026-06-20,2026-06-22,2026-06-24,2026-06-25,2026-07-06,2026-07-06,Administrative,Urgent,PAY-01,TM-01,TM-05,Closed,Partially Overturned,7,Yes,No,No,2,0,RC-04,No,16.0,2,2,1,11.0,0.0,No,40,High friction
APL-2026-003787,2026-05-29,2026-06-01,2026-06-09,2026-06-10,2026-07-01,2026-07-03,Administrative,Standard,PAY-02,TM-01,TM-04,Closed,Overturned,30,No,No,No,2,10,RC-12,No,35.0,3,8,1,21.0,2.0,No,85,Critical friction
APL-2026-002792,2026-02-05,2026-02-06,2026-02-10,2026-02-12,2026-02-16,2026-02-16,Claims Payment,Standard,PAY-04,TM-01,TM-01,Closed,Partially Overturned,30,Yes,No,No,0,0,RC-05,Yes,11.0,1,4,2,4.0,0.0,Yes,0,Low friction
APL-2026-003113,2026-05-26,2026-05-26,2026-05-26,2026-05-27,2026-05-28,2026-05-29,Clinical,Standard,PAY-07,TM-02,TM-02,Closed,Upheld,14,No,No,No,0,0,RC-01,Yes,3.0,0,0,1,1.0,1.0,Yes,25,Moderate friction
APL-2026-003568,2026-03-22,2026-03-24,2026-03-26,2026-03-30,2026-04-02,2026-04-02,Clinical,Low,PAY-06,TM-07,TM-07,Closed,Upheld,14,Yes,No,No,0,0,RC-08,Yes,11.0,2,2,4,3.0,0.0,Yes,0,Low friction
APL-2026-002763,2026-05-23,2026-05-26,2026-05-27,2026-06-01,2026-06-02,2026-06-03,Authorization,Standard,PAY-04,TM-04,TM-04,Closed,Partially Overturned,7,Yes,No,No,0,0,RC-05,Yes,11.0,3,1,5,1.0,1.0,No,0,Low friction
APL-2026-000550,2026-08-28,2026-08-28,2026-09-01,2026-09-02,2026-09-15,2026-09-17,Clinical,Standard,PAY-07,TM-03,TM-03,Closed,Upheld,14,Yes,No,No,0,0,RC-11,Yes,20.0,0,4,1,13.0,2.0,No,0,Low friction
APL-2026-001876,2026-08-06,2026-08-07,2026-08-07,2026-08-10,2026-08-14,2026-08-21,Clinical,Standard,PAY-01,TM-02,TM-03,Closed,Partially Overturned,14,Yes,No,No,1,0,RC-14,Yes,15.0,1,0,3,4.0,7.0,No,20,Moderate friction
APL-2026-001840,2026-07-30,2026-07-30,2026-08-05,2026-08-06,2026-08-21,2026-08-24,Authorization,Standard,PAY-05,TM-04,TM-02,Closed,Partially Overturned,7,Yes,Yes,No,1,0,RC-05,No,25.0,0,6,1,15.0,3.0,No,40,High friction
APL-2026-000913,2026-08-07,2026-08-07,2026-08-10,2026-08-10,2026-08-18,2026-08-19,Administrative,Standard,PAY-03,TM-07,TM-07,Closed,Partially Overturned,30,Yes,No,No,0,0,RC-01,Yes,12.0,0,3,0,8.0,1.0,Yes,0,Low friction
APL-2026-002747,2026-01-08,2026-01-08,2026-01-08,2026-01-08,2026-01-14,2026-01-14,Authorization,Low,PAY-01,TM-04,TM-04,Closed,Overturned,7,Yes,No,No,0,0,RC-06,Yes,6.0,0,0,0,6.0,0.0,Yes,0,Low friction
APL-2026-003223,2026-03-30,2026-04-01,2026-04-01,2026-04-01,2026-04-16,2026-04-17,Administrative,Standard,PAY-04,TM-01,TM-04,Closed,Overturned,30,Yes,No,No,1,0,RC-13,Yes,18.0,2,0,0,15.0,1.0,Yes,10,Low friction
APL-2026-000982,2026-08-04,2026-08-05,2026-08-06,2026-08-07,2026-08-24,2026-08-24,Administrative,Standard,PAY-01,TM-01,TM-03,Closed,Upheld,30,Yes,No,No,1,0,RC-15,Yes,20.0,1,1,1,17.0,0.0,Yes,10,Low friction
APL-2026-002887,2026-09-27,2026-09-27,2026-09-28,2026-09-29,,,Clinical,Urgent,PAY-02,TM-02,TM-01,Pending Information,,7,Yes,No,No,1,0,RC-03,Yes,,0,1,1,,,,10,Low friction
APL-2026-003218,2026-01-31,2026-01-31,2026-02-05,2026-02-05,2026-03-04,2026-03-04,Clinical,Standard,PAY-05,TM-03,TM-08,Closed,Overturned,14,Yes,No,No,3,0,RC-04,No,32.0,0,5,0,27.0,0.0,No,50,High friction
APL-2026-001099,2026-02-24,2026-02-24,2026-02-26,2026-02-26,2026-03-11,2026-03-12,Clinical,Standard,PAY-01,TM-03,TM-03,Closed,Overturned,14,Yes,No,No,0,0,RC-15,Yes,16.0,0,2,0,13.0,1.0,No,0,Low friction
APL-2026-003884,2026-01-22,2026-01-23,2026-01-27,2026-01-28,2026-01-30,2026-01-30,Pharmacy,Standard,PAY-03,TM-05,TM-05,Closed,Upheld,7,Yes,No,No,0,0,RC-10,Yes,8.0,1,4,1,2.0,0.0,No,0,Low friction
APL-2026-003672,2026-01-21,2026-01-21,2026-01-23,2026-01-23,2026-02-05,2026-02-05,Clinical,Standard,PAY-04,TM-03,TM-03,Closed,Upheld,14,No,No,No,0,4,RC-06,Yes,15.0,0,2,0,13.0,0.0,No,25,Moderate friction
APL-2026-001037,2026-03-31,2026-04-01,2026-04-01,2026-04-01,2026-04-08,2026-04-09,Authorization,Standard,PAY-04,TM-04,TM-07,Closed,Overturned,7,Yes,No,No,1,0,RC-04,Yes,9.0,1,0,0,7.0,1.0,No,10,Low friction
APL-2026-000155,2026-07-21,2026-07-21,2026-07-22,2026-07-23,2026-08-13,2026-08-14,Pharmacy,Urgent,PAY-02,TM-05,TM-05,Closed,Upheld,7,No,No,No,0,14,RC-01,Yes,24.0,0,1,1,21.0,1.0,No,45,High friction
APL-2026-002130,2026-06-12,2026-06-12,2026-06-15,2026-06-18,2026-06-22,2026-06-22,Clinical,Standard,PAY-06,TM-07,TM-07,Closed,Partially Overturned,14,Yes,No,No,0,0,RC-15,Yes,10.0,0,3,3,4.0,0.0,Yes,0,Low friction
APL-2026-000035,2026-08-08,2026-08-10,2026-08-11,2026-08-11,2026-08-17,2026-08-17,Administrative,Urgent,PAY-04,TM-01,TM-01,Closed,Upheld,7,Yes,No,No,0,0,RC-10,Yes,9.0,2,1,0,6.0,0.0,No,0,Low friction
APL-2026-002651,2026-01-17,2026-01-20,2026-01-20,2026-01-21,2026-02-13,2026-02-16,Clinical,Low,PAY-02,TM-02,TM-04,Closed,Overturned,14,No,Yes,No,1,6,RC-03,Yes,30.0,3,0,1,23.0,3.0,No,65,Critical friction
APL-2026-003821,2026-01-12,2026-01-12,2026-01-14,2026-01-15,2026-01-21,2026-01-21,Authorization,Standard,PAY-04,TM-04,TM-04,Closed,Upheld,7,Yes,No,No,0,0,RC-07,Yes,9.0,0,2,1,6.0,0.0,No,0,Low friction
APL-2026-003401,2026-08-13,2026-08-14,2026-08-19,2026-08-21,2026-09-04,2026-09-04,Clinical,Urgent,PAY-06,TM-07,TM-01,Closed,Upheld,7,Yes,No,No,1,0,RC-04,No,22.0,1,5,2,14.0,0.0,No,30,Moderate friction
APL-2026-003023,2026-06-27,2026-06-27,2026-06-29,2026-06-29,2026-07-02,2026-07-03,Authorization,Urgent,PAY-01,TM-04,TM-04,Closed,Upheld,7,Yes,No,No,0,0,RC-02,Yes,6.0,0,2,0,3.0,1.0,Yes,0,Low friction
APL-2026-000274,2026-03-01,2026-03-02,2026-03-09,2026-03-12,2026-03-19,2026-03-20,Clinical,Urgent,PAY-02,TM-02,TM-03,Closed,Overturned,7,Yes,No,No,2,0,RC-02,No,19.0,1,7,3,7.0,1.0,No,40,High friction
APL-2026-003022,2026-04-11,2026-04-14,2026-04-16,2026-04-17,2026-04-21,2026-04-28,Clinical,Standard,PAY-03,TM-07,TM-07,Closed,Overturned,14,No,No,No,0,0,RC-01,Yes,17.0,3,2,1,4.0,7.0,No,35,Moderate friction
APL-2026-003776,2026-01-04,2026-01-06,2026-01-06,2026-01-08,2026-01-27,2026-02-03,Authorization,Standard,PAY-01,TM-04,TM-04,Closed,Upheld,7,Yes,No,No,0,0,RC-06,Yes,30.0,2,0,2,19.0,7.0,No,10,Low friction
APL-2026-001009,2026-02-22,2026-02-23,2026-02-23,2026-02-23,2026-03-13,2026-03-13,Pharmacy,Standard,PAY-01,TM-05,TM-05,Closed,Upheld,7,No,No,Yes,0,6,RC-01,Yes,19.0,1,0,0,18.0,0.0,No,60,Critical friction
APL-2026-001640,2026-02-23,2026-02-23,2026-02-24,2026-02-24,2026-02-25,2026-02-26,Authorization,Low,PAY-03,TM-04,TM-04,Closed,Upheld,7,Yes,No,No,0,0,RC-12,Yes,3.0,0,1,0,1.0,1.0,Yes,0,Low friction
APL-2026-001118,2026-08-20,2026-08-21,2026-08-24,2026-08-26,2026-08-27,2026-08-28,Clinical,Low,PAY-03,TM-07,TM-07,Closed,Upheld,14,Yes,No,No,0,0,RC-08,Yes,8.0,1,3,2,1.0,1.0,Yes,0,Low friction
APL-2026-002054,2026-01-18,2026-01-19,2026-01-19,2026-01-22,2026-01-28,2026-01-30,Clinical,Standard,PAY-05,TM-02,TM-02,Closed,Upheld,14,Yes,No,Yes,0,0,RC-07,Yes,12.0,1,0,3,6.0,2.0,Yes,15,Low friction
APL-2026-000959,2026-07-19,2026-07-20,2026-07-24,2026-07-27,2026-07-28,2026-08-04,Authorization,Low,PAY-07,TM-04,TM-04,Closed,Upheld,7,Yes,No,No,0,0,RC-07,Yes,16.0,1,4,3,1.0,7.0,No,10,Low friction
APL-2026-002703,2026-02-13,2026-02-13,2026-02-17,2026-02-19,2026-02-23,2026-02-24,Clinical,Standard,PAY-05,TM-02,TM-02,Closed,Overturned,14,Yes,No,No,0,0,RC-05,Yes,11.0,0,4,2,4.0,1.0,Yes,0,Low friction
APL-2026-000193,2026-07-30,2026-07-31,2026-08-03,2026-08-04,2026-08-05,2026-08-05,Administrative,Low,PAY-04,TM-01,TM-01,Closed,Upheld,30,No,No,No,0,0,RC-08,Yes,6.0,1,3,1,1.0,0.0,Yes,25,Moderate friction
APL-2026-001711,2026-01-11,2026-01-13,2026-01-13,2026-01-13,2026-01-21,2026-01-23,Pharmacy,Standard,PAY-01,TM-05,TM-06,Closed,Partially Overturned,7,No,No,No,1,3,RC-15,Yes,12.0,2,0,0,8.0,2.0,No,35,Moderate friction
APL-2026-001366,2026-05-28,2026-05-29,2026-06-01,2026-06-03,2026-06-05,2026-06-08,Clinical,Standard,PAY-03,TM-07,TM-07,Closed,Upheld,14,No,No,No,0,0,RC-12,Yes,11.0,1,3,2,2.0,3.0,Yes,35,Moderate friction
APL-2026-001163,2026-08-30,2026-08-31,2026-08-31,2026-09-01,2026-09-08,2026-09-08,Clinical,Standard,PAY-02,TM-02,TM-02,Closed,Overturned,14,Yes,No,No,0,0,RC-01,Yes,9.0,1,0,1,7.0,0.0,Yes,0,Low friction
APL-2026-003294,2026-05-01,2026-05-05,2026-05-05,2026-05-06,2026-05-15,2026-05-15,Clinical,Standard,PAY-05,TM-02,TM-02,Closed,Partially Overturned,14,Yes,No,No,0,0,RC-02,Yes,14.0,4,0,1,9.0,0.0,Yes,0,Low friction
APL-2026-001112,2026-07-02,2026-07-02,2026-07-02,2026-07-07,2026-07-16,2026-07-23,Authorization,Standard,PAY-04,TM-04,TM-04,Closed,Overturned,7,No,No,Yes,0,0,RC-05,Yes,21.0,0,0,5,9.0,7.0,No,50,High friction
APL-2026-003252,2026-04-22,2026-04-22,2026-04-24,2026-04-27,2026-05-04,2026-05-04,Pharmacy,Urgent,PAY-04,TM-05,TM-05,Closed,Upheld,7,Yes,No,No,0,0,RC-05,Yes,12.0,0,2,3,7.0,0.0,No,0,Low friction
APL-2026-000112,2026-04-04,2026-04-04,2026-04-04,2026-04-04,2026-04-06,2026-04-06,Administrative,Low,PAY-02,TM-01,TM-01,Closed,Upheld,30,Yes,No,No,0,0,RC-03,Yes,2.0,0,0,0,2.0,0.0,Yes,0,Low friction
APL-2026-003701,2026-06-24,2026-06-26,2026-06-29,2026-07-01,2026-07-02,2026-07-06,Clinical,Low,PAY-01,TM-03,TM-03,Closed,Upheld,14,Yes,No,No,0,0,RC-09,Yes,12.0,2,3,2,1.0,4.0,Yes,10,Low friction
APL-2026-003112,2026-05-03,2026-05-04,2026-05-08,2026-05-11,2026-06-05,2026-06-05,Clinical,Standard,PAY-03,TM-07,TM-07,Closed,Upheld,14,No,No,No,0,16,RC-05,Yes,33.0,1,4,3,25.0,0.0,No,45,High friction
APL-2026-003580,2026-07-15,2026-07-15,2026-07-15,2026-07-16,2026-08-26,2026-08-26,Clinical,Low,PAY-01,TM-03,TM-05,Closed,Overturned,14,No,Yes,Yes,1,17,RC-12,Yes,42.0,0,0,1,41.0,0.0,No,70,Critical friction
APL-2026-002414,2026-06-20,2026-06-22,2026-06-23,2026-06-25,2026-07-06,2026-07-06,Clinical,Urgent,PAY-04,TM-02,TM-02,Closed,Overturned,7,Yes,No,No,0,0,RC-11,Yes,16.0,2,1,2,11.0,0.0,No,0,Low friction
APL-2026-003782,2026-01-18,2026-01-19,2026-01-23,2026-01-26,2026-01-30,2026-02-03,Administrative,Standard,PAY-05,TM-01,TM-01,Closed,Upheld,30,No,No,No,0,3,RC-08,Yes,16.0,1,4,3,4.0,4.0,Yes,35,Moderate friction
APL-2026-000227,2026-07-09,2026-07-09,2026-07-13,2026-07-14,2026-07-15,2026-07-16,Authorization,Standard,PAY-07,TM-04,TM-04,Closed,Upheld,7,Yes,No,No,0,0,RC-07,Yes,7.0,0,4,1,1.0,1.0,Yes,0,Low friction
APL-2026-000060,2026-07-27,2026-07-28,2026-07-29,2026-07-29,2026-08-05,2026-08-05,Authorization,Low,PAY-03,TM-04,TM-04,Closed,Upheld,7,Yes,No,No,0,0,RC-05,Yes,9.0,1,1,0,7.0,0.0,No,0,Low friction
APL-2026-000881,2026-08-10,2026-08-10,2026-08-10,2026-08-10,2026-08-27,2026-08-28,Administrative,Standard,PAY-01,TM-01,TM-01,Closed,Partially Overturned,30,Yes,Yes,No,0,0,RC-06,Yes,18.0,0,0,0,17.0,1.0,Yes,0,Low friction
APL-2026-002041,2026-04-26,2026-04-26,2026-04-30,2026-05-01,2026-05-12,2026-05-12,Administrative,Standard,PAY-02,TM-01,TM-01,Closed,Overturned,30,Yes,Yes,No,0,0,RC-10,Yes,16.0,0,4,1,11.0,0.0,Yes,0,Low friction
APL-2026-001921,2026-09-09,2026-09-09,2026-09-10,2026-09-10,2026-09-16,2026-09-18,Pharmacy,Standard,PAY-02,TM-05,TM-05,Closed,Upheld,7,Yes,No,No,0,0,RC-14,Yes,9.0,0,1,0,6.0,2.0,No,0,Low friction
APL-2026-001825,2026-01-15,2026-01-19,2026-01-21,2026-01-21,2026-01-22,2026-01-26,Authorization,Standard,PAY-03,TM-04,TM-04,Closed,Upheld,7,Yes,No,No,0,0,RC-06,Yes,11.0,4,2,0,1.0,4.0,No,10,Low friction
APL-2026-000672,2026-02-12,2026-02-13,2026-02-17,2026-02-18,2026-02-25,2026-02-25,Pharmacy,Standard,PAY-01,TM-05,TM-05,Closed,Overturned,7,Yes,No,No,0,0,RC-01,Yes,13.0,1,4,1,7.0,0.0,No,0,Low friction
APL-2026-003005,2026-02-03,2026-02-03,2026-02-03,2026-02-04,2026-02-10,2026-02-10,Clinical,Standard,PAY-07,TM-03,TM-03,Closed,Overturned,14,Yes,No,No,0,0,RC-06,Yes,7.0,0,0,1,6.0,0.0,Yes,0,Low friction
APL-2026-002952,2026-04-30,2026-05-01,2026-05-07,2026-05-08,2026-05-19,2026-05-19,Clinical,Standard,PAY-07,TM-02,TM-04,Closed,Overturned,14,Yes,No,No,2,0,RC-08,No,19.0,1,6,1,11.0,0.0,No,40,High friction
APL-2026-002368,2026-03-28,2026-03-28,2026-03-30,2026-04-01,2026-04-17,2026-04-17,Clinical,Standard,PAY-01,TM-02,TM-08,Closed,Upheld,14,Yes,No,Yes,1,0,RC-12,Yes,20.0,0,2,2,16.0,0.0,No,25,Moderate friction
APL-2026-003720,2026-09-20,2026-09-21,2026-09-25,2026-09-25,,,Pharmacy,Standard,PAY-02,TM-05,TM-05,In Review,,7,No,No,No,0,0,RC-03,Yes,,1,4,0,,,,25,Moderate friction
APL-2026-001282,2026-08-27,2026-08-27,2026-09-01,2026-09-03,2026-09-14,2026-09-15,Clinical,Standard,PAY-02,TM-03,TM-06,Closed,Upheld,14,Yes,No,No,2,0,RC-04,No,19.0,0,5,2,11.0,1.0,No,40,High friction
APL-2026-000313,2026-07-17,2026-07-17,2026-07-23,2026-07-23,2026-08-06,2026-08-10,Administrative,Low,PAY-03,TM-07,TM-06,Closed,Partially Overturned,30,Yes,No,No,1,0,RC-02,Yes,24.0,0,6,0,14.0,4.0,Yes,20,Moderate friction
APL-2026-001651,2026-08-02,2026-08-03,2026-08-04,2026-08-04,2026-08-12,2026-08-13,Clinical,Urgent,PAY-03,TM-07,TM-07,Closed,Upheld,7,Yes,No,No,0,0,RC-10,Yes,11.0,1,1,0,8.0,1.0,No,0,Low friction
APL-2026-001494,2026-07-18,2026-07-18,2026-07-21,2026-07-21,2026-08-06,2026-08-06,Administrative,Standard,PAY-04,TM-01,TM-01,Closed,Upheld,30,No,No,No,0,6,RC-01,Yes,19.0,0,3,0,16.0,0.0,Yes,45,High friction
APL-2026-000870,2026-08-20,2026-08-20,2026-08-24,2026-08-25,2026-08-28,2026-09-01,Administrative,Standard,PAY-05,TM-01,TM-01,Closed,Partially Overturned,30,Yes,No,No,0,0,RC-08,Yes,12.0,0,4,1,3.0,4.0,Yes,10,Low friction
APL-2026-001421,2026-05-16,2026-05-16,2026-05-18,2026-05-19,2026-05-27,2026-05-27,Authorization,Standard,PAY-02,TM-04,TM-04,Closed,Upheld,7,Yes,Yes,No,0,0,RC-10,Yes,11.0,0,2,1,8.0,0.0,No,0,Low friction
APL-2026-002914,2026-01-13,2026-01-13,2026-01-14,2026-01-16,2026-01-21,2026-01-21,Administrative,Urgent,PAY-06,TM-07,TM-07,Closed,Partially Overturned,7,Yes,No,No,0,0,RC-01,Yes,8.0,0,1,2,5.0,0.0,No,0,Low friction
APL-2026-003693,2026-05-02,2026-05-04,2026-05-08,2026-05-12,2026-05-18,2026-05-19,Clinical,Urgent,PAY-03,TM-07,TM-07,Closed,Partially Overturned,7,Yes,No,No,0,0,RC-02,Yes,17.0,2,4,4,6.0,1.0,No,0,Low friction
APL-2026-002726,2026-06-27,2026-06-27,2026-07-01,2026-07-02,2026-07-16,2026-07-16,Clinical,Standard,PAY-01,TM-03,TM-05,Closed,Upheld,14,Yes,No,No,1,0,RC-03,No,19.0,0,4,1,14.0,0.0,No,30,Moderate friction
APL-2026-003852,2026-06-10,2026-06-10,2026-06-10,2026-06-15,2026-06-23,2026-06-23,Clinical,Urgent,PAY-04,TM-03,TM-03,Closed,Overturned,7,Yes,No,No,0,0,RC-01,Yes,13.0,0,0,5,8.0,0.0,No,0,Low friction
APL-2026-001128,2026-02-19,2026-02-19,2026-02-19,2026-02-23,2026-03-02,2026-03-04,Administrative,Low,PAY-05,TM-01,TM-07,Closed,Partially Overturned,30,Yes,No,No,1,0,RC-12,Yes,13.0,0,0,4,7.0,2.0,Yes,10,Low friction
APL-2026-000407,2026-07-16,2026-07-16,2026-07-20,2026-07-23,2026-07-30,2026-07-31,Administrative,Standard,PAY-02,TM-01,TM-01,Closed,Upheld,30,Yes,No,No,0,0,RC-04,Yes,15.0,0,4,3,7.0,1.0,Yes,0,Low friction
APL-2026-001503,2026-06-20,2026-06-20,2026-06-20,2026-06-20,2026-06-25,2026-07-02,Authorization,Standard,PAY-04,TM-04,TM-04,Closed,Upheld,7,Yes,No,No,0,0,RC-10,Yes,12.0,0,0,0,5.0,7.0,No,10,Low friction
APL-2026-002306,2026-08-27,2026-08-27,2026-08-28,2026-09-02,2026-09-04,2026-09-11,Authorization,Standard,PAY-06,TM-04,TM-04,Closed,Overturned,7,Yes,No,No,0,0,RC-15,Yes,15.0,0,1,5,2.0,7.0,No,10,Low friction
APL-2026-003639,2026-03-08,2026-03-08,2026-03-08,2026-03-09,2026-03-17,2026-03-19,Clinical,Standard,PAY-06,TM-07,TM-07,Closed,Upheld,14,Yes,No,No,0,0,RC-14,Yes,11.0,0,0,1,8.0,2.0,Yes,0,Low friction
APL-2026-001746,2026-07-06,2026-07-08,2026-07-08,2026-07-10,2026-07-17,2026-07-17,Authorization,Standard,PAY-02,TM-04,TM-04,Closed,Overturned,7,Yes,No,No,0,0,RC-04,Yes,11.0,2,0,2,7.0,0.0,No,0,Low friction
APL-2026-000042,2026-09-09,2026-09-09,2026-09-14,2026-09-14,,,Clinical,Standard,PAY-03,TM-07,TM-06,In Review,,14,No,No,Yes,1,13,RC-04,No,,0,5,0,,,,90,Critical friction
APL-2026-002541,2026-09-01,2026-09-01,2026-09-01,2026-09-04,2026-09-14,2026-09-15,Authorization,Standard,PAY-05,TM-04,TM-04,Closed,Upheld,7,No,No,No,0,5,RC-05,Yes,14.0,0,0,3,10.0,1.0,No,25,Moderate friction
APL-2026-003102,2026-02-25,2026-02-27,2026-02-27,2026-03-02,2026-03-12,2026-03-16,Authorization,Standard,PAY-04,TM-04,TM-04,Closed,Overturned,7,Yes,No,No,0,0,RC-03,Yes,19.0,2,0,3,10.0,4.0,No,10,Low friction
APL-2026-002122,2026-08-23,2026-08-23,2026-08-24,2026-08-24,2026-09-02,2026-09-09,Administrative,Standard,PAY-03,TM-07,TM-07,Closed,Partially Overturned,30,Yes,No,No,0,0,RC-01,Yes,17.0,0,1,0,9.0,7.0,Yes,10,Low friction
APL-2026-002500,2026-08-21,2026-08-21,2026-08-24,2026-08-25,2026-09-17,2026-09-17,Authorization,Standard,PAY-05,TM-04,TM-04,Closed,Overturned,7,No,No,Yes,0,7,RC-12,Yes,27.0,0,3,1,23.0,0.0,No,60,Critical friction
APL-2026-002510,2026-07-28,2026-07-28,2026-07-30,2026-08-04,2026-08-19,2026-08-21,Clinical,Standard,PAY-07,TM-02,TM-02,Closed,Partially Overturned,14,Yes,No,Yes,0,0,RC-11,Yes,24.0,0,2,5,15.0,2.0,No,15,Low friction
APL-2026-000294,2026-01-30,2026-02-02,2026-02-03,2026-02-04,2026-02-06,2026-02-06,Administrative,Standard,PAY-03,TM-07,TM-07,Closed,Overturned,30,Yes,No,No,0,0,RC-06,Yes,7.0,3,1,1,2.0,0.0,Yes,0,Low friction
APL-2026-001151,2026-06-06,2026-06-06,2026-06-06,2026-06-08,2026-06-15,2026-06-15,Authorization,Standard,PAY-04,TM-04,TM-03,Closed,Upheld,7,Yes,No,No,1,0,RC-13,Yes,9.0,0,0,2,7.0,0.0,No,10,Low friction
APL-2026-002802,2026-02-12,2026-02-13,2026-02-16,2026-02-18,2026-02-20,2026-02-20,Clinical,Standard,PAY-03,TM-07,TM-07,Closed,Upheld,14,Yes,No,No,0,0,RC-09,Yes,8.0,1,3,2,2.0,0.0,Yes,0,Low friction
APL-2026-001060,2026-07-09,2026-07-13,2026-07-14,2026-07-17,2026-07-22,2026-07-24,Authorization,Low,PAY-02,TM-04,TM-04,Closed,Partially Overturned,7,Yes,No,No,0,0,RC-05,Yes,15.0,4,1,3,5.0,2.0,No,0,Low friction
APL-2026-003372,2026-08-13,2026-08-13,2026-08-14,2026-08-19,2026-08-21,2026-08-21,Clinical,Standard,PAY-02,TM-02,TM-02,Closed,Upheld,14,Yes,No,No,0,0,RC-05,Yes,8.0,0,1,5,2.0,0.0,Yes,0,Low friction
APL-2026-000594,2026-09-08,2026-09-08,2026-09-09,2026-09-09,2026-09-14,2026-09-14,Claims Payment,Standard,PAY-07,TM-01,TM-04,Closed,Partially Overturned,30,Yes,No,No,1,0,RC-09,Yes,6.0,0,1,0,5.0,0.0,Yes,10,Low friction
APL-2026-002963,2026-03-14,2026-03-16,2026-03-20,2026-03-25,2026-03-31,2026-04-01,Authorization,Standard,PAY-06,TM-04,TM-03,Closed,Upheld,7,Yes,No,No,1,0,RC-04,No,18.0,2,4,5,6.0,1.0,No,30,Moderate friction
APL-2026-001622,2026-06-17,2026-06-17,2026-06-19,2026-06-22,2026-06-25,2026-07-02,Clinical,Standard,PAY-06,TM-07,TM-07,Closed,Upheld,14,Yes,No,No,0,0,RC-01,Yes,15.0,0,2,3,3.0,7.0,No,10,Low friction
APL-2026-000331,2026-09-30,2026-10-01,2026-10-01,2026-10-01,,,Clinical,Standard,PAY-01,TM-02,TM-02,Escalated,,14,Yes,No,No,0,0,RC-02,Yes,,1,0,0,,,,0,Low friction
APL-2026-001599,2026-02-11,2026-02-11,2026-02-12,2026-02-12,2026-02-24,2026-02-24,Clinical,Standard,PAY-02,TM-03,TM-03,Closed,Upheld,14,No,Yes,No,0,2,RC-01,Yes,13.0,0,1,0,12.0,0.0,Yes,25,Moderate friction
APL-2026-003176,2026-07-13,2026-07-13,2026-07-15,2026-07-15,2026-08-03,2026-08-04,Administrative,Standard,PAY-01,TM-01,TM-01,Closed,Upheld,30,No,No,No,0,1,RC-15,Yes,22.0,0,2,0,19.0,1.0,Yes,25,Moderate friction
APL-2026-003638,2026-01-05,2026-01-05,2026-01-09,2026-01-12,2026-02-03,2026-02-10,Administrative,Low,PAY-01,TM-01,TM-03,Closed,Upheld,30,Yes,No,No,1,0,RC-05,No,36.0,0,4,3,22.0,7.0,No,40,High friction
APL-2026-002119,2026-03-12,2026-03-12,2026-03-12,2026-03-16,2026-03-25,2026-03-25,Authorization,Low,PAY-07,TM-04,TM-04,Closed,Upheld,7,Yes,No,No,0,0,RC-06,Yes,13.0,0,0,4,9.0,0.0,No,0,Low friction
APL-2026-001098,2026-04-19,2026-04-20,2026-04-22,2026-04-27,2026-04-30,2026-04-30,Pharmacy,Urgent,PAY-02,TM-05,TM-08,Closed,Overturned,7,Yes,No,No,1,0,RC-13,No,11.0,1,2,5,3.0,0.0,No,30,Moderate friction
APL-2026-002020,2026-09-01,2026-09-02,2026-09-03,2026-09-03,2026-09-09,2026-09-11,Clinical,Standard,PAY-06,TM-07,TM-07,Closed,Partially Overturned,14,Yes,No,No,0,0,RC-05,Yes,10.0,1,1,0,6.0,2.0,Yes,0,Low friction
APL-2026-003235,2026-01-06,2026-01-07,2026-01-08,2026-01-12,2026-01-13,2026-01-13,Claims Payment,Urgent,PAY-03,TM-07,TM-07,Closed,Partially Overturned,7,Yes,No,No,0,0,RC-01,Yes,7.0,1,1,4,1.0,0.0,Yes,0,Low friction
APL-2026-003340,2026-02-13,2026-02-13,2026-02-19,2026-02-23,2026-02-24,2026-02-25,Clinical,Urgent,PAY-01,TM-02,TM-02,Closed,Partially Overturned,7,Yes,No,No,0,0,RC-11,Yes,12.0,0,6,4,1.0,1.0,No,0,Low friction
APL-2026-001744,2026-04-06,2026-04-06,2026-04-06,2026-04-08,2026-04-21,2026-04-23,Administrative,Low,PAY-01,TM-01,TM-01,Closed,Partially Overturned,30,Yes,No,Yes,0,0,RC-07,Yes,17.0,0,0,2,13.0,2.0,Yes,15,Low friction
APL-2026-000347,2026-02-03,2026-02-05,2026-02-05,2026-02-05,2026-02-06,2026-02-10,Administrative,Urgent,PAY-04,TM-01,TM-01,Closed,Partially Overturned,7,No,No,No,0,0,RC-12,Yes,7.0,2,0,0,1.0,4.0,Yes,35,Moderate friction
APL-2026-003386,2026-04-05,2026-04-06,2026-04-06,2026-04-07,2026-04-13,2026-04-13,Clinical,Urgent,PAY-03,TM-07,TM-05,Closed,Overturned,7,Yes,No,No,1,0,RC-02,Yes,8.0,1,0,1,6.0,0.0,No,10,Low friction
APL-2026-002472,2026-01-27,2026-01-27,2026-01-28,2026-01-28,2026-02-12,2026-02-13,Authorization,Urgent,PAY-01,TM-04,TM-04,Closed,Overturned,7,No,Yes,No,0,0,RC-12,Yes,17.0,0,1,0,15.0,1.0,No,25,Moderate friction
APL-2026-000576,2026-05-21,2026-05-22,2026-05-25,2026-05-25,2026-06-10,2026-06-17,Clinical,Standard,PAY-01,TM-02,TM-02,Closed,Upheld,14,No,No,Yes,0,6,RC-05,Yes,27.0,1,3,0,16.0,7.0,No,70,Critical friction
APL-2026-002376,2026-01-19,2026-01-21,2026-01-22,2026-01-27,2026-02-18,2026-02-18,Clinical,Low,PAY-01,TM-03,TM-03,Closed,Upheld,14,No,Yes,No,0,7,RC-08,Yes,30.0,2,1,5,22.0,0.0,No,45,High friction
APL-2026-002673,2026-04-15,2026-04-17,2026-04-23,2026-04-24,2026-04-30,2026-05-04,Pharmacy,Standard,PAY-06,TM-05,TM-05,Closed,Partially Overturned,7,Yes,No,No,0,0,RC-04,Yes,19.0,2,6,1,6.0,4.0,No,10,Low friction
APL-2026-000151,2026-03-20,2026-03-23,2026-03-25,2026-03-25,2026-03-31,2026-03-31,Administrative,Standard,PAY-03,TM-07,TM-07,Closed,Partially Overturned,30,Yes,No,No,0,0,RC-15,Yes,11.0,3,2,0,6.0,0.0,Yes,0,Low friction
APL-2026-000909,2026-08-12,2026-08-12,2026-08-18,2026-08-21,2026-09-11,2026-09-14,Authorization,Standard,PAY-02,TM-04,TM-03,Closed,Upheld,7,No,No,No,2,10,RC-01,No,33.0,0,6,3,21.0,3.0,No,95,Critical friction
APL-2026-002313,2026-09-12,2026-09-12,2026-09-14,2026-09-17,2026-09-25,2026-09-25,Authorization,Standard,PAY-04,TM-04,TM-04,Closed,Upheld,7,Yes,No,No,0,0,RC-04,Yes,13.0,0,2,3,8.0,0.0,No,0,Low friction
APL-2026-003399,2026-08-28,2026-08-31,2026-08-31,2026-09-01,2026-09-08,2026-09-10,Administrative,Standard,PAY-06,TM-07,TM-07,Closed,Upheld,30,Yes,No,No,0,0,RC-04,Yes,13.0,3,0,1,7.0,2.0,Yes,0,Low friction
APL-2026-001910,2026-04-12,2026-04-13,2026-04-13,2026-04-14,2026-05-14,2026-05-18,Authorization,Standard,PAY-03,TM-04,TM-04,Closed,Upheld,7,No,No,No,0,21,RC-02,Yes,36.0,1,0,1,30.0,4.0,No,55,High friction
APL-2026-002574,2026-01-30,2026-01-30,2026-02-02,2026-02-03,2026-02-04,2026-02-04,Administrative,Low,PAY-01,TM-01,TM-01,Closed,Overturned,30,Yes,No,No,0,0,RC-07,Yes,5.0,0,3,1,1.0,0.0,Yes,0,Low friction
APL-2026-001611,2026-02-17,2026-02-18,2026-02-20,2026-02-20,2026-02-24,2026-03-03,Administrative,Standard,PAY-01,TM-01,TM-01,Closed,Upheld,30,Yes,No,No,0,0,RC-15,Yes,14.0,1,2,0,4.0,7.0,Yes,10,Low friction
APL-2026-003140,2026-09-22,2026-09-22,2026-09-22,2026-09-23,2026-09-25,2026-09-25,Claims Payment,Standard,PAY-01,TM-01,TM-01,Closed,Overturned,30,Yes,No,No,0,0,RC-03,Yes,3.0,0,0,1,2.0,0.0,Yes,0,Low friction
APL-2026-002580,2026-05-25,2026-05-25,2026-05-27,2026-06-01,2026-06-15,2026-06-22,Authorization,Standard,PAY-04,TM-04,TM-04,Closed,Overturned,7,Yes,No,No,0,0,RC-06,Yes,28.0,0,2,5,14.0,7.0,No,10,Low friction
APL-2026-002396,2026-02-24,2026-02-24,2026-02-26,2026-02-26,2026-03-02,2026-03-02,Claims Payment,Low,PAY-07,TM-01,TM-01,Closed,Partially Overturned,30,Yes,No,No,0,0,RC-01,Yes,6.0,0,2,0,4.0,0.0,Yes,0,Low friction
APL-2026-002444,2026-04-08,2026-04-08,2026-04-09,2026-04-09,2026-04-14,2026-04-14,Authorization,Low,PAY-06,TM-04,TM-06,Closed,Overturned,7,Yes,No,No,1,0,RC-14,No,6.0,0,1,0,5.0,0.0,Yes,30,Moderate friction
APL-2026-002008,2026-08-25,2026-08-25,2026-08-25,2026-08-26,2026-09-02,2026-09-03,Clinical,Standard,PAY-05,TM-02,TM-02,Closed,Overturned,14,Yes,No,Yes,0,0,RC-02,Yes,9.0,0,0,1,7.0,1.0,Yes,15,Low friction
APL-2026-000850,2026-09-29,2026-10-01,2026-10-06,2026-10-07,,,Administrative,Standard,PAY-05,TM-01,TM-03,Escalated,,30,Yes,No,No,2,0,RC-05,No,,2,5,1,,,,40,High friction
APL-2026-003446,2026-08-26,2026-08-26,2026-08-27,2026-08-28,2026-09-04,2026-09-08,Authorization,Low,PAY-01,TM-04,TM-04,Closed,Upheld,7,Yes,No,No,0,0,RC-02,Yes,13.0,0,1,1,7.0,4.0,No,10,Low friction
APL-2026-001241,2026-08-29,2026-08-31,2026-08-31,2026-09-01,2026-09-03,2026-09-03,Authorization,Standard,PAY-04,TM-04,TM-04,Closed,Partially Overturned,7,Yes,No,No,0,0,RC-14,Yes,5.0,2,0,1,2.0,0.0,Yes,0,Low friction
APL-2026-001957,2026-04-14,2026-04-14,2026-04-14,2026-04-15,2026-04-21,2026-04-23,Authorization,Urgent,PAY-04,TM-04,TM-04,Closed,Upheld,7,Yes,No,No,0,0,RC-10,Yes,9.0,0,0,1,6.0,2.0,No,0,Low friction
APL-2026-002083,2026-03-21,2026-03-23,2026-03-24,2026-03-24,2026-04-07,2026-04-08,Clinical,Standard,PAY-03,TM-07,TM-07,Closed,Upheld,14,No,No,No,0,3,RC-01,Yes,18.0,2,1,0,14.0,1.0,No,25,Moderate friction
APL-2026-000169,2026-01-15,2026-01-15,2026-01-19,2026-01-20,2026-02-18,2026-02-18,Clinical,Urgent,PAY-02,TM-03,TM-03,Closed,Upheld,7,No,No,Yes,0,12,RC-01,Yes,34.0,0,4,1,29.0,0.0,No,60,Critical friction
APL-2026-001674,2026-01-30,2026-01-30,2026-01-30,2026-02-04,2026-02-10,2026-02-11,Pharmacy,Low,PAY-01,TM-05,TM-08,Closed,Upheld,7,Yes,No,No,1,0,RC-04,Yes,12.0,0,0,5,6.0,1.0,No,10,Low friction
APL-2026-003616,2026-08-07,2026-08-07,2026-08-13,2026-08-13,2026-08-18,2026-08-25,Claims Payment,Standard,PAY-01,TM-01,TM-01,Closed,Upheld,30,Yes,No,No,0,0,RC-09,Yes,18.0,0,6,0,5.0,7.0,Yes,10,Low friction
APL-2026-001626,2026-01-14,2026-01-14,2026-01-15,2026-01-16,2026-01-19,2026-01-19,Authorization,Low,PAY-01,TM-04,TM-04,Closed,Overturned,7,Yes,No,No,0,0,RC-14,Yes,5.0,0,1,1,3.0,0.0,Yes,0,Low friction
APL-2026-003859,2026-04-01,2026-04-01,2026-04-01,2026-04-06,2026-04-09,2026-04-16,Administrative,Standard,PAY-02,TM-01,TM-02,Closed,Upheld,30,Yes,No,No,1,0,RC-08,Yes,15.0,0,0,5,3.0,7.0,Yes,20,Moderate friction
APL-2026-002974,2026-03-07,2026-03-10,2026-03-11,2026-03-12,2026-03-13,2026-03-13,Administrative,Standard,PAY-01,TM-01,TM-01,Closed,Upheld,30,Yes,No,No,0,0,RC-09,Yes,6.0,3,1,1,1.0,0.0,Yes,0,Low friction
APL-2026-002253,2026-06-14,2026-06-15,2026-06-17,2026-06-17,2026-07-06,2026-07-08,Administrative,Standard,PAY-01,TM-01,TM-01,Closed,Upheld,30,No,No,No,0,9,RC-05,Yes,24.0,1,2,0,19.0,2.0,Yes,45,High friction
APL-2026-001445,2026-07-07,2026-07-08,2026-07-10,2026-07-10,2026-07-15,2026-07-15,Authorization,Standard,PAY-05,TM-04,TM-01,Closed,Upheld,7,Yes,No,No,1,0,RC-04,No,8.0,1,2,0,5.0,0.0,No,30,Moderate friction
APL-2026-002146,2026-08-06,2026-08-06,2026-08-14,2026-08-17,2026-09-15,2026-09-16,Administrative,Low,PAY-02,TM-01,TM-06,Closed,Overturned,30,No,No,Yes,2,6,RC-04,No,41.0,0,8,3,29.0,1.0,No,100,Critical friction
APL-2026-000915,2026-02-13,2026-02-16,2026-02-17,2026-02-19,2026-02-23,2026-02-23,Authorization,Standard,PAY-06,TM-04,TM-04,Closed,Overturned,7,Yes,No,No,0,0,RC-14,Yes,10.0,3,1,2,4.0,0.0,No,0,Low friction
APL-2026-000245,2026-02-13,2026-02-17,2026-02-23,2026-02-26,2026-02-27,2026-02-27,Authorization,Standard,PAY-01,TM-04,TM-04,Closed,Upheld,7,Yes,No,No,0,0,RC-01,Yes,14.0,4,6,3,1.0,0.0,No,0,Low friction
APL-2026-002409,2026-01-29,2026-01-29,2026-01-30,2026-02-02,2026-02-05,2026-02-06,Authorization,Urgent,PAY-01,TM-04,TM-04,Closed,Upheld,7,Yes,No,No,0,0,RC-15,Yes,8.0,0,1,3,3.0,1.0,No,0,Low friction
APL-2026-003671,2026-06-30,2026-06-30,2026-06-30,2026-06-30,2026-07-01,2026-07-03,Clinical,Standard,PAY-02,TM-03,TM-03,Closed,Upheld,14,Yes,No,No,0,0,RC-09,Yes,3.0,0,0,0,1.0,2.0,Yes,0,Low friction
APL-2026-003663,2026-01-14,2026-01-14,2026-01-16,2026-01-16,2026-01-26,2026-01-28,Clinical,Low,PAY-04,TM-03,TM-07,Closed,Upheld,14,Yes,No,No,1,0,RC-02,Yes,14.0,0,2,0,10.0,2.0,Yes,10,Low friction
APL-2026-003253,2026-02-08,2026-02-10,2026-02-11,2026-02-12,2026-02-24,2026-02-24,Administrative,Standard,PAY-06,TM-07,TM-07,Closed,Partially Overturned,30,Yes,No,No,0,0,RC-01,Yes,16.0,2,1,1,12.0,0.0,Yes,0,Low friction
APL-2026-003469,2026-05-13,2026-05-13,2026-05-15,2026-05-15,2026-06-01,2026-06-02,Authorization,Urgent,PAY-01,TM-04,TM-04,Closed,Overturned,7,Yes,No,No,0,0,RC-02,Yes,20.0,0,2,0,17.0,1.0,No,0,Low friction
APL-2026-002942,2026-01-28,2026-01-28,2026-01-29,2026-01-29,2026-02-04,2026-02-05,Authorization,Urgent,PAY-03,TM-04,TM-04,Closed,Upheld,7,Yes,Yes,No,0,0,RC-02,Yes,8.0,0,1,0,6.0,1.0,No,0,Low friction
APL-2026-003622,2026-09-28,2026-09-29,2026-09-29,2026-09-30,,,Authorization,Urgent,PAY-02,TM-04,TM-04,Pending Information,,7,Yes,No,No,0,0,RC-04,Yes,,1,0,1,,,,0,Low friction
APL-2026-001168,2026-05-12,2026-05-12,2026-05-15,2026-05-18,2026-05-29,2026-05-29,Clinical,Standard,PAY-01,TM-02,TM-05,Closed,Partially Overturned,14,Yes,No,No,3,0,RC-04,No,17.0,0,3,3,11.0,0.0,No,50,High friction
APL-2026-001877,2026-06-22,2026-06-23,2026-06-26,2026-07-01,2026-07-21,2026-07-21,Administrative,Standard,PAY-06,TM-07,TM-08,Closed,Upheld,30,Yes,Yes,Yes,2,0,RC-04,No,29.0,1,3,5,20.0,0.0,Yes,55,High friction
APL-2026-002774,2026-01-06,2026-01-06,2026-01-06,2026-01-07,2026-01-14,2026-01-15,Clinical,Standard,PAY-02,TM-02,TM-02,Closed,Partially Overturned,14,Yes,No,No,0,0,RC-11,Yes,9.0,0,0,1,7.0,1.0,Yes,0,Low friction
APL-2026-003735,2026-01-19,2026-01-20,2026-01-20,2026-01-21,2026-02-05,2026-02-05,Clinical,Standard,PAY-06,TM-07,TM-02,Closed,Overturned,14,No,No,Yes,1,3,RC-01,Yes,17.0,1,0,1,15.0,0.0,No,50,High friction
APL-2026-000769,2026-02-14,2026-02-16,2026-02-16,2026-02-16,2026-02-19,2026-02-23,Clinical,Standard,PAY-02,TM-02,TM-07,Closed,Upheld,14,Yes,No,No,1,0,RC-07,Yes,9.0,2,0,0,3.0,4.0,Yes,20,Moderate friction
APL-2026-001084,2026-05-08,2026-05-08,2026-05-12,2026-05-13,2026-05-20,2026-05-20,Clinical,Low,PAY-03,TM-07,TM-07,Closed,Upheld,14,No,No,No,0,0,RC-01,Yes,12.0,0,4,1,7.0,0.0,Yes,25,Moderate friction
APL-2026-003964,2026-06-02,2026-06-03,2026-06-03,2026-06-08,2026-06-15,2026-06-16,Administrative,Standard,PAY-01,TM-01,TM-01,Closed,Upheld,30,No,Yes,No,0,0,RC-01,Yes,14.0,1,0,5,7.0,1.0,Yes,25,Moderate friction
APL-2026-003119,2026-08-23,2026-08-24,2026-08-28,2026-08-31,2026-09-07,2026-09-07,Clinical,Urgent,PAY-06,TM-07,TM-07,Closed,Overturned,7,Yes,No,No,0,0,RC-13,Yes,15.0,1,4,3,7.0,0.0,No,0,Low friction
APL-2026-001548,2026-01-29,2026-01-29,2026-01-29,2026-01-29,2026-02-02,2026-02-02,Clinical,Standard,PAY-02,TM-03,TM-03,Closed,Upheld,14,Yes,No,No,0,0,RC-14,Yes,4.0,0,0,0,4.0,0.0,Yes,0,Low friction
APL-2026-003959,2026-02-14,2026-02-16,2026-02-17,2026-02-18,2026-02-24,2026-02-24,Pharmacy,Standard,PAY-02,TM-05,TM-05,Closed,Upheld,7,Yes,No,No,0,0,RC-05,Yes,10.0,2,1,1,6.0,0.0,No,0,Low friction
APL-2026-000288,2026-08-28,2026-08-31,2026-08-31,2026-09-01,2026-09-10,2026-09-10,Clinical,Standard,PAY-04,TM-03,TM-05,Closed,Overturned,14,Yes,No,No,1,0,RC-03,Yes,13.0,3,0,1,9.0,0.0,Yes,10,Low friction
APL-2026-002772,2026-05-01,2026-05-01,2026-05-07,2026-05-07,2026-05-18,2026-05-18,Authorization,Standard,PAY-05,TM-04,TM-04,Closed,Overturned,7,Yes,Yes,No,0,0,RC-06,Yes,17.0,0,6,0,11.0,0.0,No,0,Low friction
APL-2026-001817,2026-06-01,2026-06-01,2026-06-01,2026-06-01,2026-06-02,2026-06-02,Authorization,Standard,PAY-04,TM-04,TM-04,Closed,Overturned,7,Yes,No,No,0,0,RC-03,Yes,1.0,0,0,0,1.0,0.0,Yes,0,Low friction
APL-2026-003703,2026-04-25,2026-04-27,2026-04-29,2026-04-29,2026-05-05,2026-05-06,Clinical,Standard,PAY-01,TM-03,TM-03,Closed,Partially Overturned,14,Yes,No,No,0,0,RC-12,Yes,11.0,2,2,0,6.0,1.0,Yes,0,Low friction
APL-2026-003780,2026-04-05,2026-04-05,2026-04-05,2026-04-07,2026-04-15,2026-04-17,Administrative,Standard,PAY-04,TM-01,TM-03,Closed,Upheld,30,No,No,No,1,0,RC-08,Yes,12.0,0,0,2,8.0,2.0,Yes,35,Moderate friction
APL-2026-003674,2026-07-12,2026-07-12,2026-07-13,2026-07-13,2026-07-23,2026-07-23,Claims Payment,Standard,PAY-05,TM-01,TM-02,Closed,Overturned,30,Yes,No,Yes,1,0,RC-01,No,11.0,0,1,0,10.0,0.0,Yes,45,High friction
APL-2026-000786,2026-08-15,2026-08-15,2026-08-20,2026-08-24,2026-08-27,2026-08-28,Administrative,Standard,PAY-06,TM-07,TM-07,Closed,Upheld,30,Yes,No,No,0,0,RC-02,Yes,13.0,0,5,4,3.0,1.0,Yes,0,Low friction
APL-2026-003889,2026-06-23,2026-06-24,2026-06-25,2026-06-29,2026-06-30,2026-06-30,Administrative,Low,PAY-01,TM-01,TM-01,Closed,Overturned,30,Yes,No,No,0,0,RC-06,Yes,7.0,1,1,4,1.0,0.0,Yes,0,Low friction
APL-2026-000031,2026-09-15,2026-09-15,2026-09-15,2026-09-18,,,Authorization,Standard,PAY-02,TM-04,TM-04,Pending Information,,7,Yes,No,No,0,0,RC-01,Yes,,0,0,3,,,,0,Low friction
APL-2026-003598,2026-07-07,2026-07-08,2026-07-16,2026-07-21,2026-08-07,2026-08-10,Pharmacy,Low,PAY-01,TM-05,TM-07,Closed,Upheld,7,Yes,Yes,No,3,0,RC-04,No,34.0,1,8,5,17.0,3.0,No,60,Critical friction
APL-2026-000217,2026-06-16,2026-06-17,2026-06-18,2026-06-22,2026-06-29,2026-06-30,Clinical,Low,PAY-04,TM-03,TM-03,Closed,Overturned,14,Yes,No,No,0,0,RC-07,Yes,14.0,1,1,4,7.0,1.0,Yes,0,Low friction
APL-2026-000943,2026-08-05,2026-08-06,2026-08-10,2026-08-10,2026-08-14,2026-08-14,Clinical,Standard,PAY-01,TM-03,TM-03,Closed,Upheld,14,Yes,No,No,0,0,RC-04,Yes,9.0,1,4,0,4.0,0.0,Yes,0,Low friction
APL-2026-003783,2026-04-18,2026-04-18,2026-04-18,2026-04-20,2026-04-24,2026-04-24,Clinical,Urgent,PAY-03,TM-07,TM-08,Closed,Upheld,7,Yes,No,No,1,0,RC-01,Yes,6.0,0,0,2,4.0,0.0,Yes,10,Low friction
APL-2026-003761,2026-09-21,2026-09-21,2026-09-21,2026-09-21,2026-09-25,2026-09-29,Clinical,Low,PAY-01,TM-03,TM-03,Closed,Partially Overturned,14,Yes,No,No,0,0,RC-12,Yes,8.0,0,0,0,4.0,4.0,Yes,10,Low friction
APL-2026-003635,2026-01-31,2026-02-02,2026-02-04,2026-02-05,2026-02-17,2026-02-17,Administrative,Urgent,PAY-06,TM-07,TM-07,Closed,Overturned,7,Yes,No,No,0,0,RC-14,Yes,17.0,2,2,1,12.0,0.0,No,0,Low friction
APL-2026-001502,2026-04-04,2026-04-07,2026-04-13,2026-04-15,2026-04-17,2026-04-17,Authorization,Standard,PAY-04,TM-04,TM-04,Closed,Overturned,7,Yes,No,No,0,0,RC-09,Yes,13.0,3,6,2,2.0,0.0,No,0,Low friction
APL-2026-002656,2026-02-13,2026-02-13,2026-02-16,2026-02-16,2026-02-26,2026-02-26,Administrative,Standard,PAY-05,TM-01,TM-01,Closed,Upheld,30,No,No,No,0,0,RC-05,Yes,13.0,0,3,0,10.0,0.0,Yes,25,Moderate friction
APL-2026-000459,2026-08-24,2026-08-25,2026-08-26,2026-08-28,2026-09-21,2026-09-21,Clinical,Standard,PAY-01,TM-02,TM-02,Closed,Upheld,14,No,Yes,No,0,10,RC-07,Yes,28.0,1,1,2,24.0,0.0,No,45,High friction
APL-2026-001362,2026-06-15,2026-06-15,2026-06-15,2026-06-16,2026-06-17,2026-06-18,Clinical,Standard,PAY-01,TM-03,TM-03,Closed,Upheld,14,Yes,No,No,0,0,RC-04,Yes,3.0,0,0,1,1.0,1.0,Yes,0,Low friction
APL-2026-003245,2026-07-13,2026-07-13,2026-07-17,2026-07-21,2026-07-23,2026-07-23,Pharmacy,Standard,PAY-07,TM-05,TM-05,Closed,Upheld,7,No,No,No,0,0,RC-01,Yes,10.0,0,4,4,2.0,0.0,No,25,Moderate friction
APL-2026-001015,2026-05-12,2026-05-14,2026-05-15,2026-05-15,2026-05-20,2026-05-20,Clinical,Standard,PAY-05,TM-03,TM-03,Closed,Upheld,14,Yes,No,No,0,0,RC-05,Yes,8.0,2,1,0,5.0,0.0,Yes,0,Low friction
APL-2026-000071,2026-05-20,2026-05-20,2026-05-26,2026-05-27,2026-06-11,2026-06-12,Clinical,Low,PAY-03,TM-07,TM-03,Closed,Overturned,14,No,Yes,No,1,3,RC-12,No,23.0,0,6,1,15.0,1.0,No,55,High friction
APL-2026-000720,2026-07-07,2026-07-07,2026-07-07,2026-07-07,2026-07-21,2026-07-21,Clinical,Standard,PAY-02,TM-03,TM-03,Closed,Overturned,14,Yes,No,No,0,0,RC-02,Yes,14.0,0,0,0,14.0,0.0,Yes,0,Low friction
APL-2026-002636,2026-09-03,2026-09-03,2026-09-03,2026-09-04,2026-09-08,2026-09-09,Pharmacy,Urgent,PAY-01,TM-05,TM-05,Closed,Partially Overturned,7,Yes,No,No,0,0,RC-02,Yes,6.0,0,0,1,4.0,1.0,Yes,0,Low friction
APL-2026-001208,2026-01-24,2026-01-26,2026-01-27,2026-01-28,2026-02-02,2026-02-02,Authorization,Standard,PAY-04,TM-04,TM-04,Closed,Partially Overturned,7,Yes,No,No,0,0,RC-02,Yes,9.0,2,1,1,5.0,0.0,No,0,Low friction
APL-2026-001014,2026-07-21,2026-07-21,2026-07-30,2026-07-30,2026-08-20,2026-08-20,Clinical,Urgent,PAY-02,TM-03,TM-04,Closed,Upheld,7,No,Yes,Yes,1,6,RC-05,No,30.0,0,9,0,21.0,0.0,No,90,Critical friction
APL-2026-001990,2026-02-25,2026-02-26,2026-03-02,2026-03-05,2026-03-30,2026-03-31,Clinical,Standard,PAY-02,TM-03,TM-03,Closed,Overturned,14,No,No,No,0,0,RC-01,Yes,34.0,1,4,3,25.0,1.0,No,25,Moderate friction
APL-2026-002526,2026-02-14,2026-02-14,2026-02-14,2026-02-16,2026-02-27,2026-03-03,Claims Payment,Urgent,PAY-01,TM-01,TM-01,Closed,Partially Overturned,7,Yes,No,No,0,0,RC-08,Yes,17.0,0,0,2,11.0,4.0,No,10,Low friction
APL-2026-001939,2026-07-10,2026-07-13,2026-07-14,2026-07-14,2026-07-15,2026-07-15,Clinical,Standard,PAY-02,TM-02,TM-02,Closed,Upheld,14,Yes,No,No,0,0,RC-04,Yes,5.0,3,1,0,1.0,0.0,Yes,0,Low friction
APL-2026-003986,2026-04-10,2026-04-10,2026-04-16,2026-04-16,2026-06-02,2026-06-02,Clinical,Low,PAY-02,TM-03,TM-03,Closed,Upheld,14,No,Yes,No,0,18,RC-05,Yes,53.0,0,6,0,47.0,0.0,No,45,High friction
APL-2026-002582,2026-04-20,2026-04-20,2026-04-21,2026-04-21,2026-05-01,2026-05-01,Administrative,Standard,PAY-06,TM-07,TM-08,Closed,Partially Overturned,30,Yes,No,No,1,0,RC-01,Yes,11.0,0,1,0,10.0,0.0,Yes,10,Low friction
APL-2026-002699,2026-01-12,2026-01-14,2026-01-14,2026-01-14,2026-01-27,2026-01-29,Clinical,Urgent,PAY-05,TM-03,TM-03,Closed,Upheld,7,No,No,No,0,7,RC-05,Yes,17.0,2,0,0,13.0,2.0,No,45,High friction
APL-2026-003593,2026-07-19,2026-07-20,2026-07-21,2026-07-24,2026-08-05,2026-08-06,Clinical,Standard,PAY-03,TM-07,TM-07,Closed,Upheld,14,No,No,No,0,0,RC-03,Yes,18.0,1,1,3,12.0,1.0,No,25,Moderate friction
APL-2026-001092,2026-01-31,2026-01-31,2026-02-02,2026-02-03,2026-02-16,2026-02-18,Clinical,Standard,PAY-05,TM-02,TM-02,Closed,Upheld,14,No,No,No,0,4,RC-08,Yes,18.0,0,2,1,13.0,2.0,No,25,Moderate friction
APL-2026-000165,2026-07-10,2026-07-13,2026-07-14,2026-07-14,2026-07-21,2026-07-21,Clinical,Standard,PAY-05,TM-03,TM-03,Closed,Overturned,14,Yes,Yes,Yes,0,0,RC-06,Yes,11.0,3,1,0,7.0,0.0,Yes,15,Low friction
APL-2026-001318,2026-07-04,2026-07-04,2026-07-07,2026-07-08,2026-07-17,2026-07-17,Authorization,Low,PAY-02,TM-04,TM-04,Closed,Upheld,7,No,No,No,0,4,RC-05,Yes,13.0,0,3,1,9.0,0.0,No,25,Moderate friction
APL-2026-003988,2026-05-05,2026-05-05,2026-05-05,2026-05-06,2026-05-11,2026-05-13,Authorization,Standard,PAY-01,TM-04,TM-05,Closed,Overturned,7,Yes,No,No,1,0,RC-12,Yes,8.0,0,0,1,5.0,2.0,No,10,Low friction
APL-2026-003998,2026-03-30,2026-03-31,2026-03-31,2026-03-31,2026-04-06,2026-04-06,Authorization,Standard,PAY-01,TM-04,TM-08,Closed,Upheld,7,Yes,No,No,1,0,RC-04,Yes,7.0,1,0,0,6.0,0.0,Yes,10,Low friction
APL-2026-001074,2026-09-17,2026-09-18,2026-09-18,2026-09-22,2026-09-24,2026-09-25,Authorization,Standard,PAY-06,TM-04,TM-04,Closed,Upheld,7,Yes,No,No,0,0,RC-06,Yes,8.0,1,0,4,2.0,1.0,No,0,Low friction
APL-2026-001225,2026-06-19,2026-06-23,2026-06-23,2026-06-24,2026-07-08,2026-07-09,Clinical,Low,PAY-04,TM-02,TM-02,Closed,Upheld,14,Yes,No,Yes,0,0,RC-05,Yes,20.0,4,0,1,14.0,1.0,No,15,Low friction
APL-2026-003824,2026-07-05,2026-07-06,2026-07-06,2026-07-08,2026-07-10,2026-07-10,Authorization,Low,PAY-01,TM-04,TM-04,Closed,Overturned,7,Yes,No,No,0,0,RC-01,Yes,5.0,1,0,2,2.0,0.0,Yes,0,Low friction
APL-2026-002637,2026-07-25,2026-07-25,2026-07-25,2026-07-27,2026-07-31,2026-07-31,Clinical,Standard,PAY-04,TM-02,TM-02,Closed,Overturned,14,Yes,Yes,No,0,0,RC-08,Yes,6.0,0,0,2,4.0,0.0,Yes,0,Low friction
APL-2026-001556,2026-03-02,2026-03-03,2026-03-09,2026-03-10,2026-03-24,2026-03-26,Authorization,Low,PAY-01,TM-04,TM-04,Closed,Upheld,7,Yes,No,No,0,0,RC-13,Yes,24.0,1,6,1,14.0,2.0,No,0,Low friction
APL-2026-003048,2026-07-25,2026-07-28,2026-07-30,2026-07-30,2026-08-20,2026-08-27,Claims Payment,Standard,PAY-03,TM-07,TM-04,Closed,Overturned,30,No,No,No,3,3,RC-04,No,33.0,3,2,0,21.0,7.0,No,85,Critical friction
APL-2026-003921,2026-08-18,2026-08-20,2026-08-26,2026-08-26,2026-08-27,2026-08-28,Authorization,Standard,PAY-05,TM-04,TM-04,Closed,Overturned,7,Yes,No,No,0,0,RC-11,Yes,10.0,2,6,0,1.0,1.0,No,0,Low friction
APL-2026-001032,2026-03-25,2026-03-25,2026-03-26,2026-03-26,2026-04-01,2026-04-03,Clinical,Low,PAY-01,TM-02,TM-02,Closed,Partially Overturned,14,Yes,No,No,0,0,RC-02,Yes,9.0,0,1,0,6.0,2.0,Yes,0,Low friction
APL-2026-000676,2026-09-29,2026-09-30,2026-10-01,2026-10-01,,,Authorization,Urgent,PAY-01,TM-04,TM-04,Pending Information,,7,Yes,Yes,No,0,0,RC-04,Yes,,1,1,0,,,,0,Low friction
APL-2026-001091,2026-01-03,2026-01-05,2026-01-05,2026-01-06,2026-01-15,2026-01-15,Clinical,Standard,PAY-02,TM-03,TM-08,Closed,Overturned,14,Yes,No,No,1,0,RC-06,Yes,12.0,2,0,1,9.0,0.0,Yes,10,Low friction
APL-2026-003816,2026-09-11,2026-09-11,2026-09-11,2026-09-14,2026-09-29,2026-09-30,Clinical,Standard,PAY-03,TM-07,TM-07,Closed,Partially Overturned,14,No,No,No,0,5,RC-12,Yes,19.0,0,0,3,15.0,1.0,No,25,Moderate friction
APL-2026-000972,2026-02-02,2026-02-02,2026-02-02,2026-02-03,2026-02-11,2026-02-12,Authorization,Standard,PAY-03,TM-04,TM-04,Closed,Upheld,7,Yes,No,Yes,0,0,RC-03,Yes,10.0,0,0,1,8.0,1.0,No,15,Low friction
APL-2026-000322,2026-05-17,2026-05-17,2026-05-21,2026-05-26,2026-05-29,2026-05-29,Authorization,Standard,PAY-01,TM-04,TM-04,Closed,Upheld,7,Yes,No,No,0,0,RC-02,Yes,12.0,0,4,5,3.0,0.0,No,0,Low friction
APL-2026-000934,2026-01-26,2026-01-27,2026-01-27,2026-01-27,2026-02-02,2026-02-02,Administrative,Standard,PAY-01,TM-01,TM-01,Closed,Upheld,30,Yes,No,No,0,0,RC-02,Yes,7.0,1,0,0,6.0,0.0,Yes,0,Low friction
APL-2026-000393,2026-07-01,2026-07-02,2026-07-07,2026-07-09,2026-08-03,2026-08-05,Claims Payment,Standard,PAY-03,TM-07,TM-05,Closed,Upheld,30,Yes,No,Yes,1,0,RC-04,No,35.0,1,5,2,25.0,2.0,No,45,High friction
APL-2026-000195,2026-04-01,2026-04-01,2026-04-02,2026-04-07,2026-04-09,2026-04-09,Administrative,Low,PAY-02,TM-01,TM-01,Closed,Upheld,30,Yes,No,No,0,0,RC-14,Yes,8.0,0,1,5,2.0,0.0,Yes,0,Low friction
APL-2026-003646,2026-02-07,2026-02-09,2026-02-11,2026-02-13,2026-02-19,2026-02-19,Clinical,Standard,PAY-03,TM-07,TM-07,Closed,Upheld,14,Yes,No,No,0,0,RC-05,Yes,12.0,2,2,2,6.0,0.0,Yes,0,Low friction
APL-2026-000211,2026-04-01,2026-04-01,2026-04-02,2026-04-07,2026-05-12,2026-05-12,Clinical,Urgent,PAY-03,TM-07,TM-07,Closed,Partially Overturned,7,No,No,Yes,0,15,RC-09,Yes,41.0,0,1,5,35.0,0.0,No,60,Critical friction
APL-2026-003548,2026-06-25,2026-06-26,2026-06-29,2026-07-02,2026-07-14,2026-07-14,Pharmacy,Urgent,PAY-05,TM-05,TM-05,Closed,Upheld,7,Yes,No,No,0,0,RC-08,Yes,19.0,1,3,3,12.0,0.0,No,0,Low friction
APL-2026-003842,2026-02-06,2026-02-06,2026-02-10,2026-02-13,2026-02-16,2026-02-17,Administrative,Urgent,PAY-01,TM-01,TM-01,Closed,Overturned,7,Yes,No,No,0,0,RC-05,Yes,11.0,0,4,3,3.0,1.0,No,0,Low friction
APL-2026-002424,2026-06-07,2026-06-09,2026-06-11,2026-06-16,2026-07-01,2026-07-08,Administrative,Low,PAY-05,TM-01,TM-01,Closed,Upheld,30,Yes,No,No,0,0,RC-02,Yes,31.0,2,2,5,15.0,7.0,No,10,Low friction
APL-2026-000842,2026-04-01,2026-04-02,2026-04-06,2026-04-06,2026-04-07,2026-04-07,Clinical,Low,PAY-06,TM-07,TM-07,Closed,Overturned,14,Yes,No,No,0,0,RC-01,Yes,6.0,1,4,0,1.0,0.0,Yes,0,Low friction
APL-2026-001477,2026-09-16,2026-09-16,2026-09-17,2026-09-21,,,Administrative,Standard,PAY-07,TM-01,TM-01,In Review,,30,No,Yes,Yes,0,16,RC-12,Yes,,0,1,4,,,,60,Critical friction
APL-2026-001170,2026-01-25,2026-01-25,2026-02-02,2026-02-04,2026-02-24,2026-02-24,Administrative,Standard,PAY-01,TM-01,TM-05,Closed,Upheld,30,Yes,No,Yes,1,0,RC-07,No,30.0,0,8,2,20.0,0.0,Yes,45,High friction
APL-2026-001749,2026-04-03,2026-04-06,2026-04-08,2026-04-10,2026-04-13,2026-04-14,Claims Payment,Urgent,PAY-02,TM-01,TM-01,Closed,Upheld,7,Yes,No,No,0,0,RC-06,Yes,11.0,3,2,2,3.0,1.0,No,0,Low friction
APL-2026-003728,2026-02-13,2026-02-13,2026-02-16,2026-02-18,2026-02-26,2026-02-27,Authorization,Urgent,PAY-02,TM-04,TM-04,Closed,Upheld,7,No,No,No,0,0,RC-02,Yes,14.0,0,3,2,8.0,1.0,No,25,Moderate friction
APL-2026-002399,2026-02-02,2026-02-02,2026-02-06,2026-02-09,2026-02-10,2026-02-10,Clinical,Standard,PAY-02,TM-02,TM-02,Closed,Upheld,14,Yes,No,No,0,0,RC-14,Yes,8.0,0,4,3,1.0,0.0,Yes,0,Low friction
APL-2026-002481,2026-06-20,2026-06-20,2026-06-22,2026-06-23,2026-07-06,2026-07-07,Clinical,Low,PAY-01,TM-02,TM-02,Closed,Upheld,14,Yes,No,Yes,0,0,RC-06,Yes,17.0,0,2,1,13.0,1.0,No,15,Low friction
APL-2026-000087,2026-07-19,2026-07-19,2026-07-21,2026-07-21,2026-08-26,2026-09-02,Claims Payment,Standard,PAY-02,TM-01,TM-07,Closed,Upheld,30,No,Yes,Yes,2,6,RC-04,No,45.0,0,2,0,36.0,7.0,No,110,Critical friction
APL-2026-001947,2026-03-06,2026-03-09,2026-03-09,2026-03-12,2026-03-13,2026-03-13,Clinical,Standard,PAY-01,TM-02,TM-02,Closed,Upheld,14,Yes,No,No,0,0,RC-05,Yes,7.0,3,0,3,1.0,0.0,Yes,0,Low friction
APL-2026-000655,2026-04-15,2026-04-17,2026-04-20,2026-04-23,2026-04-30,2026-05-01,Authorization,Standard,PAY-04,TM-04,TM-01,Closed,Upheld,7,Yes,No,No,1,0,RC-04,No,16.0,2,3,3,7.0,1.0,No,30,Moderate friction
APL-2026-003120,2026-03-16,2026-03-16,2026-03-17,2026-03-17,2026-03-19,2026-03-26,Authorization,Standard,PAY-04,TM-04,TM-04,Closed,Partially Overturned,7,Yes,No,No,0,0,RC-03,Yes,10.0,0,1,0,2.0,7.0,No,10,Low friction
APL-2026-003702,2026-04-22,2026-04-22,2026-04-23,2026-04-23,2026-05-08,2026-05-08,Clinical,Low,PAY-02,TM-02,TM-03,Closed,Upheld,14,No,Yes,No,1,3,RC-05,Yes,16.0,0,1,0,15.0,0.0,No,35,Moderate friction
APL-2026-000633,2026-05-14,2026-05-14,2026-05-15,2026-05-20,2026-05-28,2026-06-04,Authorization,Standard,PAY-05,TM-04,TM-04,Closed,Partially Overturned,7,Yes,No,No,0,0,RC-01,Yes,21.0,0,1,5,8.0,7.0,No,10,Low friction
APL-2026-001735,2026-07-05,2026-07-05,2026-07-06,2026-07-09,2026-07-29,2026-07-30,Authorization,Urgent,PAY-01,TM-04,TM-02,Closed,Overturned,7,No,No,No,1,6,RC-01,Yes,25.0,0,1,3,20.0,1.0,No,55,High friction
APL-2026-000686,2026-04-09,2026-04-13,2026-04-16,2026-04-21,2026-04-30,2026-04-30,Pharmacy,Standard,PAY-01,TM-05,TM-07,Closed,Upheld,7,Yes,No,No,2,0,RC-04,No,21.0,4,3,5,9.0,0.0,No,40,High friction
APL-2026-001586,2026-01-09,2026-01-12,2026-01-15,2026-01-19,2026-02-03,2026-02-04,Administrative,Standard,PAY-07,TM-01,TM-04,Closed,Partially Overturned,30,No,No,No,1,0,RC-06,No,26.0,3,3,4,15.0,1.0,Yes,55,High friction
APL-2026-001605,2026-02-05,2026-02-05,2026-02-06,2026-02-09,2026-03-05,2026-03-05,Clinical,Urgent,PAY-05,TM-02,TM-02,Closed,Upheld,7,No,No,Yes,0,10,RC-02,Yes,28.0,0,1,3,24.0,0.0,No,60,Critical friction
APL-2026-002459,2026-01-23,2026-01-26,2026-02-04,2026-02-04,2026-03-09,2026-03-16,Administrative,Urgent,PAY-03,TM-07,TM-08,Closed,Upheld,7,No,No,No,1,10,RC-01,No,52.0,3,9,0,33.0,7.0,No,85,Critical friction
APL-2026-003454,2026-07-25,2026-07-27,2026-07-28,2026-07-30,2026-08-04,2026-08-04,Clinical,Urgent,PAY-05,TM-03,TM-03,Closed,Overturned,7,Yes,No,No,0,0,RC-09,Yes,10.0,2,1,2,5.0,0.0,No,0,Low friction
APL-2026-000998,2026-02-15,2026-02-16,2026-02-20,2026-02-20,2026-02-27,2026-03-03,Authorization,Standard,PAY-06,TM-04,TM-04,Closed,Overturned,7,Yes,No,No,0,0,RC-02,Yes,16.0,1,4,0,7.0,4.0,No,10,Low friction
APL-2026-002930,2026-09-21,2026-09-22,2026-09-22,2026-09-22,,,Clinical,Urgent,PAY-01,TM-03,TM-03,Escalated,,7,No,Yes,No,0,4,RC-08,Yes,,1,0,0,,,,25,Moderate friction
APL-2026-001512,2026-07-19,2026-07-20,2026-07-21,2026-07-21,2026-07-22,2026-07-22,Administrative,Standard,PAY-01,TM-01,TM-01,Closed,Partially Overturned,30,Yes,No,No,0,0,RC-12,Yes,3.0,1,1,0,1.0,0.0,Yes,0,Low friction
APL-2026-000198,2026-05-23,2026-05-23,2026-05-25,2026-05-28,2026-06-11,2026-06-12,Administrative,Standard,PAY-01,TM-01,TM-03,Closed,Overturned,30,Yes,No,Yes,1,0,RC-01,Yes,20.0,0,2,3,14.0,1.0,Yes,25,Moderate friction
APL-2026-001345,2026-03-21,2026-03-24,2026-03-26,2026-03-30,2026-04-01,2026-04-01,Clinical,Standard,PAY-01,TM-02,TM-02,Closed,Overturned,14,Yes,No,No,0,0,RC-06,Yes,11.0,3,2,4,2.0,0.0,Yes,0,Low friction
APL-2026-003486,2026-02-23,2026-02-24,2026-02-26,2026-02-27,2026-03-10,2026-03-10,Clinical,Standard,PAY-03,TM-07,TM-07,Closed,Upheld,14,Yes,No,No,0,0,RC-01,Yes,15.0,1,2,1,11.0,0.0,No,0,Low friction
APL-2026-003254,2026-09-08,2026-09-10,2026-09-14,2026-09-14,2026-09-16,2026-09-17,Claims Payment,Standard,PAY-06,TM-07,TM-07,Closed,Upheld,30,Yes,No,No,0,0,RC-01,Yes,9.0,2,4,0,2.0,1.0,Yes,0,Low friction
APL-2026-000482,2026-07-10,2026-07-13,2026-07-13,2026-07-15,2026-07-16,2026-07-17,Authorization,Standard,PAY-06,TM-04,TM-04,Closed,Overturned,7,Yes,No,No,0,0,RC-01,Yes,7.0,3,0,2,1.0,1.0,Yes,0,Low friction
APL-2026-000470,2026-08-19,2026-08-20,2026-08-20,2026-08-20,2026-08-21,2026-08-24,Authorization,Standard,PAY-04,TM-04,TM-04,Closed,Overturned,7,Yes,No,No,0,0,RC-06,Yes,5.0,1,0,0,1.0,3.0,Yes,10,Low friction
APL-2026-000732,2026-09-13,2026-09-13,2026-09-14,2026-09-17,,,Clinical,Standard,PAY-02,TM-03,TM-03,Pending Information,,14,Yes,No,No,0,0,RC-01,Yes,,0,1,3,,,,0,Low friction
APL-2026-000318,2026-04-15,2026-04-16,2026-04-17,2026-04-20,2026-04-24,2026-04-24,Clinical,Standard,PAY-01,TM-03,TM-03,Closed,Upheld,14,Yes,No,Yes,0,0,RC-02,Yes,9.0,1,1,3,4.0,0.0,Yes,15,Low friction
APL-2026-003315,2026-05-22,2026-05-26,2026-05-28,2026-06-01,2026-06-04,2026-06-04,Clinical,Urgent,PAY-01,TM-03,TM-03,Closed,Upheld,7,Yes,No,No,0,0,RC-10,Yes,13.0,4,2,4,3.0,0.0,No,0,Low friction
APL-2026-002257,2026-01-24,2026-01-24,2026-01-26,2026-01-28,2026-01-30,2026-01-30,Clinical,Standard,PAY-02,TM-03,TM-03,Closed,Upheld,14,No,No,No,0,0,RC-10,Yes,6.0,0,2,2,2.0,0.0,Yes,25,Moderate friction
APL-2026-000389,2026-05-25,2026-05-25,2026-05-27,2026-06-01,2026-06-02,2026-06-02,Claims Payment,Urgent,PAY-05,TM-01,TM-01,Closed,Upheld,7,Yes,No,No,0,0,RC-01,Yes,8.0,0,2,5,1.0,0.0,No,0,Low friction
APL-2026-002246,2026-05-07,2026-05-07,2026-05-08,2026-05-08,2026-05-27,2026-05-27,Claims Payment,Standard,PAY-06,TM-07,TM-08,Closed,Upheld,30,Yes,No,No,1,0,RC-01,Yes,20.0,0,1,0,19.0,0.0,Yes,10,Low friction
APL-2026-001048,2026-09-30,2026-09-30,2026-10-05,2026-10-06,,,Administrative,Standard,PAY-02,TM-01,TM-07,Pending Information,,30,No,Yes,No,2,0,RC-05,No,,0,5,1,,,,65,Critical friction
APL-2026-001110,2026-07-07,2026-07-09,2026-07-10,2026-07-13,2026-08-04,2026-08-04,Clinical,Standard,PAY-03,TM-07,TM-07,Closed,Partially Overturned,14,No,No,Yes,0,6,RC-05,Yes,28.0,2,1,3,22.0,0.0,No,60,Critical friction
APL-2026-001652,2026-04-04,2026-04-06,2026-04-09,2026-04-14,2026-04-20,2026-04-20,Clinical,Low,PAY-05,TM-03,TM-08,Closed,Overturned,14,Yes,No,No,1,0,RC-01,No,16.0,2,3,5,6.0,0.0,No,30,Moderate friction
APL-2026-001748,2026-02-17,2026-02-17,2026-02-17,2026-02-18,2026-03-23,2026-03-24,Clinical,Standard,PAY-05,TM-02,TM-02,Closed,Overturned,14,No,No,Yes,0,20,RC-05,Yes,35.0,0,0,1,33.0,1.0,No,60,Critical friction
APL-2026-000267,2026-09-02,2026-09-04,2026-09-04,2026-09-07,2026-09-08,2026-09-10,Authorization,Standard,PAY-04,TM-04,TM-04,Closed,Upheld,7,Yes,No,No,0,0,RC-12,Yes,8.0,2,0,3,1.0,2.0,No,0,Low friction
APL-2026-003047,2026-06-30,2026-06-30,2026-07-01,2026-07-02,2026-07-06,2026-07-07,Administrative,Standard,PAY-01,TM-01,TM-01,Closed,Upheld,30,Yes,No,No,0,0,RC-11,Yes,7.0,0,1,1,4.0,1.0,Yes,0,Low friction
APL-2026-002329,2026-09-05,2026-09-05,2026-09-07,2026-09-07,2026-09-10,2026-09-14,Clinical,Standard,PAY-03,TM-07,TM-07,Closed,Overturned,14,Yes,No,No,0,0,RC-15,Yes,9.0,0,2,0,3.0,4.0,Yes,10,Low friction
APL-2026-001359,2026-08-28,2026-08-31,2026-08-31,2026-09-02,2026-09-22,2026-09-29,Clinical,Standard,PAY-03,TM-07,TM-07,Closed,Upheld,14,No,No,No,0,13,RC-01,Yes,32.0,3,0,2,20.0,7.0,No,55,High friction
APL-2026-003135,2026-07-09,2026-07-10,2026-07-13,2026-07-16,2026-07-20,2026-07-20,Clinical,Low,PAY-02,TM-02,TM-02,Closed,Partially Overturned,14,Yes,No,No,0,0,RC-15,Yes,11.0,1,3,3,4.0,0.0,Yes,0,Low friction
APL-2026-001413,2026-03-01,2026-03-02,2026-03-02,2026-03-02,2026-03-12,2026-03-19,Clinical,Low,PAY-06,TM-07,TM-07,Closed,Partially Overturned,14,Yes,No,No,0,0,RC-10,Yes,18.0,1,0,0,10.0,7.0,No,10,Low friction
APL-2026-000077,2026-01-23,2026-01-26,2026-01-26,2026-01-26,2026-01-29,2026-02-05,Clinical,Standard,PAY-02,TM-02,TM-05,Closed,Upheld,14,Yes,No,No,1,0,RC-01,Yes,13.0,3,0,0,3.0,7.0,Yes,20,Moderate friction
APL-2026-002132,2026-07-21,2026-07-21,2026-07-22,2026-07-23,2026-08-19,2026-08-21,Clinical,Standard,PAY-06,TM-07,TM-04,Closed,Upheld,14,No,Yes,Yes,2,2,RC-04,No,31.0,0,1,1,27.0,2.0,No,80,Critical friction
APL-2026-002001,2026-04-12,2026-04-12,2026-04-13,2026-04-16,2026-05-13,2026-05-15,Authorization,Standard,PAY-01,TM-04,TM-04,Closed,Upheld,7,No,Yes,Yes,0,13,RC-05,Yes,33.0,0,1,3,27.0,2.0,No,60,Critical friction
APL-2026-003481,2026-03-05,2026-03-06,2026-03-09,2026-03-12,2026-03-24,2026-03-24,Authorization,Standard,PAY-03,TM-04,TM-04,Closed,Overturned,7,Yes,No,No,0,0,RC-13,Yes,19.0,1,3,3,12.0,0.0,No,0,Low friction
APL-2026-003400,2026-03-12,2026-03-12,2026-03-17,2026-03-20,2026-04-09,2026-04-13,Clinical,Standard,PAY-01,TM-02,TM-05,Closed,Upheld,14,No,Yes,No,1,0,RC-01,No,32.0,0,5,3,20.0,4.0,No,65,Critical friction
APL-2026-001799,2026-02-21,2026-02-21,2026-02-21,2026-02-21,2026-03-05,2026-03-05,Clinical,Urgent,PAY-03,TM-07,TM-07,Closed,Upheld,7,Yes,No,No,0,0,RC-01,Yes,12.0,0,0,0,12.0,0.0,No,0,Low friction
APL-2026-000028,2026-04-01,2026-04-02,2026-04-06,2026-04-08,2026-04-21,2026-04-21,Administrative,Standard,PAY-01,TM-01,TM-01,Closed,Overturned,30,Yes,No,No,0,0,RC-02,Yes,20.0,1,4,2,13.0,0.0,Yes,0,Low friction
APL-2026-003502,2026-04-19,2026-04-19,2026-04-19,2026-04-21,2026-04-28,2026-04-28,Clinical,Standard,PAY-01,TM-02,TM-02,Closed,Upheld,14,Yes,No,No,0,0,RC-02,Yes,9.0,0,0,2,7.0,0.0,Yes,0,Low friction
APL-2026-001606,2026-04-20,2026-04-20,2026-04-20,2026-04-23,2026-04-24,2026-04-24,Authorization,Standard,PAY-07,TM-04,TM-04,Closed,Partially Overturned,7,Yes,No,No,0,0,RC-12,Yes,4.0,0,0,3,1.0,0.0,Yes,0,Low friction
APL-2026-000578,2026-05-14,2026-05-15,2026-05-15,2026-05-18,2026-05-27,2026-05-29,Administrative,Standard,PAY-01,TM-01,TM-01,Closed,Overturned,30,Yes,No,No,0,0,RC-15,Yes,15.0,1,0,3,9.0,2.0,Yes,0,Low friction
APL-2026-002136,2026-07-08,2026-07-08,2026-07-08,2026-07-10,2026-07-16,2026-07-17,Administrative,Standard,PAY-05,TM-01,TM-01,Closed,Upheld,30,Yes,No,No,0,0,RC-04,Yes,9.0,0,0,2,6.0,1.0,Yes,0,Low friction
APL-2026-001209,2026-07-22,2026-07-22,2026-07-22,2026-07-23,2026-07-29,2026-07-29,Claims Payment,Standard,PAY-03,TM-07,TM-07,Closed,Upheld,30,No,No,No,0,3,RC-01,Yes,7.0,0,0,1,6.0,0.0,Yes,25,Moderate friction
APL-2026-000806,2026-03-21,2026-03-24,2026-03-25,2026-03-30,2026-04-28,2026-05-05,Administrative,Standard,PAY-02,TM-01,TM-07,Closed,Upheld,30,No,Yes,No,2,5,RC-04,No,45.0,3,1,5,29.0,7.0,No,75,Critical friction
APL-2026-000698,2026-02-20,2026-02-20,2026-02-26,2026-03-02,2026-03-13,2026-03-13,Administrative,Standard,PAY-03,TM-07,TM-07,Closed,Upheld,30,No,No,No,0,5,RC-13,Yes,21.0,0,6,4,11.0,0.0,Yes,25,Moderate friction
APL-2026-002158,2026-09-18,2026-09-21,2026-09-22,2026-09-22,2026-09-23,2026-09-24,Authorization,Standard,PAY-06,TM-04,TM-04,Closed,Partially Overturned,7,Yes,No,No,0,0,RC-15,Yes,6.0,3,1,0,1.0,1.0,Yes,0,Low friction
APL-2026-001342,2026-02-16,2026-02-16,2026-02-18,2026-02-18,2026-02-20,2026-02-24,Administrative,Low,PAY-02,TM-01,TM-01,Closed,Overturned,30,Yes,No,No,0,0,RC-09,Yes,8.0,0,2,0,2.0,4.0,Yes,10,Low friction
APL-2026-001639,2026-06-19,2026-06-19,2026-06-22,2026-06-23,2026-06-26,2026-07-03,Administrative,Standard,PAY-02,TM-01,TM-01,Closed,Upheld,30,Yes,No,No,0,0,RC-05,Yes,14.0,0,3,1,3.0,7.0,Yes,10,Low friction
APL-2026-003163,2026-08-23,2026-08-24,2026-08-25,2026-08-27,2026-09-03,2026-09-03,Clinical,Standard,PAY-01,TM-03,TM-03,Closed,Upheld,14,Yes,Yes,No,0,0,RC-03,Yes,11.0,1,1,2,7.0,0.0,Yes,0,Low friction
APL-2026-003438,2026-01-17,2026-01-20,2026-01-26,2026-01-28,2026-02-11,2026-02-13,Authorization,Standard,PAY-04,TM-04,TM-01,Closed,Upheld,7,No,No,No,2,0,RC-02,No,27.0,3,6,2,14.0,2.0,No,65,Critical friction
APL-2026-002641,2026-07-11,2026-07-11,2026-07-11,2026-07-13,2026-07-27,2026-07-28,Clinical,Standard,PAY-04,TM-02,TM-03,Closed,Upheld,14,No,Yes,No,1,3,RC-03,Yes,17.0,0,0,2,14.0,1.0,No,35,Moderate friction
APL-2026-003165,2026-02-07,2026-02-09,2026-02-11,2026-02-12,2026-02-20,2026-02-20,Clinical,Low,PAY-02,TM-02,TM-02,Closed,Partially Overturned,14,Yes,No,No,0,0,RC-11,Yes,13.0,2,2,1,8.0,0.0,Yes,0,Low friction
APL-2026-002578,2026-02-02,2026-02-02,2026-02-03,2026-02-06,2026-02-16,2026-02-16,Pharmacy,Low,PAY-01,TM-05,TM-04,Closed,Upheld,7,Yes,No,No,1,0,RC-09,Yes,14.0,0,1,3,10.0,0.0,No,10,Low friction
APL-2026-001844,2026-04-23,2026-04-24,2026-04-27,2026-04-28,2026-04-29,2026-05-01,Administrative,Standard,PAY-03,TM-07,TM-07,Closed,Partially Overturned,30,Yes,No,No,0,0,RC-09,Yes,8.0,1,3,1,1.0,2.0,Yes,0,Low friction
APL-2026-003020,2026-07-31,2026-08-03,2026-08-05,2026-08-05,2026-08-19,2026-08-20,Clinical,Standard,PAY-02,TM-03,TM-03,Closed,Upheld,14,Yes,No,No,0,0,RC-05,Yes,20.0,3,2,0,14.0,1.0,No,0,Low friction
APL-2026-001278,2026-03-10,2026-03-10,2026-03-12,2026-03-12,2026-03-17,2026-03-17,Clinical,Standard,PAY-03,TM-07,TM-07,Closed,Upheld,14,Yes,No,No,0,0,RC-08,Yes,7.0,0,2,0,5.0,0.0,Yes,0,Low friction
APL-2026-003141,2026-03-04,2026-03-05,2026-03-09,2026-03-10,2026-03-11,2026-03-12,Claims Payment,Urgent,PAY-05,TM-01,TM-01,Closed,Upheld,7,Yes,No,No,0,0,RC-03,Yes,8.0,1,4,1,1.0,1.0,No,0,Low friction
APL-2026-001053,2026-04-11,2026-04-13,2026-04-14,2026-04-14,2026-05-12,2026-05-12,Clinical,Urgent,PAY-07,TM-02,TM-04,Closed,Upheld,7,No,No,Yes,3,7,RC-01,No,31.0,2,1,0,28.0,0.0,No,110,Critical friction
APL-2026-003643,2026-01-26,2026-01-26,2026-01-27,2026-01-28,2026-02-02,2026-02-04,Clinical,Standard,PAY-06,TM-07,TM-07,Closed,Overturned,14,Yes,No,No,0,0,RC-02,Yes,9.0,0,1,1,5.0,2.0,Yes,0,Low friction
APL-2026-003314,2026-07-21,2026-07-21,2026-07-22,2026-07-22,2026-07-28,2026-07-28,Claims Payment,Standard,PAY-02,TM-01,TM-01,Closed,Overturned,30,Yes,No,No,0,0,RC-03,Yes,7.0,0,1,0,6.0,0.0,Yes,0,Low friction
APL-2026-003057,2026-09-15,2026-09-15,2026-09-17,2026-09-17,2026-09-28,2026-09-30,Authorization,Standard,PAY-04,TM-04,TM-04,Closed,Upheld,7,Yes,Yes,No,0,0,RC-15,Yes,15.0,0,2,0,11.0,2.0,No,0,Low friction
APL-2026-003265,2026-01-04,2026-01-05,2026-01-06,2026-01-06,2026-01-12,2026-01-13,Clinical,Standard,PAY-01,TM-02,TM-02,Closed,Overturned,14,No,Yes,No,0,0,RC-05,Yes,9.0,1,1,0,6.0,1.0,Yes,25,Moderate friction
APL-2026-003255,2026-06-12,2026-06-12,2026-06-12,2026-06-17,2026-07-13,2026-07-14,Claims Payment,Low,PAY-05,TM-01,TM-01,Closed,Partially Overturned,30,No,No,No,0,8,RC-01,Yes,32.0,0,0,5,26.0,1.0,No,45,High friction
APL-2026-000141,2026-03-08,2026-03-09,2026-03-09,2026-03-09,2026-03-24,2026-03-24,Authorization,Urgent,PAY-04,TM-04,TM-04,Closed,Upheld,7,Yes,No,No,0,0,RC-11,Yes,16.0,1,0,0,15.0,0.0,No,0,Low friction
APL-2026-000399,2026-06-08,2026-06-08,2026-06-09,2026-06-10,2026-06-17,2026-06-17,Authorization,Low,PAY-06,TM-04,TM-04,Closed,Upheld,7,No,No,No,0,4,RC-12,Yes,9.0,0,1,1,7.0,0.0,No,25,Moderate friction
APL-2026-000223,2026-08-06,2026-08-07,2026-08-11,2026-08-13,2026-08-27,2026-08-28,Pharmacy,Low,PAY-03,TM-05,TM-05,Closed,Partially Overturned,7,No,Yes,No,0,0,RC-13,Yes,22.0,1,4,2,14.0,1.0,No,25,Moderate friction
APL-2026-000303,2026-05-01,2026-05-01,2026-05-01,2026-05-05,2026-05-11,2026-05-11,Claims Payment,Standard,PAY-02,TM-01,TM-01,Closed,Upheld,30,Yes,No,No,0,0,RC-09,Yes,10.0,0,0,4,6.0,0.0,Yes,0,Low friction
APL-2026-000088,2026-06-20,2026-06-20,2026-06-26,2026-06-29,2026-07-02,2026-07-03,Claims Payment,Standard,PAY-02,TM-01,TM-07,Closed,Upheld,30,Yes,No,No,1,0,RC-04,No,13.0,0,6,3,3.0,1.0,Yes,30,Moderate friction
APL-2026-002124,2026-03-25,2026-03-25,2026-03-26,2026-03-26,2026-03-31,2026-03-31,Administrative,Standard,PAY-01,TM-01,TM-05,Closed,Overturned,30,Yes,No,No,1,0,RC-02,No,6.0,0,1,0,5.0,0.0,Yes,30,Moderate friction
APL-2026-002367,2026-08-04,2026-08-05,2026-08-11,2026-08-12,2026-08-13,2026-08-14,Clinical,Standard,PAY-04,TM-03,TM-03,Closed,Partially Overturned,14,Yes,No,No,0,0,RC-01,Yes,10.0,1,6,1,1.0,1.0,Yes,0,Low friction
APL-2026-000589,2026-09-02,2026-09-03,2026-09-03,2026-09-08,2026-09-24,2026-09-25,Claims Payment,Standard,PAY-01,TM-01,TM-01,Closed,Partially Overturned,30,No,No,No,0,11,RC-05,Yes,23.0,1,0,5,16.0,1.0,Yes,45,High friction
APL-2026-001778,2026-07-25,2026-07-25,2026-07-27,2026-07-27,2026-07-30,2026-07-31,Clinical,Standard,PAY-02,TM-02,TM-04,Closed,Overturned,14,Yes,No,No,1,0,RC-09,Yes,6.0,0,2,0,3.0,1.0,Yes,10,Low friction
APL-2026-001199,2026-05-20,2026-05-20,2026-05-21,2026-05-22,2026-05-29,2026-06-02,Administrative,Urgent,PAY-01,TM-01,TM-01,Closed,Partially Overturned,7,Yes,No,No,0,0,RC-02,Yes,13.0,0,1,1,7.0,4.0,No,10,Low friction
APL-2026-000819,2026-04-13,2026-04-14,2026-04-15,2026-04-15,2026-05-07,2026-05-07,Claims Payment,Standard,PAY-02,TM-01,TM-05,Closed,Upheld,30,No,No,No,1,4,RC-05,Yes,24.0,1,1,0,22.0,0.0,Yes,35,Moderate friction
APL-2026-000335,2026-05-29,2026-06-01,2026-06-03,2026-06-03,2026-06-08,2026-06-10,Administrative,Low,PAY-04,TM-01,TM-01,Closed,Overturned,30,Yes,No,No,0,0,RC-01,Yes,12.0,3,2,0,5.0,2.0,Yes,0,Low friction
APL-2026-002268,2026-08-14,2026-08-18,2026-08-24,2026-08-27,2026-09-02,2026-09-09,Clinical,Low,PAY-01,TM-02,TM-02,Closed,Overturned,14,Yes,No,No,0,0,RC-12,Yes,26.0,4,6,3,6.0,7.0,No,10,Low friction
APL-2026-002759,2026-09-23,2026-09-23,2026-09-25,2026-09-28,,,Authorization,Standard,PAY-03,TM-04,TM-04,Escalated,,7,Yes,No,Yes,0,0,RC-06,Yes,,0,2,3,,,,15,Low friction
APL-2026-001234,2026-05-15,2026-05-15,2026-05-15,2026-05-15,2026-05-20,2026-05-21,Clinical,Urgent,PAY-03,TM-07,TM-07,Closed,Overturned,7,Yes,No,No,0,0,RC-06,Yes,6.0,0,0,0,5.0,1.0,Yes,0,Low friction
APL-2026-002791,2026-08-12,2026-08-14,2026-08-18,2026-08-19,2026-08-27,2026-08-31,Clinical,Urgent,PAY-05,TM-03,TM-02,Closed,Partially Overturned,7,Yes,No,No,1,0,RC-01,Yes,19.0,2,4,1,8.0,4.0,No,20,Moderate friction
APL-2026-001127,2026-08-23,2026-08-24,2026-08-24,2026-08-25,2026-09-01,2026-09-02,Administrative,Standard,PAY-03,TM-07,TM-07,Closed,Upheld,30,Yes,No,Yes,0,0,RC-01,Yes,10.0,1,0,1,7.0,1.0,Yes,15,Low friction
APL-2026-003034,2026-07-30,2026-08-03,2026-08-04,2026-08-05,2026-08-10,2026-08-11,Clinical,Low,PAY-02,TM-03,TM-07,Closed,Upheld,14,Yes,No,No,1,0,RC-03,Yes,12.0,4,1,1,5.0,1.0,Yes,10,Low friction
APL-2026-000212,2026-09-17,2026-09-18,2026-09-21,2026-09-24,2026-09-25,2026-09-28,Authorization,Standard,PAY-05,TM-04,TM-04,Closed,Upheld,7,Yes,No,No,0,0,RC-01,Yes,11.0,1,3,3,1.0,3.0,No,10,Low friction
APL-2026-001177,2026-04-03,2026-04-03,2026-04-06,2026-04-06,2026-04-10,2026-04-10,Administrative,Standard,PAY-05,TM-01,TM-01,Closed,Partially Overturned,30,No,No,No,0,1,RC-05,Yes,7.0,0,3,0,4.0,0.0,Yes,25,Moderate friction
APL-2026-001158,2026-08-15,2026-08-15,2026-08-17,2026-08-17,2026-08-21,2026-08-21,Clinical,Standard,PAY-02,TM-03,TM-03,Closed,Overturned,14,Yes,No,No,0,0,RC-03,Yes,6.0,0,2,0,4.0,0.0,Yes,0,Low friction
APL-2026-003698,2026-02-19,2026-02-19,2026-02-20,2026-02-23,2026-02-25,2026-02-25,Pharmacy,Low,PAY-06,TM-05,TM-05,Closed,Upheld,7,Yes,No,No,0,0,RC-02,Yes,6.0,0,1,3,2.0,0.0,Yes,0,Low friction
APL-2026-002079,2026-03-15,2026-03-17,2026-03-19,2026-03-20,2026-03-23,2026-03-24,Administrative,Standard,PAY-01,TM-01,TM-01,Closed,Overturned,30,Yes,No,No,0,0,RC-05,Yes,9.0,2,2,1,3.0,1.0,Yes,0,Low friction
APL-2026-001513,2026-08-08,2026-08-11,2026-08-14,2026-08-17,2026-08-26,2026-08-27,Authorization,Low,PAY-03,TM-04,TM-05,Closed,Upheld,7,No,No,No,2,0,RC-05,No,19.0,3,3,3,9.0,1.0,No,65,Critical friction
APL-2026-003794,2026-02-03,2026-02-04,2026-02-04,2026-02-09,2026-02-12,2026-02-16,Administrative,Low,PAY-05,TM-01,TM-01,Closed,Overturned,30,Yes,No,No,0,0,RC-01,Yes,13.0,1,0,5,3.0,4.0,Yes,10,Low friction
APL-2026-003450,2026-06-06,2026-06-06,2026-06-11,2026-06-11,2026-06-24,2026-06-24,Authorization,Standard,PAY-01,TM-04,TM-05,Closed,Partially Overturned,7,Yes,No,Yes,1,0,RC-04,No,18.0,0,5,0,13.0,0.0,No,45,High friction
APL-2026-002503,2026-08-13,2026-08-13,2026-08-19,2026-08-21,2026-09-01,2026-09-02,Pharmacy,Low,PAY-03,TM-05,TM-05,Closed,Overturned,7,Yes,No,No,0,0,RC-04,Yes,20.0,0,6,2,11.0,1.0,No,0,Low friction
APL-2026-001043,2026-07-11,2026-07-13,2026-07-13,2026-07-16,2026-07-29,2026-07-29,Clinical,Urgent,PAY-02,TM-02,TM-02,Closed,Upheld,7,No,No,No,0,8,RC-13,Yes,18.0,2,0,3,13.0,0.0,No,45,High friction
APL-2026-000266,2026-03-25,2026-03-25,2026-03-26,2026-03-27,2026-04-01,2026-04-01,Pharmacy,Standard,PAY-04,TM-05,TM-05,Closed,Upheld,7,Yes,No,No,0,0,RC-01,Yes,7.0,0,1,1,5.0,0.0,Yes,0,Low friction
APL-2026-003251,2026-02-10,2026-02-10,2026-02-10,2026-02-13,2026-02-16,2026-02-16,Claims Payment,Standard,PAY-07,TM-01,TM-01,Closed,Upheld,30,No,No,No,0,0,RC-12,Yes,6.0,0,0,3,3.0,0.0,Yes,25,Moderate friction
APL-2026-002853,2026-04-22,2026-04-22,2026-04-22,2026-04-22,2026-04-24,2026-04-28,Clinical,Standard,PAY-04,TM-03,TM-03,Closed,Partially Overturned,14,Yes,No,No,0,0,RC-07,Yes,6.0,0,0,0,2.0,4.0,Yes,10,Low friction
APL-2026-001401,2026-02-28,2026-03-02,2026-03-02,2026-03-04,2026-03-13,2026-03-13,Clinical,Low,PAY-02,TM-03,TM-03,Closed,Partially Overturned,14,Yes,No,No,0,0,RC-04,Yes,13.0,2,0,2,9.0,0.0,Yes,0,Low friction
APL-2026-002922,2026-03-09,2026-03-10,2026-03-11,2026-03-16,2026-04-14,2026-04-15,Authorization,Standard,PAY-05,TM-04,TM-04,Closed,Upheld,7,No,No,No,0,15,RC-01,Yes,37.0,1,1,5,29.0,1.0,No,45,High friction
APL-2026-000158,2026-06-19,2026-06-23,2026-06-25,2026-06-26,2026-06-29,2026-07-01,Clinical,Standard,PAY-01,TM-03,TM-03,Closed,Overturned,14,Yes,No,No,0,0,RC-01,Yes,12.0,4,2,1,3.0,2.0,Yes,0,Low friction
APL-2026-001047,2026-08-29,2026-08-29,2026-08-29,2026-09-02,2026-09-03,2026-09-03,Administrative,Standard,PAY-06,TM-07,TM-07,Closed,Partially Overturned,30,Yes,No,No,0,0,RC-10,Yes,5.0,0,0,4,1.0,0.0,Yes,0,Low friction
APL-2026-001791,2026-01-17,2026-01-19,2026-01-20,2026-01-21,2026-01-28,2026-01-28,Administrative,Standard,PAY-02,TM-01,TM-08,Closed,Overturned,30,Yes,No,No,1,0,RC-12,Yes,11.0,2,1,1,7.0,0.0,Yes,10,Low friction
APL-2026-001334,2026-04-30,2026-05-04,2026-05-06,2026-05-08,2026-05-25,2026-05-27,Clinical,Low,PAY-03,TM-07,TM-08,Closed,Overturned,14,Yes,No,No,3,0,RC-04,No,27.0,4,2,2,17.0,2.0,No,50,High friction
APL-2026-003900,2026-02-02,2026-02-02,2026-02-02,2026-02-04,2026-02-05,2026-02-12,Administrative,Standard,PAY-02,TM-01,TM-01,Closed,Overturned,30,Yes,No,No,0,0,RC-03,Yes,10.0,0,0,2,1.0,7.0,Yes,10,Low friction
APL-2026-000878,2026-06-07,2026-06-08,2026-06-10,2026-06-12,2026-06-22,2026-06-22,Administrative,Standard,PAY-04,TM-01,TM-01,Closed,Upheld,30,Yes,No,No,0,0,RC-01,Yes,15.0,1,2,2,10.0,0.0,Yes,0,Low friction
APL-2026-002776,2026-07-12,2026-07-12,2026-07-13,2026-07-16,2026-07-27,2026-07-27,Pharmacy,Standard,PAY-02,TM-05,TM-04,Closed,Upheld,7,No,No,No,2,0,RC-14,No,15.0,0,1,3,11.0,0.0,No,65,Critical friction
APL-2026-000059,2026-07-21,2026-07-22,2026-07-28,2026-07-29,2026-08-13,2026-08-13,Administrative,Low,PAY-03,TM-07,TM-07,Closed,Partially Overturned,30,No,Yes,Yes,0,0,RC-14,Yes,23.0,1,6,1,15.0,0.0,Yes,40,High friction
APL-2026-003777,2026-05-06,2026-05-06,2026-05-07,2026-05-11,2026-05-12,2026-05-13,Pharmacy,Standard,PAY-01,TM-05,TM-05,Closed,Overturned,7,Yes,No,No,0,0,RC-01,Yes,7.0,0,1,4,1.0,1.0,Yes,0,Low friction
APL-2026-000659,2026-09-20,2026-09-20,2026-09-24,2026-09-28,,,Clinical,Standard,PAY-01,TM-03,TM-01,Escalated,,14,Yes,No,No,1,0,RC-04,Yes,,0,4,4,,,,10,Low friction
APL-2026-002601,2026-06-16,2026-06-17,2026-06-18,2026-06-18,2026-06-19,2026-06-22,Pharmacy,Standard,PAY-02,TM-05,TM-05,Closed,Overturned,7,Yes,No,No,0,0,RC-08,Yes,6.0,1,1,0,1.0,3.0,Yes,10,Low friction
APL-2026-000229,2026-09-22,2026-09-22,2026-09-23,2026-09-23,,,Administrative,Standard,PAY-03,TM-07,TM-07,Pending Information,,30,Yes,No,No,0,0,RC-04,Yes,,0,1,0,,,,0,Low friction
APL-2026-001261,2026-04-03,2026-04-03,2026-04-09,2026-04-10,2026-04-15,2026-04-17,Authorization,Standard,PAY-02,TM-04,TM-04,Closed,Overturned,7,Yes,No,No,0,0,RC-01,Yes,14.0,0,6,1,5.0,2.0,No,0,Low friction
APL-2026-002848,2026-05-11,2026-05-12,2026-05-14,2026-05-14,2026-05-15,2026-05-18,Clinical,Standard,PAY-03,TM-07,TM-07,Closed,Overturned,14,Yes,No,No,0,0,RC-06,Yes,7.0,1,2,0,1.0,3.0,Yes,10,Low friction
APL-2026-003860,2026-07-20,2026-07-20,2026-07-22,2026-07-22,2026-08-03,2026-08-03,Pharmacy,Standard,PAY-04,TM-05,TM-05,Closed,Upheld,7,Yes,No,No,0,0,RC-08,Yes,14.0,0,2,0,12.0,0.0,No,0,Low friction
APL-2026-001854,2026-05-14,2026-05-14,2026-05-18,2026-05-19,2026-05-21,2026-05-25,Claims Payment,Low,PAY-02,TM-01,TM-01,Closed,Partially Overturned,30,Yes,No,No,0,0,RC-03,Yes,11.0,0,4,1,2.0,4.0,Yes,10,Low friction
APL-2026-002625,2026-05-03,2026-05-03,2026-05-05,2026-05-06,2026-05-26,2026-05-27,Authorization,Standard,PAY-03,TM-04,TM-04,Closed,Upheld,7,No,No,Yes,0,7,RC-06,Yes,24.0,0,2,1,20.0,1.0,No,60,Critical friction
APL-2026-001672,2026-06-04,2026-06-04,2026-06-05,2026-06-05,2026-06-25,2026-06-25,Claims Payment,Standard,PAY-03,TM-07,TM-07,Closed,Overturned,30,Yes,Yes,No,0,0,RC-07,Yes,21.0,0,1,0,20.0,0.0,Yes,0,Low friction
APL-2026-003906,2026-08-13,2026-08-14,2026-08-17,2026-08-19,2026-08-31,2026-09-02,Administrative,Standard,PAY-02,TM-01,TM-05,Closed,Upheld,30,Yes,No,No,1,0,RC-07,Yes,20.0,1,3,2,12.0,2.0,Yes,10,Low friction
APL-2026-002366,2026-05-23,2026-05-26,2026-05-27,2026-05-28,2026-05-29,2026-05-29,Authorization,Standard,PAY-01,TM-04,TM-04,Closed,Partially Overturned,7,Yes,No,No,0,0,RC-01,Yes,6.0,3,1,1,1.0,0.0,Yes,0,Low friction
APL-2026-002555,2026-08-22,2026-08-24,2026-08-24,2026-08-25,2026-09-02,2026-09-04,Clinical,Low,PAY-04,TM-03,TM-03,Closed,Upheld,14,Yes,No,No,0,0,RC-04,Yes,13.0,2,0,1,8.0,2.0,Yes,0,Low friction
APL-2026-001028,2026-03-25,2026-03-25,2026-03-25,2026-03-25,2026-04-01,2026-04-03,Administrative,Low,PAY-05,TM-01,TM-01,Closed,Partially Overturned,30,Yes,No,No,0,0,RC-01,Yes,9.0,0,0,0,7.0,2.0,Yes,0,Low friction
APL-2026-002113,2026-05-17,2026-05-17,2026-05-20,2026-05-21,2026-06-03,2026-06-04,Authorization,Low,PAY-06,TM-04,TM-07,Closed,Upheld,7,Yes,Yes,No,1,0,RC-15,No,18.0,0,3,1,13.0,1.0,No,30,Moderate friction
APL-2026-002151,2026-01-01,2026-01-05,2026-01-06,2026-01-08,2026-01-16,2026-01-16,Pharmacy,Standard,PAY-01,TM-05,TM-05,Closed,Overturned,7,Yes,No,No,0,0,RC-04,Yes,15.0,4,1,2,8.0,0.0,No,0,Low friction
APL-2026-001905,2026-05-26,2026-05-28,2026-06-02,2026-06-03,2026-06-08,2026-06-10,Clinical,Standard,PAY-03,TM-07,TM-03,Closed,Overturned,14,Yes,No,No,1,0,RC-11,No,15.0,2,5,1,5.0,2.0,No,30,Moderate friction
APL-2026-000661,2026-08-18,2026-08-18,2026-08-25,2026-08-26,2026-09-11,2026-09-14,Clinical,Urgent,PAY-06,TM-07,TM-03,Closed,Overturned,7,No,No,No,3,0,RC-04,No,27.0,0,7,1,16.0,3.0,No,85,Critical friction
APL-2026-001183,2026-06-10,2026-06-10,2026-06-10,2026-06-11,2026-06-24,2026-06-25,Clinical,Standard,PAY-03,TM-07,TM-07,Closed,Upheld,14,Yes,No,No,0,0,RC-06,Yes,15.0,0,0,1,13.0,1.0,No,0,Low friction
APL-2026-000038,2026-04-24,2026-04-27,2026-04-28,2026-05-01,2026-05-11,2026-05-18,Authorization,Low,PAY-06,TM-04,TM-05,Closed,Upheld,7,Yes,No,No,1,0,RC-02,Yes,24.0,3,1,3,10.0,7.0,No,20,Moderate friction
APL-2026-002195,2026-07-03,2026-07-03,2026-07-07,2026-07-09,2026-07-14,2026-07-14,Authorization,Standard,PAY-06,TM-04,TM-04,Closed,Overturned,7,Yes,No,No,0,0,RC-14,Yes,11.0,0,4,2,5.0,0.0,No,0,Low friction
APL-2026-002203,2026-06-04,2026-06-04,2026-06-04,2026-06-04,2026-06-10,2026-06-12,Administrative,Urgent,PAY-02,TM-01,TM-01,Closed,Partially Overturned,7,Yes,No,No,0,0,RC-02,Yes,8.0,0,0,0,6.0,2.0,No,0,Low friction
APL-2026-002660,2026-03-13,2026-03-13,2026-03-13,2026-03-17,2026-03-19,2026-03-20,Clinical,Standard,PAY-03,TM-07,TM-07,Closed,Overturned,14,Yes,No,No,0,0,RC-06,Yes,7.0,0,0,4,2.0,1.0,Yes,0,Low friction
APL-2026-003681,2026-01-10,2026-01-12,2026-01-14,2026-01-14,2026-01-19,2026-01-20,Authorization,Standard,PAY-04,TM-04,TM-04,Closed,Overturned,7,Yes,No,No,0,0,RC-01,Yes,10.0,2,2,0,5.0,1.0,No,0,Low friction
APL-2026-000697,2026-03-12,2026-03-12,2026-03-16,2026-03-17,2026-03-25,2026-03-26,Authorization,Urgent,PAY-01,TM-04,TM-04,Closed,Upheld,7,Yes,No,No,0,0,RC-05,Yes,14.0,0,4,1,8.0,1.0,No,0,Low friction
APL-2026-003482,2026-04-19,2026-04-20,2026-04-20,2026-04-22,2026-05-04,2026-05-05,Administrative,Standard,PAY-01,TM-01,TM-01,Closed,Overturned,30,Yes,Yes,No,0,0,RC-01,Yes,16.0,1,0,2,12.0,1.0,Yes,0,Low friction
APL-2026-001457,2026-05-11,2026-05-12,2026-05-13,2026-05-15,2026-05-22,2026-05-29,Clinical,Standard,PAY-03,TM-07,TM-07,Closed,Upheld,14,Yes,Yes,No,0,0,RC-03,Yes,18.0,1,1,2,7.0,7.0,No,10,Low friction
APL-2026-000264,2026-06-20,2026-06-22,2026-06-24,2026-06-25,2026-07-06,2026-07-07,Clinical,Standard,PAY-03,TM-07,TM-07,Closed,Overturned,14,Yes,No,No,0,0,RC-01,Yes,17.0,2,2,1,11.0,1.0,No,0,Low friction
APL-2026-000880,2026-09-10,2026-09-10,2026-09-11,2026-09-16,2026-09-21,2026-09-22,Authorization,Urgent,PAY-04,TM-04,TM-01,Closed,Upheld,7,Yes,No,No,1,0,RC-04,Yes,12.0,0,1,5,5.0,1.0,No,10,Low friction
APL-2026-001082,2026-06-26,2026-06-26,2026-06-29,2026-07-02,2026-07-03,2026-07-10,Authorization,Standard,PAY-03,TM-04,TM-04,Closed,Upheld,7,Yes,No,No,0,0,RC-05,Yes,14.0,0,3,3,1.0,7.0,No,10,Low friction
APL-2026-001171,2026-01-28,2026-01-28,2026-01-29,2026-02-02,2026-02-16,2026-02-16,Clinical,Low,PAY-03,TM-07,TM-07,Closed,Overturned,14,Yes,No,Yes,0,0,RC-15,Yes,19.0,0,1,4,14.0,0.0,No,15,Low friction
APL-2026-001669,2026-04-29,2026-04-29,2026-04-29,2026-04-29,2026-04-30,2026-05-01,Clinical,Standard,PAY-02,TM-02,TM-02,Closed,Upheld,14,Yes,No,No,0,0,RC-07,Yes,2.0,0,0,0,1.0,1.0,Yes,0,Low friction
APL-2026-002841,2026-05-08,2026-05-11,2026-05-12,2026-05-13,2026-05-18,2026-05-19,Claims Payment,Standard,PAY-01,TM-01,TM-01,Closed,Upheld,30,Yes,No,No,0,0,RC-01,Yes,11.0,3,1,1,5.0,1.0,Yes,0,Low friction
APL-2026-000247,2026-09-17,2026-09-17,2026-09-21,2026-09-22,,,Administrative,Standard,PAY-02,TM-01,TM-01,In Review,,30,No,No,No,0,6,RC-03,Yes,,0,4,1,,,,45,High friction
APL-2026-003766,2026-02-24,2026-02-24,2026-02-25,2026-02-26,2026-03-09,2026-03-09,Authorization,Standard,PAY-02,TM-04,TM-08,Closed,Upheld,7,Yes,Yes,No,1,0,RC-10,Yes,13.0,0,1,1,11.0,0.0,No,10,Low friction
APL-2026-000534,2026-07-01,2026-07-01,2026-07-03,2026-07-06,2026-07-09,2026-07-10,Clinical,Standard,PAY-06,TM-07,TM-07,Closed,Overturned,14,Yes,Yes,No,0,0,RC-01,Yes,9.0,0,2,3,3.0,1.0,Yes,0,Low friction
APL-2026-003996,2026-04-03,2026-04-07,2026-04-07,2026-04-08,2026-04-27,2026-04-27,Pharmacy,Standard,PAY-03,TM-05,TM-05,Closed,Overturned,7,Yes,No,Yes,0,0,RC-05,Yes,24.0,4,0,1,19.0,0.0,No,15,Low friction
APL-2026-000750,2026-02-07,2026-02-09,2026-02-09,2026-02-11,2026-03-02,2026-03-02,Administrative,Standard,PAY-03,TM-07,TM-06,Closed,Partially Overturned,30,Yes,No,No,1,0,RC-01,Yes,23.0,2,0,2,19.0,0.0,Yes,10,Low friction
APL-2026-003138,2026-09-28,2026-09-28,2026-09-29,2026-09-29,,,Clinical,Urgent,PAY-03,TM-07,TM-07,In Review,,7,Yes,No,No,0,0,RC-08,Yes,,0,1,0,,,,0,Low friction
APL-2026-003146,2026-04-07,2026-04-08,2026-04-10,2026-04-10,2026-04-20,2026-04-21,Pharmacy,Standard,PAY-07,TM-05,TM-05,Closed,Upheld,7,No,Yes,No,0,0,RC-05,Yes,14.0,1,2,0,10.0,1.0,No,25,Moderate friction
APL-2026-002381,2026-02-14,2026-02-17,2026-02-19,2026-02-24,2026-03-03,2026-03-03,Clinical,Standard,PAY-07,TM-02,TM-01,Closed,Upheld,14,Yes,No,No,1,0,RC-05,Yes,17.0,3,2,5,7.0,0.0,No,10,Low friction
APL-2026-001405,2026-07-03,2026-07-03,2026-07-03,2026-07-03,2026-07-09,2026-07-09,Authorization,Standard,PAY-01,TM-04,TM-04,Closed,Upheld,7,Yes,No,No,0,0,RC-05,Yes,6.0,0,0,0,6.0,0.0,Yes,0,Low friction
APL-2026-001960,2026-09-20,2026-09-22,2026-09-22,2026-09-22,,,Administrative,Standard,PAY-01,TM-01,TM-01,Escalated,,30,Yes,No,No,0,0,RC-02,Yes,,2,0,0,,,,0,Low friction
APL-2026-002695,2026-05-28,2026-05-28,2026-06-01,2026-06-02,2026-06-05,2026-06-08,Clinical,Standard,PAY-02,TM-03,TM-05,Closed,Overturned,14,Yes,No,No,1,0,RC-08,Yes,11.0,0,4,1,3.0,3.0,Yes,20,Moderate friction
APL-2026-003043,2026-04-27,2026-04-28,2026-04-29,2026-05-01,2026-05-05,2026-05-05,Administrative,Urgent,PAY-01,TM-01,TM-01,Closed,Overturned,7,Yes,No,No,0,0,RC-09,Yes,8.0,1,1,2,4.0,0.0,No,0,Low friction
APL-2026-000829,2026-08-27,2026-08-31,2026-09-02,2026-09-04,2026-09-14,2026-09-14,Clinical,Standard,PAY-01,TM-03,TM-03,Closed,Overturned,14,Yes,No,No,0,0,RC-05,Yes,18.0,4,2,2,10.0,0.0,No,0,Low friction
APL-2026-003217,2026-05-07,2026-05-08,2026-05-13,2026-05-18,2026-05-27,2026-05-27,Clinical,Standard,PAY-05,TM-03,TM-07,Closed,Partially Overturned,14,Yes,Yes,No,1,0,RC-05,No,20.0,1,5,5,9.0,0.0,No,30,Moderate friction
APL-2026-000051,2026-04-12,2026-04-13,2026-04-13,2026-04-14,2026-04-23,2026-04-27,Claims Payment,Standard,PAY-07,TM-01,TM-01,Closed,Upheld,30,Yes,No,No,0,0,RC-11,Yes,15.0,1,0,1,9.0,4.0,Yes,10,Low friction
APL-2026-003472,2026-01-01,2026-01-01,2026-01-06,2026-01-07,2026-01-21,2026-01-21,Administrative,Standard,PAY-02,TM-01,TM-07,Closed,Upheld,30,No,Yes,No,2,4,RC-04,No,20.0,0,5,1,14.0,0.0,Yes,65,Critical friction
APL-2026-002439,2026-01-30,2026-02-03,2026-02-04,2026-02-05,2026-02-11,2026-02-13,Claims Payment,Urgent,PAY-05,TM-01,TM-05,Closed,Upheld,7,Yes,No,No,1,0,RC-08,Yes,14.0,4,1,1,6.0,2.0,No,10,Low friction
APL-2026-003422,2026-02-09,2026-02-09,2026-02-10,2026-02-12,2026-02-19,2026-02-20,Administrative,Standard,PAY-02,TM-01,TM-01,Closed,Partially Overturned,30,Yes,No,No,0,0,RC-01,Yes,11.0,0,1,2,7.0,1.0,Yes,0,Low friction
APL-2026-002824,2026-08-22,2026-08-25,2026-08-26,2026-08-27,2026-09-07,2026-09-08,Clinical,Standard,PAY-03,TM-07,TM-07,Closed,Upheld,14,Yes,No,No,0,0,RC-03,Yes,17.0,3,1,1,11.0,1.0,No,0,Low friction
APL-2026-002005,2026-04-08,2026-04-08,2026-04-09,2026-04-14,2026-05-01,2026-05-01,Claims Payment,Standard,PAY-06,TM-07,TM-07,Closed,Upheld,30,No,Yes,No,0,8,RC-05,Yes,23.0,0,1,5,17.0,0.0,Yes,45,High friction
APL-2026-001143,2026-06-25,2026-06-25,2026-06-26,2026-06-30,2026-07-03,2026-07-06,Administrative,Standard,PAY-06,TM-07,TM-07,Closed,Partially Overturned,30,Yes,No,No,0,0,RC-08,Yes,11.0,0,1,4,3.0,3.0,Yes,10,Low friction
APL-2026-003552,2026-05-09,2026-05-09,2026-05-12,2026-05-13,2026-05-18,2026-05-19,Administrative,Urgent,PAY-03,TM-07,TM-07,Closed,Upheld,7,Yes,No,No,0,0,RC-12,Yes,10.0,0,3,1,5.0,1.0,No,0,Low friction
APL-2026-001660,2026-04-05,2026-04-07,2026-04-08,2026-04-08,2026-04-10,2026-04-13,Claims Payment,Standard,PAY-07,TM-01,TM-01,Closed,Overturned,30,Yes,No,No,0,0,RC-09,Yes,8.0,2,1,0,2.0,3.0,Yes,10,Low friction
APL-2026-003435,2026-08-31,2026-09-02,2026-09-03,2026-09-07,2026-09-08,2026-09-08,Claims Payment,Urgent,PAY-03,TM-07,TM-07,Closed,Upheld,7,Yes,No,No,0,0,RC-02,Yes,8.0,2,1,4,1.0,0.0,No,0,Low friction
APL-2026-002295,2026-07-28,2026-07-29,2026-07-29,2026-07-30,2026-08-13,2026-08-13,Administrative,Urgent,PAY-04,TM-01,TM-01,Closed,Overturned,7,No,No,No,0,6,RC-12,Yes,16.0,1,0,1,14.0,0.0,No,45,High friction
APL-2026-001638,2026-02-07,2026-02-09,2026-02-13,2026-02-17,2026-02-18,2026-02-25,Claims Payment,Standard,PAY-01,TM-01,TM-01,Closed,Upheld,30,Yes,No,No,0,0,RC-08,Yes,18.0,2,4,4,1.0,7.0,Yes,10,Low friction
APL-2026-002547,2026-02-06,2026-02-09,2026-02-10,2026-02-11,2026-02-20,2026-02-23,Clinical,Standard,PAY-01,TM-02,TM-02,Closed,Upheld,14,Yes,No,No,0,0,RC-01,Yes,17.0,3,1,1,9.0,3.0,No,10,Low friction
APL-2026-003136,2026-07-14,2026-07-15,2026-07-20,2026-07-23,2026-08-14,2026-08-17,Administrative,Standard,PAY-05,TM-01,TM-08,Closed,Upheld,30,Yes,No,Yes,2,0,RC-03,No,34.0,1,5,3,22.0,3.0,No,65,Critical friction
APL-2026-002898,2026-01-24,2026-01-26,2026-01-26,2026-01-27,2026-02-05,2026-02-05,Administrative,Urgent,PAY-04,TM-01,TM-01,Closed,Upheld,7,No,Yes,No,0,3,RC-02,Yes,12.0,2,0,1,9.0,0.0,No,25,Moderate friction
APL-2026-000209,2026-01-21,2026-01-21,2026-01-23,2026-01-27,2026-02-27,2026-03-03,Clinical,Standard,PAY-05,TM-02,TM-08,Closed,Upheld,14,No,No,Yes,2,13,RC-04,No,41.0,0,2,4,31.0,4.0,No,110,Critical friction
APL-2026-003137,2026-02-17,2026-02-17,2026-02-19,2026-02-24,2026-03-19,2026-03-23,Pharmacy,Low,PAY-03,TM-05,TM-05,Closed,Upheld,7,No,No,No,0,13,RC-01,Yes,34.0,0,2,5,23.0,4.0,No,55,High friction
APL-2026-001211,2026-06-02,2026-06-02,2026-06-02,2026-06-03,2026-06-09,2026-06-16,Claims Payment,Standard,PAY-01,TM-01,TM-01,Closed,Upheld,30,Yes,No,No,0,0,RC-08,Yes,14.0,0,0,1,6.0,7.0,Yes,10,Low friction
APL-2026-000629,2026-03-28,2026-03-31,2026-04-01,2026-04-02,2026-04-10,2026-04-13,Clinical,Low,PAY-03,TM-07,TM-07,Closed,Overturned,14,No,Yes,No,0,0,RC-06,Yes,16.0,3,1,1,8.0,3.0,No,35,Moderate friction
APL-2026-003957,2026-07-21,2026-07-22,2026-07-24,2026-07-24,2026-07-31,2026-07-31,Authorization,Urgent,PAY-04,TM-04,TM-04,Closed,Upheld,7,Yes,No,No,0,0,RC-10,Yes,10.0,1,2,0,7.0,0.0,No,0,Low friction
APL-2026-000694,2026-06-17,2026-06-18,2026-06-18,2026-06-19,2026-07-08,2026-07-08,Pharmacy,Standard,PAY-03,TM-05,TM-05,Closed,Overturned,7,Yes,Yes,No,0,0,RC-03,Yes,21.0,1,0,1,19.0,0.0,No,0,Low friction
APL-2026-002050,2026-01-14,2026-01-14,2026-01-15,2026-01-15,2026-01-22,2026-01-23,Authorization,Standard,PAY-05,TM-04,TM-04,Closed,Overturned,7,Yes,No,No,0,0,RC-04,Yes,9.0,0,1,0,7.0,1.0,No,0,Low friction
APL-2026-001688,2026-04-27,2026-04-28,2026-04-29,2026-05-04,2026-05-14,2026-05-14,Administrative,Standard,PAY-03,TM-07,TM-07,Closed,Upheld,30,Yes,No,No,0,0,RC-09,Yes,17.0,1,1,5,10.0,0.0,Yes,0,Low friction
APL-2026-000189,2026-02-21,2026-02-21,2026-02-21,2026-02-23,2026-02-27,2026-03-02,Clinical,Standard,PAY-02,TM-02,TM-02,Closed,Overturned,14,Yes,No,No,0,0,RC-01,Yes,9.0,0,0,2,4.0,3.0,Yes,10,Low friction
APL-2026-003027,2026-04-08,2026-04-10,2026-04-10,2026-04-13,2026-05-14,2026-05-21,Clinical,Standard,PAY-04,TM-03,TM-03,Closed,Upheld,14,No,Yes,No,0,19,RC-12,Yes,43.0,2,0,3,31.0,7.0,No,55,High friction
APL-2026-001245,2026-04-20,2026-04-21,2026-04-21,2026-04-24,2026-05-04,2026-05-04,Clinical,Urgent,PAY-01,TM-02,TM-02,Closed,Partially Overturned,7,Yes,No,No,0,0,RC-10,Yes,14.0,1,0,3,10.0,0.0,No,0,Low friction
APL-2026-003993,2026-09-17,2026-09-21,2026-09-21,2026-09-21,,,Authorization,Urgent,PAY-04,TM-04,TM-01,Escalated,,7,Yes,No,No,1,0,RC-06,Yes,,4,0,0,,,,10,Low friction
APL-2026-003850,2026-01-16,2026-01-20,2026-01-21,2026-01-21,2026-01-26,2026-01-26,Authorization,Standard,PAY-03,TM-04,TM-04,Closed,Upheld,7,Yes,No,No,0,0,RC-07,Yes,10.0,4,1,0,5.0,0.0,No,0,Low friction
APL-2026-002949,2026-04-03,2026-04-06,2026-04-06,2026-04-09,2026-04-24,2026-04-24,Clinical,Standard,PAY-02,TM-03,TM-03,Closed,Partially Overturned,14,Yes,No,No,0,0,RC-02,Yes,21.0,3,0,3,15.0,0.0,No,0,Low friction
APL-2026-003014,2026-03-22,2026-03-22,2026-03-23,2026-03-25,2026-03-31,2026-04-02,Administrative,Standard,PAY-06,TM-07,TM-07,Closed,Partially Overturned,30,Yes,No,No,0,0,RC-14,Yes,11.0,0,1,2,6.0,2.0,Yes,0,Low friction
APL-2026-001062,2026-08-11,2026-08-12,2026-08-12,2026-08-13,2026-08-24,2026-08-26,Clinical,Standard,PAY-02,TM-02,TM-05,Closed,Upheld,14,Yes,No,No,1,0,RC-03,Yes,15.0,1,0,1,11.0,2.0,No,10,Low friction
APL-2026-003725,2026-08-12,2026-08-13,2026-08-13,2026-08-14,2026-08-17,2026-08-18,Administrative,Low,PAY-03,TM-07,TM-07,Closed,Partially Overturned,30,Yes,No,No,0,0,RC-01,Yes,6.0,1,0,1,3.0,1.0,Yes,0,Low friction
APL-2026-003738,2026-03-23,2026-03-23,2026-03-24,2026-03-24,2026-04-07,2026-04-14,Clinical,Standard,PAY-03,TM-07,TM-07,Closed,Upheld,14,No,Yes,No,0,0,RC-13,Yes,22.0,0,1,0,14.0,7.0,No,35,Moderate friction
APL-2026-001166,2026-08-14,2026-08-17,2026-08-19,2026-08-20,2026-08-24,2026-08-25,Claims Payment,Urgent,PAY-01,TM-01,TM-01,Closed,Partially Overturned,7,Yes,No,No,0,0,RC-03,Yes,11.0,3,2,1,4.0,1.0,No,0,Low friction
APL-2026-002066,2026-04-02,2026-04-06,2026-04-07,2026-04-08,2026-05-07,2026-05-07,Clinical,Standard,PAY-03,TM-07,TM-07,Closed,Partially Overturned,14,No,No,Yes,0,16,RC-14,Yes,35.0,4,1,1,29.0,0.0,No,60,Critical friction
APL-2026-000598,2026-05-14,2026-05-14,2026-05-18,2026-05-19,2026-05-25,2026-05-25,Pharmacy,Standard,PAY-01,TM-05,TM-05,Closed,Partially Overturned,7,Yes,No,No,0,0,RC-05,Yes,11.0,0,4,1,6.0,0.0,No,0,Low friction
APL-2026-001801,2026-07-05,2026-07-05,2026-07-06,2026-07-07,2026-07-17,2026-07-17,Administrative,Low,PAY-03,TM-07,TM-07,Closed,Upheld,30,Yes,No,No,0,0,RC-13,Yes,12.0,0,1,1,10.0,0.0,Yes,0,Low friction
APL-2026-000494,2026-08-02,2026-08-03,2026-08-04,2026-08-06,2026-08-20,2026-08-21,Administrative,Standard,PAY-02,TM-01,TM-06,Closed,Upheld,30,Yes,No,No,1,0,RC-06,Yes,19.0,1,1,2,14.0,1.0,Yes,10,Low friction
APL-2026-003171,2026-05-01,2026-05-01,2026-05-05,2026-05-05,2026-05-21,2026-05-21,Clinical,Low,PAY-05,TM-03,TM-03,Closed,Overturned,14,Yes,No,Yes,0,0,RC-01,Yes,20.0,0,4,0,16.0,0.0,No,15,Low friction
APL-2026-003339,2026-08-13,2026-08-14,2026-08-21,2026-08-21,2026-09-18,2026-09-18,Administrative,Standard,PAY-03,TM-07,TM-04,Closed,Overturned,30,No,Yes,No,3,9,RC-05,No,36.0,1,7,0,28.0,0.0,No,95,Critical friction
APL-2026-003950,2026-06-03,2026-06-03,2026-06-04,2026-06-08,2026-06-12,2026-06-12,Administrative,Urgent,PAY-02,TM-01,TM-01,Closed,Overturned,7,Yes,No,No,0,0,RC-07,Yes,9.0,0,1,4,4.0,0.0,No,0,Low friction
APL-2026-003870,2026-01-16,2026-01-16,2026-01-20,2026-01-21,2026-01-27,2026-01-29,Clinical,Standard,PAY-01,TM-03,TM-03,Closed,Upheld,14,Yes,No,No,0,0,RC-03,Yes,13.0,0,4,1,6.0,2.0,Yes,0,Low friction
APL-2026-001329,2026-09-17,2026-09-21,2026-09-22,2026-09-22,2026-09-25,2026-09-25,Clinical,Low,PAY-07,TM-02,TM-02,Closed,Partially Overturned,14,No,No,No,0,0,RC-12,Yes,8.0,4,1,0,3.0,0.0,Yes,25,Moderate friction
APL-2026-002840,2026-07-23,2026-07-24,2026-07-28,2026-07-31,2026-08-06,2026-08-06,Clinical,Standard,PAY-02,TM-03,TM-03,Closed,Upheld,14,No,No,No,0,0,RC-08,Yes,14.0,1,4,3,6.0,0.0,Yes,25,Moderate friction
APL-2026-002061,2026-01-17,2026-01-19,2026-01-19,2026-01-21,2026-01-28,2026-01-30,Pharmacy,Standard,PAY-02,TM-05,TM-05,Closed,Overturned,7,Yes,Yes,No,0,0,RC-10,Yes,13.0,2,0,2,7.0,2.0,No,0,Low friction
APL-2026-002402,2026-03-28,2026-03-30,2026-03-31,2026-03-31,2026-04-03,2026-04-03,Authorization,Standard,PAY-06,TM-04,TM-04,Closed,Upheld,7,Yes,No,No,0,0,RC-11,Yes,6.0,2,1,0,3.0,0.0,Yes,0,Low friction
APL-2026-001680,2026-04-18,2026-04-20,2026-04-24,2026-04-28,2026-05-18,2026-05-20,Clinical,Standard,PAY-02,TM-02,TM-02,Closed,Overturned,14,Yes,No,No,0,0,RC-15,Yes,32.0,2,4,4,20.0,2.0,No,0,Low friction
APL-2026-001892,2026-09-30,2026-10-01,2026-10-01,2026-10-02,,,Authorization,Urgent,PAY-02,TM-04,TM-04,Pending Information,,7,Yes,No,No,0,0,RC-15,Yes,,1,0,1,,,,0,Low friction
APL-2026-002475,2026-04-28,2026-04-28,2026-04-29,2026-04-30,2026-05-05,2026-05-06,Administrative,Standard,PAY-02,TM-01,TM-06,Closed,Partially Overturned,30,Yes,No,No,1,0,RC-13,Yes,8.0,0,1,1,5.0,1.0,Yes,10,Low friction
APL-2026-002785,2026-01-16,2026-01-16,2026-01-19,2026-01-19,2026-01-26,2026-01-26,Clinical,Low,PAY-04,TM-02,TM-02,Closed,Upheld,14,No,No,No,0,3,RC-13,Yes,10.0,0,3,0,7.0,0.0,Yes,25,Moderate friction
APL-2026-003458,2026-09-03,2026-09-07,2026-09-09,2026-09-14,2026-09-23,2026-09-24,Administrative,Low,PAY-07,TM-01,TM-01,Closed,Overturned,30,Yes,No,Yes,0,0,RC-07,Yes,21.0,4,2,5,9.0,1.0,Yes,15,Low friction
APL-2026-001493,2026-01-18,2026-01-19,2026-01-20,2026-01-20,2026-01-29,2026-02-02,Clinical,Standard,PAY-02,TM-02,TM-02,Closed,Partially Overturned,14,Yes,No,No,0,0,RC-08,Yes,15.0,1,1,0,9.0,4.0,No,10,Low friction
APL-2026-000109,2026-04-27,2026-04-28,2026-04-28,2026-04-30,2026-05-08,2026-05-08,Authorization,Standard,PAY-01,TM-04,TM-04,Closed,Overturned,7,Yes,No,No,0,0,RC-06,Yes,11.0,1,0,2,8.0,0.0,No,0,Low friction
APL-2026-002349,2026-04-12,2026-04-12,2026-04-12,2026-04-12,2026-04-15,2026-04-15,Claims Payment,Standard,PAY-03,TM-07,TM-01,Closed,Overturned,30,Yes,No,No,1,0,RC-10,Yes,3.0,0,0,0,3.0,0.0,Yes,10,Low friction
APL-2026-000916,2026-06-10,2026-06-10,2026-06-10,2026-06-11,2026-06-16,2026-06-16,Clinical,Low,PAY-02,TM-03,TM-03,Closed,Upheld,14,No,No,No,0,0,RC-10,Yes,6.0,0,0,1,5.0,0.0,Yes,25,Moderate friction
APL-2026-003477,2026-04-22,2026-04-23,2026-04-29,2026-05-04,2026-05-18,2026-05-25,Administrative,Low,PAY-06,TM-07,TM-05,Closed,Overturned,30,Yes,No,No,1,0,RC-11,Yes,33.0,1,6,5,14.0,7.0,No,20,Moderate friction
APL-2026-001758,2026-09-05,2026-09-05,2026-09-08,2026-09-09,2026-09-23,2026-09-30,Pharmacy,Standard,PAY-04,TM-05,TM-06,Closed,Overturned,7,Yes,Yes,No,2,0,RC-04,No,25.0,0,3,1,14.0,7.0,No,50,High friction
APL-2026-003497,2026-08-23,2026-08-24,2026-08-24,2026-08-24,2026-09-01,2026-09-03,Clinical,Standard,PAY-01,TM-03,TM-03,Closed,Partially Overturned,14,No,No,No,0,3,RC-15,Yes,11.0,1,0,0,8.0,2.0,Yes,25,Moderate friction
APL-2026-003192,2026-02-25,2026-02-27,2026-03-02,2026-03-03,2026-03-12,2026-03-12,Clinical,Standard,PAY-07,TM-02,TM-02,Closed,Upheld,14,Yes,No,No,0,0,RC-08,Yes,15.0,2,3,1,9.0,0.0,No,0,Low friction
APL-2026-002491,2026-08-13,2026-08-14,2026-08-18,2026-08-19,2026-08-20,2026-08-21,Administrative,Standard,PAY-04,TM-01,TM-01,Closed,Overturned,30,Yes,No,No,0,0,RC-14,Yes,8.0,1,4,1,1.0,1.0,Yes,0,Low friction
APL-2026-003025,2026-03-14,2026-03-17,2026-03-18,2026-03-18,2026-03-19,2026-03-20,Clinical,Low,PAY-05,TM-03,TM-03,Closed,Overturned,14,Yes,No,No,0,0,RC-02,Yes,6.0,3,1,0,1.0,1.0,Yes,0,Low friction
APL-2026-000801,2026-03-13,2026-03-16,2026-03-17,2026-03-18,2026-03-20,2026-03-27,Administrative,Standard,PAY-02,TM-01,TM-01,Closed,Upheld,30,Yes,No,No,0,0,RC-02,Yes,14.0,3,1,1,2.0,7.0,Yes,10,Low friction
APL-2026-001948,2026-02-06,2026-02-09,2026-02-10,2026-02-11,2026-02-17,2026-02-17,Claims Payment,Standard,PAY-02,TM-01,TM-01,Closed,Partially Overturned,30,Yes,No,No,0,0,RC-06,Yes,11.0,3,1,1,6.0,0.0,Yes,0,Low friction
APL-2026-002563,2026-01-24,2026-01-26,2026-02-02,2026-02-03,2026-02-10,2026-02-10,Pharmacy,Standard,PAY-05,TM-05,TM-02,Closed,Partially Overturned,7,Yes,No,No,2,0,RC-05,No,17.0,2,7,1,7.0,0.0,No,40,High friction
APL-2026-002839,2026-09-07,2026-09-07,2026-09-07,2026-09-08,,,Administrative,Standard,PAY-03,TM-07,TM-07,Escalated,,30,No,Yes,No,0,13,RC-05,Yes,,0,0,1,,,,45,High friction
APL-2026-003483,2026-03-22,2026-03-23,2026-03-26,2026-03-27,2026-04-02,2026-04-02,Administrative,Standard,PAY-04,TM-01,TM-07,Closed,Overturned,30,Yes,No,No,1,0,RC-05,No,11.0,1,3,1,6.0,0.0,Yes,30,Moderate friction
APL-2026-000270,2026-08-03,2026-08-03,2026-08-03,2026-08-03,2026-08-14,2026-08-17,Authorization,Urgent,PAY-04,TM-04,TM-04,Closed,Partially Overturned,7,Yes,No,Yes,0,0,RC-02,Yes,14.0,0,0,0,11.0,3.0,No,25,Moderate friction
APL-2026-003845,2026-01-12,2026-01-12,2026-01-14,2026-01-14,2026-01-20,2026-01-20,Clinical,Low,PAY-02,TM-02,TM-02,Closed,Overturned,14,Yes,No,No,0,0,RC-12,Yes,8.0,0,2,0,6.0,0.0,Yes,0,Low friction
APL-2026-003193,2026-07-24,2026-07-24,2026-07-28,2026-07-29,2026-07-31,2026-07-31,Claims Payment,Standard,PAY-01,TM-01,TM-01,Closed,Upheld,30,Yes,Yes,No,0,0,RC-12,Yes,7.0,0,4,1,2.0,0.0,Yes,0,Low friction
APL-2026-001033,2026-02-16,2026-02-18,2026-02-19,2026-02-23,2026-03-16,2026-03-16,Administrative,Standard,PAY-02,TM-01,TM-01,Closed,Overturned,30,Yes,No,No,0,0,RC-07,Yes,28.0,2,1,4,21.0,0.0,Yes,0,Low friction
APL-2026-002108,2026-04-20,2026-04-20,2026-04-24,2026-04-29,2026-05-01,2026-05-04,Authorization,Standard,PAY-07,TM-04,TM-04,Closed,Partially Overturned,7,Yes,No,No,0,0,RC-04,Yes,14.0,0,4,5,2.0,3.0,No,10,Low friction
APL-2026-001021,2026-03-12,2026-03-16,2026-03-18,2026-03-18,2026-04-01,2026-04-03,Pharmacy,Standard,PAY-02,TM-05,TM-01,Closed,Upheld,7,Yes,No,No,1,0,RC-01,Yes,22.0,4,2,0,14.0,2.0,No,10,Low friction
APL-2026-003691,2026-04-24,2026-04-24,2026-04-27,2026-04-30,2026-05-12,2026-05-14,Claims Payment,Standard,PAY-03,TM-07,TM-07,Closed,Upheld,30,Yes,No,No,0,0,RC-11,Yes,20.0,0,3,3,12.0,2.0,Yes,0,Low friction
APL-2026-002227,2026-01-16,2026-01-19,2026-01-20,2026-01-23,2026-01-26,2026-01-28,Administrative,Standard,PAY-02,TM-01,TM-01,Closed,Upheld,30,Yes,No,No,0,0,RC-08,Yes,12.0,3,1,3,3.0,2.0,Yes,0,Low friction
APL-2026-001631,2026-07-09,2026-07-09,2026-07-10,2026-07-15,2026-07-16,2026-07-23,Authorization,Low,PAY-06,TM-04,TM-04,Closed,Partially Overturned,7,Yes,No,No,0,0,RC-07,Yes,14.0,0,1,5,1.0,7.0,No,10,Low friction
APL-2026-001100,2026-06-27,2026-06-27,2026-07-02,2026-07-03,2026-07-06,2026-07-07,Authorization,Low,PAY-03,TM-04,TM-04,Closed,Upheld,7,Yes,No,No,0,0,RC-05,Yes,10.0,0,5,1,3.0,1.0,No,0,Low friction
APL-2026-003278,2026-07-22,2026-07-22,2026-07-28,2026-07-31,2026-08-04,2026-08-04,Administrative,Standard,PAY-02,TM-01,TM-01,Closed,Overturned,30,Yes,No,No,0,0,RC-11,Yes,13.0,0,6,3,4.0,0.0,Yes,0,Low friction
APL-2026-001661,2026-03-28,2026-03-31,2026-04-02,2026-04-03,2026-04-08,2026-04-09,Pharmacy,Standard,PAY-05,TM-05,TM-08,Closed,Upheld,7,Yes,No,No,1,0,RC-02,No,12.0,3,2,1,5.0,1.0,No,30,Moderate friction
APL-2026-001993,2026-09-15,2026-09-15,2026-09-17,2026-09-18,2026-09-21,2026-09-23,Administrative,Standard,PAY-03,TM-07,TM-07,Closed,Upheld,30,Yes,No,No,0,0,RC-15,Yes,8.0,0,2,1,3.0,2.0,Yes,0,Low friction
APL-2026-001114,2026-04-23,2026-04-23,2026-04-24,2026-04-28,2026-04-30,2026-05-01,Administrative,Urgent,PAY-05,TM-01,TM-01,Closed,Upheld,7,Yes,No,No,0,0,RC-04,Yes,8.0,0,1,4,2.0,1.0,No,0,Low friction
APL-2026-003797,2026-04-06,2026-04-06,2026-04-07,2026-04-10,2026-04-13,2026-04-13,Authorization,Standard,PAY-03,TM-04,TM-04,Closed,Upheld,7,Yes,No,No,0,0,RC-07,Yes,7.0,0,1,3,3.0,0.0,Yes,0,Low friction
APL-2026-003238,2026-01-12,2026-01-12,2026-01-13,2026-01-13,2026-01-20,2026-01-22,Authorization,Standard,PAY-04,TM-04,TM-04,Closed,Upheld,7,Yes,No,No,0,0,RC-05,Yes,10.0,0,1,0,7.0,2.0,No,0,Low friction
APL-2026-001618,2026-08-27,2026-08-28,2026-09-07,2026-09-07,2026-09-15,2026-09-16,Authorization,Low,PAY-06,TM-04,TM-05,Closed,Upheld,7,Yes,No,No,2,0,RC-05,No,20.0,1,10,0,8.0,1.0,No,40,High friction
APL-2026-001219,2026-05-21,2026-05-21,2026-05-21,2026-05-21,2026-06-03,2026-06-04,Pharmacy,Standard,PAY-07,TM-05,TM-05,Closed,Upheld,7,Yes,No,Yes,0,0,RC-09,Yes,14.0,0,0,0,13.0,1.0,No,15,Low friction
APL-2026-001676,2026-08-28,2026-08-31,2026-09-01,2026-09-02,2026-09-08,2026-09-10,Pharmacy,Standard,PAY-03,TM-05,TM-05,Closed,Upheld,7,Yes,No,No,0,0,RC-02,Yes,13.0,3,1,1,6.0,2.0,No,0,Low friction
APL-2026-001375,2026-06-20,2026-06-20,2026-06-25,2026-06-30,2026-07-08,2026-07-10,Authorization,Urgent,PAY-03,TM-04,TM-04,Closed,Partially Overturned,7,Yes,No,No,0,0,RC-03,Yes,20.0,0,5,5,8.0,2.0,No,0,Low friction
APL-2026-001276,2026-06-03,2026-06-03,2026-06-04,2026-06-04,2026-06-23,2026-06-23,Claims Payment,Standard,PAY-01,TM-01,TM-01,Closed,Overturned,30,Yes,No,Yes,0,0,RC-08,Yes,20.0,0,1,0,19.0,0.0,Yes,15,Low friction
APL-2026-003267,2026-08-01,2026-08-03,2026-08-05,2026-08-10,2026-08-19,2026-08-20,Administrative,Standard,PAY-05,TM-01,TM-03,Closed,Overturned,30,Yes,No,No,1,0,RC-04,Yes,19.0,2,2,5,9.0,1.0,Yes,10,Low friction
APL-2026-002993,2026-09-18,2026-09-21,2026-09-22,2026-09-22,,,Administrative,Standard,PAY-06,TM-07,TM-02,Pending Information,,30,Yes,No,No,1,0,RC-09,Yes,,3,1,0,,,,10,Low friction
APL-2026-002341,2026-01-05,2026-01-06,2026-01-13,2026-01-14,2026-01-21,2026-01-21,Administrative,Standard,PAY-06,TM-07,TM-06,Closed,Upheld,30,No,No,No,1,0,RC-13,No,16.0,1,7,1,7.0,0.0,Yes,55,High friction
APL-2026-001433,2026-05-24,2026-05-24,2026-05-24,2026-05-25,2026-06-02,2026-06-04,Clinical,Standard,PAY-02,TM-03,TM-03,Closed,Upheld,14,Yes,No,No,0,0,RC-10,Yes,11.0,0,0,1,8.0,2.0,Yes,0,Low friction
APL-2026-002412,2026-07-02,2026-07-06,2026-07-06,2026-07-06,2026-07-09,2026-07-13,Pharmacy,Standard,PAY-02,TM-05,TM-05,Closed,Overturned,7,Yes,No,No,0,0,RC-01,Yes,11.0,4,0,0,3.0,4.0,No,10,Low friction
APL-2026-002669,2026-04-21,2026-04-22,2026-04-28,2026-04-28,2026-05-19,2026-05-20,Administrative,Standard,PAY-02,TM-01,TM-01,Closed,Upheld,30,No,No,No,0,8,RC-03,Yes,29.0,1,6,0,21.0,1.0,Yes,45,High friction
APL-2026-001997,2026-04-12,2026-04-12,2026-04-14,2026-04-14,2026-05-26,2026-05-28,Clinical,Low,PAY-07,TM-02,TM-04,Closed,Upheld,14,No,No,No,1,26,RC-12,Yes,46.0,0,2,0,42.0,2.0,No,55,High friction
APL-2026-003855,2026-09-03,2026-09-03,2026-09-07,2026-09-09,2026-09-10,2026-09-17,Authorization,Standard,PAY-01,TM-04,TM-04,Closed,Overturned,7,Yes,No,No,0,0,RC-08,Yes,14.0,0,4,2,1.0,7.0,No,10,Low friction
APL-2026-003823,2026-08-15,2026-08-15,2026-08-15,2026-08-17,2026-09-09,2026-09-11,Administrative,Urgent,PAY-03,TM-07,TM-07,Closed,Overturned,7,No,No,No,0,10,RC-11,Yes,27.0,0,0,2,23.0,2.0,No,45,High friction
APL-2026-002038,2026-06-16,2026-06-16,2026-06-22,2026-06-23,2026-06-29,2026-06-30,Authorization,Standard,PAY-04,TM-04,TM-04,Closed,Overturned,7,No,No,No,0,0,RC-15,Yes,14.0,0,6,1,6.0,1.0,No,25,Moderate friction
APL-2026-003934,2026-06-28,2026-06-29,2026-07-01,2026-07-02,2026-07-24,2026-07-27,Pharmacy,Urgent,PAY-03,TM-05,TM-05,Closed,Upheld,7,Yes,Yes,No,0,0,RC-03,Yes,29.0,1,2,1,22.0,3.0,No,10,Low friction
APL-2026-002842,2026-07-21,2026-07-23,2026-07-24,2026-07-24,2026-08-24,2026-08-25,Clinical,Urgent,PAY-03,TM-07,TM-07,Closed,Upheld,7,No,No,Yes,0,9,RC-01,Yes,35.0,2,1,0,31.0,1.0,No,60,Critical friction
APL-2026-003085,2026-04-20,2026-04-20,2026-04-20,2026-04-20,2026-04-21,2026-04-23,Clinical,Low,PAY-02,TM-02,TM-02,Closed,Partially Overturned,14,Yes,No,No,0,0,RC-05,Yes,3.0,0,0,0,1.0,2.0,Yes,0,Low friction
APL-2026-001971,2026-01-13,2026-01-14,2026-01-15,2026-01-20,2026-01-21,2026-01-22,Clinical,Standard,PAY-01,TM-03,TM-03,Closed,Overturned,14,Yes,No,No,0,0,RC-13,Yes,9.0,1,1,5,1.0,1.0,Yes,0,Low friction
APL-2026-002361,2026-08-25,2026-08-25,2026-08-26,2026-08-28,2026-08-31,2026-09-02,Administrative,Standard,PAY-04,TM-01,TM-01,Closed,Upheld,30,Yes,No,No,0,0,RC-07,Yes,8.0,0,1,2,3.0,2.0,Yes,0,Low friction
APL-2026-002133,2026-09-01,2026-09-01,2026-09-01,2026-09-02,2026-09-08,2026-09-10,Clinical,Urgent,PAY-04,TM-02,TM-05,Closed,Overturned,7,Yes,No,No,1,0,RC-14,Yes,9.0,0,0,1,6.0,2.0,No,10,Low friction
APL-2026-001533,2026-05-31,2026-06-01,2026-06-01,2026-06-02,2026-06-09,2026-06-09,Clinical,Urgent,PAY-03,TM-07,TM-07,Closed,Upheld,7,Yes,No,Yes,0,0,RC-09,Yes,9.0,1,0,1,7.0,0.0,No,15,Low friction
APL-2026-002604,2026-03-30,2026-03-30,2026-03-31,2026-04-01,2026-04-08,2026-04-08,Administrative,Standard,PAY-01,TM-01,TM-01,Closed,Upheld,30,Yes,Yes,No,0,0,RC-01,Yes,9.0,0,1,1,7.0,0.0,Yes,0,Low friction
APL-2026-000692,2026-01-10,2026-01-12,2026-01-13,2026-01-14,2026-01-15,2026-01-15,Administrative,Low,PAY-02,TM-01,TM-01,Closed,Partially Overturned,30,Yes,No,No,0,0,RC-04,Yes,5.0,2,1,1,1.0,0.0,Yes,0,Low friction
APL-2026-000390,2026-03-20,2026-03-20,2026-03-23,2026-03-23,2026-03-24,2026-03-24,Pharmacy,Standard,PAY-01,TM-05,TM-05,Closed,Partially Overturned,7,Yes,No,No,0,0,RC-01,Yes,4.0,0,3,0,1.0,0.0,Yes,0,Low friction
APL-2026-002247,2026-05-04,2026-05-06,2026-05-12,2026-05-13,2026-05-21,2026-05-28,Authorization,Low,PAY-01,TM-04,TM-04,Closed,Upheld,7,Yes,No,Yes,0,0,RC-13,Yes,24.0,2,6,1,8.0,7.0,No,25,Moderate friction
APL-2026-003249,2026-03-27,2026-03-30,2026-03-31,2026-03-31,2026-04-01,2026-04-01,Clinical,Standard,PAY-01,TM-03,TM-03,Closed,Upheld,14,Yes,No,No,0,0,RC-13,Yes,5.0,3,1,0,1.0,0.0,Yes,0,Low friction
APL-2026-001918,2026-01-25,2026-01-25,2026-01-27,2026-01-27,2026-02-04,2026-02-05,Clinical,Standard,PAY-07,TM-03,TM-03,Closed,Upheld,14,Yes,No,No,0,0,RC-08,Yes,11.0,0,2,0,8.0,1.0,Yes,0,Low friction
APL-2026-001175,2026-04-29,2026-05-01,2026-05-04,2026-05-07,2026-05-08,2026-05-08,Clinical,Urgent,PAY-06,TM-07,TM-07,Closed,Overturned,7,Yes,No,No,0,0,RC-06,Yes,9.0,2,3,3,1.0,0.0,No,0,Low friction
APL-2026-000232,2026-07-10,2026-07-10,2026-07-13,2026-07-15,2026-07-21,2026-07-21,Clinical,Standard,PAY-02,TM-03,TM-03,Closed,Upheld,14,Yes,No,No,0,0,RC-01,Yes,11.0,0,3,2,6.0,0.0,Yes,0,Low friction
APL-2026-003819,2026-07-26,2026-07-26,2026-07-26,2026-07-28,2026-07-29,2026-07-31,Authorization,Urgent,PAY-01,TM-04,TM-04,Closed,Partially Overturned,7,Yes,No,No,0,0,RC-08,Yes,5.0,0,0,2,1.0,2.0,Yes,0,Low friction
APL-2026-001210,2026-02-27,2026-03-02,2026-03-04,2026-03-04,2026-03-11,2026-03-12,Authorization,Urgent,PAY-04,TM-04,TM-08,Closed,Overturned,7,No,No,No,2,0,RC-04,No,13.0,3,2,0,7.0,1.0,No,65,Critical friction
APL-2026-002422,2026-01-06,2026-01-06,2026-01-06,2026-01-09,2026-01-19,2026-01-19,Administrative,Standard,PAY-03,TM-07,TM-07,Closed,Upheld,30,Yes,No,No,0,0,RC-02,Yes,13.0,0,0,3,10.0,0.0,Yes,0,Low friction
APL-2026-001691,2026-02-07,2026-02-07,2026-02-10,2026-02-11,2026-02-16,2026-02-18,Claims Payment,Standard,PAY-02,TM-01,TM-01,Closed,Upheld,30,Yes,No,No,0,0,RC-07,Yes,11.0,0,3,1,5.0,2.0,Yes,0,Low friction
APL-2026-001657,2026-08-13,2026-08-13,2026-08-17,2026-08-18,2026-08-19,2026-08-21,Clinical,Standard,PAY-03,TM-07,TM-07,Closed,Upheld,14,Yes,No,No,0,0,RC-06,Yes,8.0,0,4,1,1.0,2.0,Yes,0,Low friction
APL-2026-002385,2026-01-08,2026-01-09,2026-01-15,2026-01-15,2026-01-27,2026-01-27,Administrative,Standard,PAY-05,TM-01,TM-01,Closed,Partially Overturned,30,Yes,No,No,0,0,RC-12,Yes,19.0,1,6,0,12.0,0.0,Yes,0,Low friction
APL-2026-002709,2026-07-05,2026-07-05,2026-07-05,2026-07-05,2026-07-07,2026-07-08,Clinical,Low,PAY-03,TM-07,TM-07,Closed,Upheld,14,No,No,No,0,0,RC-01,Yes,3.0,0,0,0,2.0,1.0,Yes,25,Moderate friction
APL-2026-000545,2026-03-15,2026-03-15,2026-03-17,2026-03-19,2026-03-26,2026-03-26,Administrative,Standard,PAY-07,TM-01,TM-01,Closed,Overturned,30,Yes,No,No,0,0,RC-12,Yes,11.0,0,2,2,7.0,0.0,Yes,0,Low friction
APL-2026-002714,2026-04-10,2026-04-14,2026-04-14,2026-04-14,2026-04-15,2026-04-15,Clinical,Standard,PAY-04,TM-03,TM-03,Closed,Upheld,14,Yes,No,No,0,0,RC-10,Yes,5.0,4,0,0,1.0,0.0,Yes,0,Low friction
APL-2026-002073,2026-05-02,2026-05-04,2026-05-05,2026-05-05,2026-05-12,2026-05-12,Clinical,Urgent,PAY-03,TM-07,TM-07,Closed,Overturned,7,Yes,No,Yes,0,0,RC-05,Yes,10.0,2,1,0,7.0,0.0,No,15,Low friction
APL-2026-002215,2026-03-23,2026-03-23,2026-03-24,2026-03-25,2026-04-02,2026-04-06,Administrative,Standard,PAY-04,TM-01,TM-01,Closed,Upheld,30,Yes,No,No,0,0,RC-04,Yes,14.0,0,1,1,8.0,4.0,Yes,10,Low friction
APL-2026-002926,2026-08-16,2026-08-16,2026-08-18,2026-08-21,2026-09-02,2026-09-04,Clinical,Standard,PAY-01,TM-03,TM-03,Closed,Upheld,14,Yes,No,No,0,0,RC-04,Yes,19.0,0,2,3,12.0,2.0,No,0,Low friction
APL-2026-001293,2026-04-11,2026-04-13,2026-04-13,2026-04-16,2026-05-15,2026-05-15,Claims Payment,Urgent,PAY-01,TM-01,TM-01,Closed,Upheld,7,No,No,No,0,17,RC-10,Yes,34.0,2,0,3,29.0,0.0,No,45,High friction
APL-2026-000171,2026-06-26,2026-06-29,2026-06-29,2026-07-02,2026-07-03,2026-07-03,Administrative,Low,PAY-06,TM-07,TM-07,Closed,Overturned,30,Yes,No,No,0,0,RC-03,Yes,7.0,3,0,3,1.0,0.0,Yes,0,Low friction
APL-2026-002549,2026-03-08,2026-03-08,2026-03-10,2026-03-11,2026-03-16,2026-03-18,Administrative,Urgent,PAY-06,TM-07,TM-07,Closed,Upheld,7,Yes,No,No,0,0,RC-11,Yes,10.0,0,2,1,5.0,2.0,No,0,Low friction
APL-2026-003641,2026-05-20,2026-05-22,2026-05-22,2026-05-26,2026-06-03,2026-06-03,Administrative,Urgent,PAY-02,TM-01,TM-01,Closed,Partially Overturned,7,Yes,No,No,0,0,RC-02,Yes,14.0,2,0,4,8.0,0.0,No,0,Low friction
APL-2026-002326,2026-02-24,2026-02-24,2026-02-25,2026-02-26,2026-03-16,2026-03-17,Clinical,Low,PAY-06,TM-07,TM-07,Closed,Partially Overturned,14,No,No,Yes,0,6,RC-12,Yes,21.0,0,1,1,18.0,1.0,No,60,Critical friction
APL-2026-002599,2026-05-10,2026-05-11,2026-05-15,2026-05-18,2026-05-22,2026-05-25,Clinical,Standard,PAY-02,TM-03,TM-03,Closed,Upheld,14,Yes,No,No,0,0,RC-03,Yes,15.0,1,4,3,4.0,3.0,No,10,Low friction
APL-2026-003320,2026-08-20,2026-08-20,2026-08-20,2026-08-24,2026-09-01,2026-09-03,Clinical,Low,PAY-01,TM-03,TM-03,Closed,Overturned,14,Yes,Yes,No,0,0,RC-08,Yes,14.0,0,0,4,8.0,2.0,Yes,0,Low friction
APL-2026-003430,2026-07-15,2026-07-17,2026-07-20,2026-07-20,2026-08-04,2026-08-04,Claims Payment,Urgent,PAY-06,TM-07,TM-04,Closed,Upheld,7,No,Yes,Yes,1,4,RC-09,Yes,20.0,2,3,0,15.0,0.0,No,50,High friction
APL-2026-001545,2026-05-30,2026-06-01,2026-06-03,2026-06-03,2026-06-09,2026-06-10,Clinical,Urgent,PAY-01,TM-03,TM-03,Closed,Upheld,7,Yes,No,No,0,0,RC-02,Yes,11.0,2,2,0,6.0,1.0,No,0,Low friction
APL-2026-001956,2026-06-15,2026-06-16,2026-06-22,2026-06-25,2026-06-29,2026-06-29,Clinical,Standard,PAY-03,TM-07,TM-07,Closed,Partially Overturned,14,Yes,No,No,0,0,RC-02,Yes,14.0,1,6,3,4.0,0.0,Yes,0,Low friction
APL-2026-000333,2026-05-23,2026-05-25,2026-05-27,2026-05-27,2026-06-01,2026-06-02,Claims Payment,Standard,PAY-01,TM-01,TM-01,Closed,Upheld,30,Yes,No,No,0,0,RC-01,Yes,10.0,2,2,0,5.0,1.0,Yes,0,Low friction
APL-2026-002617,2026-01-03,2026-01-05,2026-01-05,2026-01-05,2026-01-09,2026-01-16,Administrative,Standard,PAY-01,TM-01,TM-01,Closed,Upheld,30,Yes,No,No,0,0,RC-07,Yes,13.0,2,0,0,4.0,7.0,Yes,10,Low friction
APL-2026-001836,2026-07-28,2026-07-28,2026-07-29,2026-07-30,2026-08-03,2026-08-05,Administrative,Urgent,PAY-02,TM-01,TM-01,Closed,Upheld,7,Yes,No,No,0,0,RC-08,Yes,8.0,0,1,1,4.0,2.0,No,0,Low friction
APL-2026-002106,2026-05-14,2026-05-14,2026-05-18,2026-05-18,2026-06-03,2026-06-05,Clinical,Standard,PAY-02,TM-02,TM-02,Closed,Overturned,14,Yes,No,No,0,0,RC-14,Yes,22.0,0,4,0,16.0,2.0,No,0,Low friction
APL-2026-001089,2026-07-14,2026-07-14,2026-07-21,2026-07-22,2026-08-07,2026-08-07,Clinical,Standard,PAY-05,TM-03,TM-01,Closed,Partially Overturned,14,Yes,Yes,No,2,0,RC-05,No,24.0,0,7,1,16.0,0.0,No,40,High friction
APL-2026-000415,2026-02-03,2026-02-03,2026-02-04,2026-02-04,2026-02-05,2026-02-05,Authorization,Standard,PAY-01,TM-04,TM-04,Closed,Upheld,7,Yes,No,No,0,0,RC-02,Yes,2.0,0,1,0,1.0,0.0,Yes,0,Low friction
APL-2026-000597,2026-08-08,2026-08-08,2026-08-08,2026-08-08,2026-08-19,2026-08-20,Clinical,Low,PAY-03,TM-07,TM-07,Closed,Partially Overturned,14,No,No,No,0,5,RC-05,Yes,12.0,0,0,0,11.0,1.0,Yes,25,Moderate friction
APL-2026-003508,2026-04-15,2026-04-15,2026-04-15,2026-04-15,2026-04-24,2026-04-27,Claims Payment,Standard,PAY-04,TM-01,TM-01,Closed,Upheld,30,Yes,No,No,0,0,RC-09,Yes,12.0,0,0,0,9.0,3.0,Yes,10,Low friction
APL-2026-003351,2026-08-15,2026-08-15,2026-08-25,2026-08-26,2026-09-11,2026-09-11,Authorization,Standard,PAY-06,TM-04,TM-03,Closed,Partially Overturned,7,No,No,No,2,5,RC-04,No,27.0,0,10,1,16.0,0.0,No,65,Critical friction
APL-2026-001418,2026-01-11,2026-01-13,2026-01-15,2026-01-20,2026-01-29,2026-01-30,Authorization,Standard,PAY-06,TM-04,TM-04,Closed,Upheld,7,Yes,No,No,0,0,RC-05,Yes,19.0,2,2,5,9.0,1.0,No,0,Low friction
APL-2026-002585,2026-07-14,2026-07-14,2026-07-14,2026-07-14,2026-08-13,2026-08-17,Clinical,Standard,PAY-01,TM-02,TM-02,Closed,Upheld,14,No,No,Yes,0,3,RC-11,Yes,34.0,0,0,0,30.0,4.0,No,50,High friction
APL-2026-000537,2026-05-08,2026-05-08,2026-05-11,2026-05-12,2026-05-13,2026-05-20,Administrative,Standard,PAY-02,TM-01,TM-01,Closed,Overturned,30,Yes,No,No,0,0,RC-06,Yes,12.0,0,3,1,1.0,7.0,Yes,10,Low friction
APL-2026-003088,2026-09-02,2026-09-02,2026-09-08,2026-09-11,2026-09-15,2026-09-15,Clinical,Urgent,PAY-05,TM-03,TM-03,Closed,Upheld,7,Yes,No,No,0,0,RC-03,Yes,13.0,0,6,3,4.0,0.0,No,0,Low friction
APL-2026-002719,2026-09-24,2026-09-25,2026-09-25,2026-09-29,,,Clinical,Standard,PAY-01,TM-02,TM-02,Pending Information,,14,Yes,No,No,0,0,RC-05,Yes,,1,0,4,,,,0,Low friction
APL-2026-003212,2026-01-23,2026-01-26,2026-01-30,2026-02-02,2026-02-05,2026-02-05,Administrative,Standard,PAY-01,TM-01,TM-01,Closed,Overturned,30,Yes,No,No,0,0,RC-01,Yes,13.0,3,4,3,3.0,0.0,Yes,0,Low friction
APL-2026-000884,2026-07-18,2026-07-18,2026-07-18,2026-07-18,2026-07-23,2026-07-24,Claims Payment,Standard,PAY-03,TM-07,TM-07,Closed,Upheld,30,No,No,No,0,0,RC-12,Yes,6.0,0,0,0,5.0,1.0,Yes,25,Moderate friction
APL-2026-002990,2026-03-05,2026-03-05,2026-03-06,2026-03-10,2026-03-17,2026-03-18,Administrative,Standard,PAY-03,TM-07,TM-03,Closed,Upheld,30,Yes,No,No,1,0,RC-09,Yes,13.0,0,1,4,7.0,1.0,Yes,10,Low friction
APL-2026-003621,2026-04-14,2026-04-16,2026-04-20,2026-04-21,2026-04-24,2026-04-24,Clinical,Standard,PAY-05,TM-03,TM-03,Closed,Overturned,14,Yes,Yes,No,0,0,RC-10,Yes,10.0,2,4,1,3.0,0.0,Yes,0,Low friction
APL-2026-002736,2026-07-12,2026-07-13,2026-07-14,2026-07-14,2026-07-17,2026-07-21,Authorization,Standard,PAY-07,TM-04,TM-04,Closed,Upheld,7,Yes,No,No,0,0,RC-01,Yes,9.0,1,1,0,3.0,4.0,No,10,Low friction
APL-2026-002353,2026-03-13,2026-03-16,2026-03-16,2026-03-17,2026-03-27,2026-03-27,Clinical,Standard,PAY-02,TM-03,TM-03,Closed,Overturned,14,Yes,No,No,0,0,RC-09,Yes,14.0,3,0,1,10.0,0.0,Yes,0,Low friction
APL-2026-003300,2026-05-16,2026-05-16,2026-05-18,2026-05-19,2026-06-04,2026-06-04,Administrative,Urgent,PAY-02,TM-01,TM-06,Closed,Upheld,7,No,No,No,1,1,RC-04,No,19.0,0,2,1,16.0,0.0,No,55,High friction
APL-2026-000058,2026-09-18,2026-09-18,2026-09-18,2026-09-23,2026-09-24,2026-09-25,Administrative,Low,PAY-07,TM-01,TM-01,Closed,Upheld,30,Yes,No,No,0,0,RC-13,Yes,7.0,0,0,5,1.0,1.0,Yes,0,Low friction
APL-2026-002919,2026-09-09,2026-09-09,2026-09-10,2026-09-10,2026-09-15,2026-09-16,Pharmacy,Standard,PAY-06,TM-05,TM-05,Closed,Upheld,7,Yes,No,No,0,0,RC-11,Yes,7.0,0,1,0,5.0,1.0,Yes,0,Low friction
APL-2026-003828,2026-02-23,2026-02-25,2026-02-25,2026-02-27,2026-03-10,2026-03-10,Pharmacy,Standard,PAY-04,TM-05,TM-05,Closed,Upheld,7,Yes,No,No,0,0,RC-02,Yes,15.0,2,0,2,11.0,0.0,No,0,Low friction
APL-2026-001124,2026-05-09,2026-05-11,2026-05-11,2026-05-14,2026-05-22,2026-05-22,Administrative,Urgent,PAY-02,TM-01,TM-01,Closed,Upheld,7,Yes,No,No,0,0,RC-02,Yes,13.0,2,0,3,8.0,0.0,No,0,Low friction
APL-2026-001944,2026-07-25,2026-07-28,2026-07-29,2026-07-30,2026-08-03,2026-08-03,Clinical,Standard,PAY-02,TM-03,TM-03,Closed,Upheld,14,Yes,No,No,0,0,RC-01,Yes,9.0,3,1,1,4.0,0.0,Yes,0,Low friction
APL-2026-000547,2026-09-26,2026-09-26,2026-09-28,2026-09-29,,,Clinical,Standard,PAY-01,TM-03,TM-03,Escalated,,14,Yes,No,No,0,0,RC-01,Yes,,0,2,1,,,,0,Low friction
APL-2026-000650,2026-04-25,2026-04-27,2026-04-29,2026-05-04,2026-06-05,2026-06-12,Clinical,Standard,PAY-06,TM-07,TM-07,Closed,Upheld,14,Yes,No,Yes,0,0,RC-06,Yes,48.0,2,2,5,32.0,7.0,No,25,Moderate friction
APL-2026-003826,2026-05-22,2026-05-25,2026-05-29,2026-06-02,2026-06-03,2026-06-05,Clinical,Urgent,PAY-03,TM-07,TM-07,Closed,Partially Overturned,7,Yes,No,No,0,0,RC-11,Yes,14.0,3,4,4,1.0,2.0,No,0,Low friction
APL-2026-001298,2026-07-09,2026-07-10,2026-07-13,2026-07-16,2026-07-17,2026-07-17,Administrative,Standard,PAY-01,TM-01,TM-01,Closed,Upheld,30,Yes,No,No,0,0,RC-08,Yes,8.0,1,3,3,1.0,0.0,Yes,0,Low friction
APL-2026-003460,2026-05-30,2026-06-01,2026-06-01,2026-06-02,2026-06-04,2026-06-04,Administrative,Standard,PAY-01,TM-01,TM-01,Closed,Partially Overturned,30,Yes,No,No,0,0,RC-05,Yes,5.0,2,0,1,2.0,0.0,Yes,0,Low friction
APL-2026-002976,2026-07-16,2026-07-17,2026-07-21,2026-07-23,2026-08-03,2026-08-10,Authorization,Standard,PAY-04,TM-04,TM-04,Closed,Upheld,7,Yes,No,No,0,0,RC-03,Yes,25.0,1,4,2,11.0,7.0,No,10,Low friction
APL-2026-001010,2026-08-31,2026-08-31,2026-08-31,2026-09-03,2026-09-04,2026-09-04,Claims Payment,Standard,PAY-01,TM-01,TM-01,Closed,Upheld,30,Yes,No,No,0,0,RC-12,Yes,4.0,0,0,3,1.0,0.0,Yes,0,Low friction
APL-2026-000518,2026-07-27,2026-07-28,2026-07-28,2026-07-29,2026-08-06,2026-08-06,Clinical,Standard,PAY-01,TM-03,TM-03,Closed,Upheld,14,No,No,No,0,3,RC-05,Yes,10.0,1,0,1,8.0,0.0,Yes,25,Moderate friction
APL-2026-001649,2026-05-04,2026-05-05,2026-05-05,2026-05-07,2026-05-08,2026-05-12,Clinical,Low,PAY-01,TM-03,TM-03,Closed,Overturned,14,Yes,No,No,0,0,RC-10,Yes,8.0,1,0,2,1.0,4.0,Yes,10,Low friction
APL-2026-003872,2026-02-27,2026-02-27,2026-02-27,2026-03-02,2026-03-03,2026-03-03,Administrative,Standard,PAY-01,TM-01,TM-01,Closed,Overturned,30,Yes,No,No,0,0,RC-10,Yes,4.0,0,0,3,1.0,0.0,Yes,0,Low friction
APL-2026-000912,2026-03-23,2026-03-23,2026-03-25,2026-03-26,2026-04-14,2026-04-16,Administrative,Standard,PAY-02,TM-01,TM-01,Closed,Upheld,30,Yes,No,Yes,0,0,RC-01,Yes,24.0,0,2,1,19.0,2.0,Yes,15,Low friction
APL-2026-003203,2026-04-02,2026-04-02,2026-04-03,2026-04-03,2026-04-15,2026-04-16,Authorization,Standard,PAY-03,TM-04,TM-05,Closed,Upheld,7,No,No,No,1,5,RC-01,Yes,14.0,0,1,0,12.0,1.0,No,35,Moderate friction
APL-2026-000618,2026-04-29,2026-04-29,2026-04-29,2026-04-29,2026-05-07,2026-05-08,Clinical,Standard,PAY-01,TM-03,TM-03,Closed,Upheld,14,Yes,No,No,0,0,RC-01,Yes,9.0,0,0,0,8.0,1.0,Yes,0,Low friction
APL-2026-002314,2026-02-02,2026-02-02,2026-02-04,2026-02-09,2026-02-19,2026-02-19,Authorization,Urgent,PAY-01,TM-04,TM-04,Closed,Partially Overturned,7,No,No,No,0,7,RC-12,Yes,17.0,0,2,5,10.0,0.0,No,45,High friction
APL-2026-003775,2026-05-20,2026-05-21,2026-05-21,2026-05-26,2026-05-27,2026-05-28,Clinical,Standard,PAY-01,TM-02,TM-02,Closed,Upheld,14,Yes,No,No,0,0,RC-01,Yes,8.0,1,0,5,1.0,1.0,Yes,0,Low friction
APL-2026-001741,2026-01-07,2026-01-09,2026-01-12,2026-01-15,2026-01-21,2026-01-21,Administrative,Standard,PAY-04,TM-01,TM-01,Closed,Upheld,30,Yes,No,No,0,0,RC-07,Yes,14.0,2,3,3,6.0,0.0,Yes,0,Low friction
APL-2026-001530,2026-03-12,2026-03-13,2026-03-16,2026-03-18,2026-03-23,2026-03-23,Authorization,Standard,PAY-04,TM-04,TM-04,Closed,Overturned,7,Yes,No,No,0,0,RC-07,Yes,11.0,1,3,2,5.0,0.0,No,0,Low friction
APL-2026-003801,2026-05-26,2026-05-28,2026-05-29,2026-06-03,2026-06-18,2026-06-19,Administrative,Urgent,PAY-02,TM-01,TM-02,Closed,Upheld,7,No,Yes,No,1,3,RC-01,Yes,24.0,2,1,5,15.0,1.0,No,35,Moderate friction
APL-2026-002189,2026-05-09,2026-05-09,2026-05-14,2026-05-14,2026-05-15,2026-05-18,Clinical,Standard,PAY-01,TM-03,TM-03,Closed,Overturned,14,Yes,No,No,0,0,RC-01,Yes,9.0,0,5,0,1.0,3.0,Yes,10,Low friction
APL-2026-002539,2026-01-01,2026-01-05,2026-01-05,2026-01-05,2026-01-06,2026-01-08,Administrative,Standard,PAY-04,TM-01,TM-01,Closed,Partially Overturned,30,Yes,No,No,0,0,RC-01,Yes,7.0,4,0,0,1.0,2.0,Yes,0,Low friction
APL-2026-002836,2026-03-18,2026-03-19,2026-03-23,2026-03-25,2026-03-30,2026-03-31,Administrative,Standard,PAY-02,TM-01,TM-01,Closed,Upheld,30,No,No,No,0,0,RC-04,Yes,13.0,1,4,2,5.0,1.0,Yes,25,Moderate friction
APL-2026-003257,2026-09-11,2026-09-11,2026-09-14,2026-09-14,2026-09-23,2026-09-24,Pharmacy,Standard,PAY-01,TM-05,TM-05,Closed,Overturned,7,Yes,No,No,0,0,RC-03,Yes,13.0,0,3,0,9.0,1.0,No,0,Low friction
APL-2026-002216,2026-05-29,2026-05-29,2026-06-04,2026-06-04,2026-06-17,2026-06-24,Clinical,Standard,PAY-01,TM-02,TM-02,Closed,Overturned,14,Yes,No,No,0,0,RC-11,Yes,26.0,0,6,0,13.0,7.0,No,10,Low friction
APL-2026-002684,2026-01-12,2026-01-12,2026-01-16,2026-01-19,2026-01-21,2026-01-28,Administrative,Low,PAY-02,TM-01,TM-01,Closed,Upheld,30,Yes,No,No,0,0,RC-05,Yes,16.0,0,4,3,2.0,7.0,Yes,10,Low friction
APL-2026-003273,2026-04-20,2026-04-20,2026-04-20,2026-04-21,2026-04-30,2026-05-01,Administrative,Standard,PAY-03,TM-07,TM-03,Closed,Overturned,30,Yes,No,No,1,0,RC-04,Yes,11.0,0,0,1,9.0,1.0,Yes,10,Low friction
APL-2026-002698,2026-01-31,2026-01-31,2026-01-31,2026-02-02,2026-02-06,2026-02-10,Pharmacy,Urgent,PAY-04,TM-05,TM-05,Closed,Upheld,7,Yes,No,Yes,0,0,RC-01,Yes,10.0,0,0,2,4.0,4.0,No,25,Moderate friction
APL-2026-003506,2026-01-26,2026-01-26,2026-01-27,2026-01-27,2026-01-28,2026-01-30,Clinical,Urgent,PAY-04,TM-03,TM-03,Closed,Overturned,7,Yes,No,No,0,0,RC-05,Yes,4.0,0,1,0,1.0,2.0,Yes,0,Low friction
APL-2026-001994,2026-08-01,2026-08-04,2026-08-10,2026-08-10,2026-08-12,2026-08-14,Clinical,Standard,PAY-05,TM-03,TM-03,Closed,Partially Overturned,14,Yes,No,No,0,0,RC-04,Yes,13.0,3,6,0,2.0,2.0,Yes,0,Low friction
APL-2026-000472,2026-07-22,2026-07-22,2026-07-23,2026-07-23,2026-08-10,2026-08-12,Clinical,Urgent,PAY-03,TM-07,TM-07,Closed,Upheld,7,No,Yes,No,0,2,RC-03,Yes,21.0,0,1,0,18.0,2.0,No,25,Moderate friction
APL-2026-000388,2026-09-22,2026-09-22,2026-09-22,2026-09-23,,,Administrative,Standard,PAY-05,TM-01,TM-06,Pending Information,,30,Yes,No,No,1,0,RC-02,Yes,,0,0,1,,,,10,Low friction
APL-2026-001946,2026-01-18,2026-01-19,2026-01-19,2026-01-20,2026-01-23,2026-01-30,Pharmacy,Standard,PAY-04,TM-05,TM-04,Closed,Upheld,7,Yes,No,No,1,0,RC-05,Yes,12.0,1,0,1,3.0,7.0,No,20,Moderate friction
APL-2026-001621,2026-05-04,2026-05-06,2026-05-12,2026-05-14,2026-05-22,2026-05-22,Authorization,Standard,PAY-01,TM-04,TM-04,Closed,Upheld,7,Yes,No,No,0,0,RC-09,Yes,18.0,2,6,2,8.0,0.0,No,0,Low friction
APL-2026-003406,2026-04-02,2026-04-02,2026-04-02,2026-04-02,2026-04-03,2026-04-03,Authorization,Standard,PAY-04,TM-04,TM-04,Closed,Upheld,7,Yes,No,No,0,0,RC-12,Yes,1.0,0,0,0,1.0,0.0,Yes,0,Low friction
APL-2026-002642,2026-04-12,2026-04-12,2026-04-14,2026-04-14,2026-04-21,2026-04-22,Authorization,Standard,PAY-05,TM-04,TM-04,Closed,Overturned,7,Yes,No,No,0,0,RC-03,Yes,10.0,0,2,0,7.0,1.0,No,0,Low friction
APL-2026-003846,2026-07-24,2026-07-27,2026-07-29,2026-07-30,2026-08-07,2026-08-11,Administrative,Urgent,PAY-05,TM-01,TM-01,Closed,Overturned,7,Yes,No,No,0,0,RC-02,Yes,18.0,3,2,1,8.0,4.0,No,10,Low friction
APL-2026-003929,2026-06-01,2026-06-02,2026-06-03,2026-06-03,2026-06-08,2026-06-08,Clinical,Urgent,PAY-05,TM-03,TM-03,Closed,Overturned,7,Yes,No,No,0,0,RC-11,Yes,7.0,1,1,0,5.0,0.0,Yes,0,Low friction
APL-2026-003382,2026-03-02,2026-03-03,2026-03-05,2026-03-06,2026-04-06,2026-04-06,Clinical,Urgent,PAY-06,TM-07,TM-07,Closed,Overturned,7,Yes,No,Yes,0,0,RC-12,Yes,35.0,1,2,1,31.0,0.0,No,15,Low friction
APL-2026-002110,2026-03-07,2026-03-07,2026-03-12,2026-03-12,2026-04-03,2026-04-06,Authorization,Low,PAY-01,TM-04,TM-04,Closed,Upheld,7,No,No,Yes,0,7,RC-01,Yes,30.0,0,5,0,22.0,3.0,No,70,Critical friction
APL-2026-000582,2026-01-16,2026-01-16,2026-01-21,2026-01-22,2026-02-06,2026-02-13,Authorization,Urgent,PAY-04,TM-04,TM-07,Closed,Upheld,7,Yes,No,No,3,0,RC-04,No,28.0,0,5,1,15.0,7.0,No,60,Critical friction
APL-2026-002751,2026-08-10,2026-08-10,2026-08-14,2026-08-17,2026-08-24,2026-08-26,Clinical,Standard,PAY-06,TM-07,TM-07,Closed,Upheld,14,No,No,No,0,0,RC-12,Yes,16.0,0,4,3,7.0,2.0,No,25,Moderate friction
APL-2026-002799,2026-08-10,2026-08-10,2026-08-11,2026-08-14,2026-08-31,2026-09-02,Administrative,Standard,PAY-04,TM-01,TM-01,Closed,Upheld,30,Yes,No,Yes,0,0,RC-05,Yes,23.0,0,1,3,17.0,2.0,Yes,15,Low friction
APL-2026-001424,2026-05-06,2026-05-06,2026-05-06,2026-05-08,2026-05-14,2026-05-15,Administrative,Standard,PAY-01,TM-01,TM-01,Closed,Upheld,30,Yes,Yes,No,0,0,RC-10,Yes,9.0,0,0,2,6.0,1.0,Yes,0,Low friction
APL-2026-001045,2026-03-25,2026-03-26,2026-03-27,2026-03-27,2026-03-31,2026-04-02,Administrative,Standard,PAY-02,TM-01,TM-01,Closed,Partially Overturned,30,Yes,No,No,0,0,RC-08,Yes,8.0,1,1,0,4.0,2.0,Yes,0,Low friction
APL-2026-002727,2026-08-02,2026-08-02,2026-08-03,2026-08-03,2026-08-18,2026-08-18,Claims Payment,Standard,PAY-01,TM-01,TM-02,Closed,Upheld,30,No,Yes,No,1,0,RC-05,No,16.0,0,1,0,15.0,0.0,Yes,55,High friction
APL-2026-002337,2026-05-03,2026-05-03,2026-05-05,2026-05-05,2026-05-11,2026-05-11,Administrative,Low,PAY-02,TM-01,TM-01,Closed,Partially Overturned,30,Yes,No,No,0,0,RC-12,Yes,8.0,0,2,0,6.0,0.0,Yes,0,Low friction
APL-2026-000092,2026-06-22,2026-06-22,2026-06-22,2026-06-22,2026-06-29,2026-06-30,Clinical,Standard,PAY-04,TM-02,TM-02,Closed,Upheld,14,Yes,No,No,0,0,RC-05,Yes,8.0,0,0,0,7.0,1.0,Yes,0,Low friction
APL-2026-003268,2026-08-30,2026-08-30,2026-08-30,2026-08-30,2026-09-14,2026-09-15,Clinical,Standard,PAY-01,TM-03,TM-07,Closed,Overturned,14,Yes,Yes,No,1,0,RC-03,Yes,16.0,0,0,0,15.0,1.0,No,10,Low friction
APL-2026-002089,2026-04-29,2026-04-29,2026-05-05,2026-05-07,2026-05-08,2026-05-08,Clinical,Low,PAY-06,TM-07,TM-07,Closed,Upheld,14,Yes,No,No,0,0,RC-05,Yes,9.0,0,6,2,1.0,0.0,Yes,0,Low friction
APL-2026-001832,2026-09-20,2026-09-20,2026-09-21,2026-09-24,2026-09-28,2026-09-30,Clinical,Standard,PAY-04,TM-02,TM-02,Closed,Overturned,14,Yes,No,No,0,0,RC-04,Yes,10.0,0,1,3,4.0,2.0,Yes,0,Low friction
APL-2026-002342,2026-09-07,2026-09-07,2026-09-07,2026-09-07,2026-09-08,2026-09-08,Authorization,Standard,PAY-06,TM-04,TM-04,Closed,Overturned,7,Yes,No,No,0,0,RC-01,Yes,1.0,0,0,0,1.0,0.0,Yes,0,Low friction
APL-2026-003810,2026-07-01,2026-07-01,2026-07-01,2026-07-02,2026-07-07,2026-07-07,Authorization,Low,PAY-04,TM-04,TM-04,Closed,Upheld,7,Yes,No,No,0,0,RC-01,Yes,6.0,0,0,1,5.0,0.0,Yes,0,Low friction
APL-2026-002434,2026-08-02,2026-08-02,2026-08-04,2026-08-07,2026-08-10,2026-08-11,Administrative,Standard,PAY-05,TM-01,TM-01,Closed,Upheld,30,Yes,No,No,0,0,RC-03,Yes,9.0,0,2,3,3.0,1.0,Yes,0,Low friction
APL-2026-003209,2026-02-24,2026-02-25,2026-02-25,2026-03-02,2026-03-23,2026-03-25,Clinical,Standard,PAY-04,TM-02,TM-03,Closed,Upheld,14,No,Yes,No,1,9,RC-01,Yes,29.0,1,0,5,21.0,2.0,No,55,High friction
APL-2026-003094,2026-01-13,2026-01-14,2026-01-14,2026-01-15,2026-01-20,2026-01-21,Administrative,Standard,PAY-06,TM-07,TM-06,Closed,Upheld,30,Yes,No,No,1,0,RC-06,Yes,8.0,1,0,1,5.0,1.0,Yes,10,Low friction
APL-2026-001904,2026-07-07,2026-07-07,2026-07-08,2026-07-10,2026-07-28,2026-08-04,Administrative,Urgent,PAY-03,TM-07,TM-07,Closed,Overturned,7,No,Yes,No,0,5,RC-05,Yes,28.0,0,1,2,18.0,7.0,No,35,Moderate friction
APL-2026-000923,2026-08-27,2026-08-31,2026-09-03,2026-09-03,2026-09-08,2026-09-10,Authorization,Standard,PAY-02,TM-04,TM-06,Closed,Upheld,7,Yes,No,No,1,0,RC-04,No,14.0,4,3,0,5.0,2.0,No,30,Moderate friction
APL-2026-002251,2026-02-16,2026-02-17,2026-02-18,2026-02-19,2026-02-20,2026-02-23,Pharmacy,Standard,PAY-02,TM-05,TM-05,Closed,Upheld,7,Yes,No,No,0,0,RC-03,Yes,7.0,1,1,1,1.0,3.0,Yes,10,Low friction
APL-2026-003182,2026-06-14,2026-06-14,2026-06-15,2026-06-17,2026-07-03,2026-07-10,Claims Payment,Standard,PAY-04,TM-01,TM-06,Closed,Partially Overturned,30,Yes,No,No,1,0,RC-04,Yes,26.0,0,1,2,16.0,7.0,Yes,20,Moderate friction
APL-2026-001313,2026-07-28,2026-07-29,2026-07-29,2026-08-03,2026-08-05,2026-08-05,Clinical,Standard,PAY-03,TM-07,TM-07,Closed,Upheld,14,Yes,No,No,0,0,RC-01,Yes,8.0,1,0,5,2.0,0.0,Yes,0,Low friction
APL-2026-001106,2026-05-15,2026-05-18,2026-05-20,2026-05-22,2026-06-24,2026-06-25,Pharmacy,Standard,PAY-06,TM-05,TM-05,Closed,Upheld,7,No,Yes,Yes,0,10,RC-06,Yes,41.0,3,2,2,33.0,1.0,No,60,Critical friction
APL-2026-003064,2026-08-14,2026-08-14,2026-08-19,2026-08-20,2026-09-04,2026-09-11,Pharmacy,Standard,PAY-02,TM-05,TM-06,Closed,Upheld,7,No,Yes,No,1,5,RC-04,No,28.0,0,5,1,15.0,7.0,No,65,Critical friction
APL-2026-002209,2026-08-13,2026-08-13,2026-08-14,2026-08-18,2026-08-24,2026-08-26,Administrative,Standard,PAY-02,TM-01,TM-01,Closed,Overturned,30,Yes,Yes,No,0,0,RC-03,Yes,13.0,0,1,4,6.0,2.0,Yes,0,Low friction
APL-2026-002034,2026-08-11,2026-08-13,2026-08-13,2026-08-17,2026-08-21,2026-08-24,Clinical,Low,PAY-06,TM-07,TM-07,Closed,Overturned,14,Yes,No,No,0,0,RC-01,Yes,13.0,2,0,4,4.0,3.0,Yes,10,Low friction
APL-2026-001377,2026-06-03,2026-06-03,2026-06-03,2026-06-03,2026-06-10,2026-06-11,Pharmacy,Standard,PAY-01,TM-05,TM-05,Closed,Partially Overturned,7,Yes,No,No,0,0,RC-03,Yes,8.0,0,0,0,7.0,1.0,No,0,Low friction
APL-2026-002017,2026-06-06,2026-06-06,2026-06-06,2026-06-10,2026-06-24,2026-06-24,Claims Payment,Standard,PAY-03,TM-07,TM-07,Closed,Overturned,30,Yes,No,No,0,0,RC-03,Yes,18.0,0,0,4,14.0,0.0,Yes,0,Low friction
APL-2026-000121,2026-05-02,2026-05-04,2026-05-04,2026-05-05,2026-05-13,2026-05-13,Pharmacy,Standard,PAY-05,TM-05,TM-05,Closed,Overturned,7,Yes,No,No,0,0,RC-07,Yes,11.0,2,0,1,8.0,0.0,No,0,Low friction
APL-2026-002206,2026-05-22,2026-05-22,2026-05-26,2026-05-26,2026-06-23,2026-06-23,Clinical,Low,PAY-04,TM-02,TM-02,Closed,Upheld,14,No,No,Yes,0,14,RC-05,Yes,32.0,0,4,0,28.0,0.0,No,60,Critical friction
APL-2026-002047,2026-04-18,2026-04-21,2026-04-22,2026-04-23,2026-04-24,2026-04-24,Clinical,Urgent,PAY-03,TM-07,TM-07,Closed,Partially Overturned,7,Yes,No,No,0,0,RC-12,Yes,6.0,3,1,1,1.0,0.0,Yes,0,Low friction
APL-2026-001722,2026-07-14,2026-07-14,2026-07-15,2026-07-15,2026-07-20,2026-07-20,Clinical,Standard,PAY-02,TM-03,TM-03,Closed,Overturned,14,Yes,No,No,0,0,RC-15,Yes,6.0,0,1,0,5.0,0.0,Yes,0,Low friction
APL-2026-001353,2026-03-23,2026-03-23,2026-03-24,2026-03-24,2026-04-09,2026-04-09,Administrative,Urgent,PAY-06,TM-07,TM-07,Closed,Upheld,7,No,No,No,0,11,RC-10,Yes,17.0,0,1,0,16.0,0.0,No,45,High friction
APL-2026-001154,2026-08-07,2026-08-10,2026-08-10,2026-08-12,2026-08-21,2026-08-24,Authorization,Standard,PAY-01,TM-04,TM-04,Closed,Overturned,7,No,No,No,0,5,RC-11,Yes,17.0,3,0,2,9.0,3.0,No,35,Moderate friction
APL-2026-000991,2026-06-09,2026-06-10,2026-06-12,2026-06-15,2026-07-01,2026-07-01,Administrative,Standard,PAY-04,TM-01,TM-05,Closed,Upheld,30,Yes,No,No,3,0,RC-04,No,22.0,1,2,3,16.0,0.0,Yes,50,High friction
APL-2026-002867,2026-08-26,2026-08-28,2026-08-31,2026-08-31,2026-09-09,2026-09-11,Administrative,Standard,PAY-03,TM-07,TM-07,Closed,Upheld,30,No,No,No,0,6,RC-10,Yes,16.0,2,3,0,9.0,2.0,Yes,45,High friction
APL-2026-000512,2026-06-29,2026-06-30,2026-07-01,2026-07-01,2026-07-06,2026-07-13,Administrative,Standard,PAY-03,TM-07,TM-07,Closed,Partially Overturned,30,Yes,No,No,0,0,RC-03,Yes,14.0,1,1,0,5.0,7.0,Yes,10,Low friction
APL-2026-002513,2026-08-11,2026-08-11,2026-08-11,2026-08-14,2026-08-17,2026-08-17,Authorization,Standard,PAY-07,TM-04,TM-04,Closed,Upheld,7,Yes,No,No,0,0,RC-10,Yes,6.0,0,0,3,3.0,0.0,Yes,0,Low friction
APL-2026-003922,2026-02-03,2026-02-04,2026-02-05,2026-02-06,2026-02-12,2026-02-19,Administrative,Standard,PAY-01,TM-01,TM-01,Closed,Upheld,30,No,No,Yes,0,0,RC-05,Yes,16.0,1,1,1,6.0,7.0,Yes,50,High friction
APL-2026-000868,2026-03-13,2026-03-17,2026-03-18,2026-03-19,2026-04-16,2026-04-23,Pharmacy,Standard,PAY-01,TM-05,TM-05,Closed,Upheld,7,No,Yes,No,0,10,RC-05,Yes,41.0,4,1,1,28.0,7.0,No,55,High friction
APL-2026-001214,2026-06-02,2026-06-03,2026-06-03,2026-06-05,2026-06-08,2026-06-08,Clinical,Standard,PAY-02,TM-03,TM-03,Closed,Upheld,14,No,No,No,0,0,RC-05,Yes,6.0,1,0,2,3.0,0.0,Yes,25,Moderate friction
APL-2026-001886,2026-05-28,2026-05-29,2026-05-29,2026-06-03,2026-06-09,2026-06-09,Clinical,Low,PAY-02,TM-03,TM-03,Closed,Overturned,14,Yes,No,No,0,0,RC-10,Yes,12.0,1,0,5,6.0,0.0,Yes,0,Low friction
APL-2026-003264,2026-03-24,2026-03-24,2026-03-24,2026-03-26,2026-04-01,2026-04-01,Administrative,Standard,PAY-06,TM-07,TM-07,Closed,Overturned,30,Yes,No,No,0,0,RC-10,Yes,8.0,0,0,2,6.0,0.0,Yes,0,Low friction
APL-2026-000374,2026-02-07,2026-02-07,2026-02-10,2026-02-11,2026-02-25,2026-02-25,Authorization,Urgent,PAY-03,TM-04,TM-05,Closed,Upheld,7,No,Yes,No,1,3,RC-04,No,18.0,0,3,1,14.0,0.0,No,55,High friction
APL-2026-000357,2026-07-07,2026-07-07,2026-07-09,2026-07-10,2026-07-22,2026-07-23,Claims Payment,Standard,PAY-03,TM-07,TM-07,Closed,Upheld,30,Yes,No,Yes,0,0,RC-04,Yes,16.0,0,2,1,12.0,1.0,Yes,15,Low friction
APL-2026-002764,2026-07-12,2026-07-12,2026-07-14,2026-07-15,2026-07-24,2026-07-24,Administrative,Urgent,PAY-01,TM-01,TM-01,Closed,Overturned,7,Yes,No,Yes,0,0,RC-10,Yes,12.0,0,2,1,9.0,0.0,No,15,Low friction
APL-2026-003683,2026-09-22,2026-09-23,2026-09-24,2026-09-28,,,Clinical,Standard,PAY-06,TM-07,TM-07,Pending Information,,14,Yes,No,No,0,0,RC-02,Yes,,1,1,4,,,,0,Low friction
APL-2026-000711,2026-03-05,2026-03-09,2026-03-10,2026-03-12,2026-03-23,2026-03-24,Administrative,Urgent,PAY-01,TM-01,TM-05,Closed,Upheld,7,Yes,No,No,1,0,RC-01,Yes,19.0,4,1,2,11.0,1.0,No,10,Low friction
APL-2026-001264,2026-02-15,2026-02-15,2026-02-17,2026-02-17,2026-02-18,2026-02-18,Administrative,Standard,PAY-03,TM-07,TM-07,Closed,Upheld,30,Yes,No,No,0,0,RC-11,Yes,3.0,0,2,0,1.0,0.0,Yes,0,Low friction
APL-2026-003181,2026-03-10,2026-03-10,2026-03-10,2026-03-11,2026-03-17,2026-03-17,Administrative,Standard,PAY-02,TM-01,TM-01,Closed,Upheld,30,Yes,No,No,0,0,RC-03,Yes,7.0,0,0,1,6.0,0.0,Yes,0,Low friction
APL-2026-001628,2026-03-20,2026-03-23,2026-03-24,2026-03-27,2026-04-16,2026-04-17,Clinical,Standard,PAY-01,TM-02,TM-02,Closed,Partially Overturned,14,No,No,No,0,9,RC-01,Yes,28.0,3,1,3,20.0,1.0,No,45,High friction
APL-2026-003364,2026-07-07,2026-07-07,2026-07-07,2026-07-07,2026-07-08,2026-07-09,Administrative,Standard,PAY-04,TM-01,TM-01,Closed,Overturned,30,Yes,No,No,0,0,RC-07,Yes,2.0,0,0,0,1.0,1.0,Yes,0,Low friction
APL-2026-002055,2026-03-01,2026-03-02,2026-03-04,2026-03-04,2026-03-09,2026-03-16,Administrative,Standard,PAY-03,TM-07,TM-07,Closed,Upheld,30,Yes,No,No,0,0,RC-05,Yes,15.0,1,2,0,5.0,7.0,Yes,10,Low friction
APL-2026-001755,2026-08-19,2026-08-19,2026-08-20,2026-08-21,2026-09-01,2026-09-02,Clinical,Standard,PAY-06,TM-07,TM-07,Closed,Upheld,14,Yes,No,No,0,0,RC-02,Yes,14.0,0,1,1,11.0,1.0,Yes,0,Low friction
APL-2026-001070,2026-05-21,2026-05-22,2026-05-22,2026-05-26,2026-06-09,2026-06-10,Administrative,Standard,PAY-02,TM-01,TM-01,Closed,Overturned,30,Yes,Yes,No,0,0,RC-01,Yes,20.0,1,0,4,14.0,1.0,Yes,0,Low friction
APL-2026-002655,2026-05-01,2026-05-01,2026-05-04,2026-05-07,2026-05-18,2026-05-19,Pharmacy,Urgent,PAY-02,TM-05,TM-05,Closed,Overturned,7,Yes,No,Yes,0,0,RC-15,Yes,18.0,0,3,3,11.0,1.0,No,15,Low friction
APL-2026-003854,2026-04-10,2026-04-14,2026-04-15,2026-04-16,2026-04-22,2026-04-24,Clinical,Standard,PAY-05,TM-03,TM-06,Closed,Overturned,14,Yes,No,No,1,0,RC-08,Yes,14.0,4,1,1,6.0,2.0,Yes,10,Low friction
APL-2026-001636,2026-02-23,2026-02-23,2026-02-23,2026-02-25,2026-03-06,2026-03-06,Clinical,Urgent,PAY-01,TM-03,TM-03,Closed,Upheld,7,No,No,No,0,6,RC-12,Yes,11.0,0,0,2,9.0,0.0,No,45,High friction
APL-2026-002352,2026-01-29,2026-02-02,2026-02-04,2026-02-05,2026-02-17,2026-02-18,Administrative,Standard,PAY-03,TM-07,TM-04,Closed,Upheld,30,Yes,No,No,1,0,RC-03,Yes,20.0,4,2,1,12.0,1.0,Yes,10,Low friction
APL-2026-000978,2026-08-06,2026-08-10,2026-08-10,2026-08-10,2026-08-27,2026-08-28,Clinical,Urgent,PAY-02,TM-03,TM-03,Closed,Overturned,7,Yes,No,No,0,0,RC-01,Yes,22.0,4,0,0,17.0,1.0,No,0,Low friction
APL-2026-003216,2026-03-19,2026-03-20,2026-03-23,2026-03-25,2026-03-31,2026-04-01,Clinical,Standard,PAY-07,TM-02,TM-05,Closed,Upheld,14,Yes,No,No,1,0,RC-04,Yes,13.0,1,3,2,6.0,1.0,Yes,10,Low friction
APL-2026-003971,2026-02-21,2026-02-23,2026-02-25,2026-02-27,2026-03-04,2026-03-05,Claims Payment,Urgent,PAY-02,TM-01,TM-01,Closed,Partially Overturned,7,Yes,No,No,0,0,RC-02,Yes,12.0,2,2,2,5.0,1.0,No,0,Low friction
APL-2026-003754,2026-03-02,2026-03-03,2026-03-04,2026-03-04,2026-03-09,2026-03-09,Administrative,Low,PAY-02,TM-01,TM-02,Closed,Upheld,30,Yes,No,No,1,0,RC-09,Yes,7.0,1,1,0,5.0,0.0,Yes,10,Low friction
APL-2026-002829,2026-08-28,2026-08-28,2026-09-03,2026-09-03,2026-09-11,2026-09-11,Clinical,Urgent,PAY-02,TM-02,TM-02,Closed,Overturned,7,Yes,No,No,0,0,RC-08,Yes,14.0,0,6,0,8.0,0.0,No,0,Low friction
APL-2026-000340,2026-03-08,2026-03-09,2026-03-09,2026-03-12,2026-03-19,2026-03-20,Pharmacy,Urgent,PAY-05,TM-05,TM-05,Closed,Upheld,7,Yes,No,No,0,0,RC-11,Yes,12.0,1,0,3,7.0,1.0,No,0,Low friction
APL-2026-000990,2026-08-26,2026-08-26,2026-08-27,2026-08-27,2026-09-01,2026-09-02,Clinical,Standard,PAY-05,TM-02,TM-02,Closed,Upheld,14,Yes,No,No,0,0,RC-06,Yes,7.0,0,1,0,5.0,1.0,Yes,0,Low friction
APL-2026-002153,2026-05-20,2026-05-21,2026-05-25,2026-05-26,2026-05-27,2026-05-28,Administrative,Standard,PAY-06,TM-07,TM-07,Closed,Upheld,30,Yes,No,No,0,0,RC-01,Yes,8.0,1,4,1,1.0,1.0,Yes,0,Low friction
APL-2026-003606,2026-01-30,2026-01-30,2026-02-02,2026-02-02,2026-02-05,2026-02-09,Authorization,Low,PAY-06,TM-04,TM-04,Closed,Upheld,7,No,No,No,0,2,RC-08,Yes,10.0,0,3,0,3.0,4.0,No,35,Moderate friction
APL-2026-000210,2026-07-13,2026-07-14,2026-07-16,2026-07-20,2026-07-23,2026-07-23,Pharmacy,Standard,PAY-04,TM-05,TM-05,Closed,Upheld,7,Yes,No,No,0,0,RC-07,Yes,10.0,1,2,4,3.0,0.0,No,0,Low friction
APL-2026-002285,2026-03-03,2026-03-03,2026-03-09,2026-03-11,2026-03-31,2026-03-31,Authorization,Urgent,PAY-04,TM-04,TM-04,Closed,Upheld,7,No,Yes,No,0,0,RC-01,Yes,28.0,0,6,2,20.0,0.0,No,25,Moderate friction
APL-2026-001968,2026-04-19,2026-04-20,2026-04-24,2026-04-27,2026-04-28,2026-04-28,Administrative,Standard,PAY-02,TM-01,TM-01,Closed,Upheld,30,Yes,No,No,0,0,RC-04,Yes,9.0,1,4,3,1.0,0.0,Yes,0,Low friction
APL-2026-003068,2026-08-19,2026-08-20,2026-08-20,2026-08-21,2026-08-27,2026-08-27,Administrative,Standard,PAY-06,TM-07,TM-07,Closed,Upheld,30,Yes,No,No,0,0,RC-09,Yes,8.0,1,0,1,6.0,0.0,Yes,0,Low friction
APL-2026-003388,2026-02-28,2026-02-28,2026-03-03,2026-03-04,2026-03-06,2026-03-10,Authorization,Urgent,PAY-02,TM-04,TM-04,Closed,Overturned,7,Yes,No,No,0,0,RC-09,Yes,10.0,0,3,1,2.0,4.0,No,10,Low friction
APL-2026-003103,2026-01-28,2026-01-28,2026-01-29,2026-01-30,2026-02-12,2026-02-12,Authorization,Standard,PAY-02,TM-04,TM-04,Closed,Overturned,7,Yes,No,No,0,0,RC-10,Yes,15.0,0,1,1,13.0,0.0,No,0,Low friction
APL-2026-000004,2026-05-05,2026-05-06,2026-05-08,2026-05-08,2026-06-02,2026-06-09,Administrative,Standard,PAY-07,TM-01,TM-01,Closed,Upheld,30,No,No,No,0,11,RC-01,Yes,35.0,1,2,0,25.0,7.0,No,55,High friction
APL-2026-003802,2026-09-03,2026-09-07,2026-09-07,2026-09-08,2026-09-15,2026-09-15,Clinical,Low,PAY-05,TM-03,TM-03,Closed,Upheld,14,Yes,No,No,0,0,RC-05,Yes,12.0,4,0,1,7.0,0.0,Yes,0,Low friction
APL-2026-000001,2026-07-21,2026-07-21,2026-07-23,2026-07-24,2026-07-28,2026-07-30,Administrative,Standard,PAY-05,TM-01,TM-01,Closed,Upheld,30,Yes,No,No,0,0,RC-05,Yes,9.0,0,2,1,4.0,2.0,Yes,0,Low friction
APL-2026-002471,2026-05-18,2026-05-19,2026-05-20,2026-05-20,2026-05-25,2026-05-27,Administrative,Standard,PAY-01,TM-01,TM-01,Closed,Upheld,30,Yes,No,No,0,0,RC-02,Yes,9.0,1,1,0,5.0,2.0,Yes,0,Low friction
APL-2026-002545,2026-01-16,2026-01-20,2026-01-22,2026-01-26,2026-01-28,2026-01-29,Authorization,Standard,PAY-02,TM-04,TM-04,Closed,Upheld,7,Yes,No,No,0,0,RC-09,Yes,13.0,4,2,4,2.0,1.0,No,0,Low friction
APL-2026-000637,2026-06-21,2026-06-23,2026-06-23,2026-06-25,2026-07-09,2026-07-10,Pharmacy,Standard,PAY-01,TM-05,TM-05,Closed,Overturned,7,Yes,No,No,0,0,RC-03,Yes,19.0,2,0,2,14.0,1.0,No,0,Low friction
APL-2026-000204,2026-04-18,2026-04-20,2026-04-21,2026-04-22,2026-04-29,2026-04-29,Clinical,Standard,PAY-03,TM-07,TM-07,Closed,Partially Overturned,14,Yes,No,No,0,0,RC-02,Yes,11.0,2,1,1,7.0,0.0,Yes,0,Low friction
APL-2026-001207,2026-03-02,2026-03-03,2026-03-06,2026-03-09,2026-03-18,2026-03-18,Authorization,Standard,PAY-02,TM-04,TM-03,Closed,Upheld,7,No,No,No,1,2,RC-01,No,16.0,1,3,3,9.0,0.0,No,55,High friction
APL-2026-003484,2026-03-26,2026-03-27,2026-03-30,2026-03-31,2026-04-15,2026-04-15,Authorization,Urgent,PAY-03,TM-04,TM-04,Closed,Overturned,7,Yes,Yes,Yes,0,0,RC-03,Yes,20.0,1,3,1,15.0,0.0,No,15,Low friction
APL-2026-002104,2026-06-08,2026-06-08,2026-06-09,2026-06-09,2026-06-16,2026-06-16,Clinical,Standard,PAY-02,TM-03,TM-03,Closed,Overturned,14,Yes,No,No,0,0,RC-05,Yes,8.0,0,1,0,7.0,0.0,Yes,0,Low friction
APL-2026-003793,2026-05-22,2026-05-26,2026-05-26,2026-05-28,2026-06-03,2026-06-10,Administrative,Low,PAY-02,TM-01,TM-05,Closed,Overturned,30,Yes,No,No,1,0,RC-04,Yes,19.0,4,0,2,6.0,7.0,Yes,20,Moderate friction
APL-2026-002520,2026-04-11,2026-04-13,2026-04-13,2026-04-16,2026-05-01,2026-05-05,Authorization,Urgent,PAY-04,TM-04,TM-04,Closed,Partially Overturned,7,No,Yes,No,0,8,RC-12,Yes,24.0,2,0,3,15.0,4.0,No,55,High friction
APL-2026-003655,2026-09-24,2026-09-25,2026-09-29,2026-09-30,,,Pharmacy,Low,PAY-02,TM-05,TM-08,Pending Information,,7,No,No,No,1,0,RC-12,No,,1,4,1,,,,55,High friction
APL-2026-001425,2026-02-04,2026-02-04,2026-02-06,2026-02-10,2026-02-27,2026-03-02,Authorization,Standard,PAY-03,TM-04,TM-04,Closed,Upheld,7,Yes,No,No,0,0,RC-13,Yes,26.0,0,2,4,17.0,3.0,No,10,Low friction
APL-2026-001781,2026-01-27,2026-01-27,2026-01-28,2026-01-30,2026-02-10,2026-02-10,Authorization,Standard,PAY-02,TM-04,TM-04,Closed,Overturned,7,Yes,No,No,0,0,RC-02,Yes,14.0,0,1,2,11.0,0.0,No,0,Low friction
APL-2026-000457,2026-04-26,2026-04-26,2026-04-26,2026-04-27,2026-04-30,2026-05-04,Clinical,Standard,PAY-01,TM-02,TM-06,Closed,Upheld,14,Yes,No,No,1,0,RC-09,Yes,8.0,0,0,1,3.0,4.0,Yes,20,Moderate friction
APL-2026-003543,2026-01-22,2026-01-23,2026-01-26,2026-01-28,2026-02-02,2026-02-03,Clinical,Urgent,PAY-01,TM-03,TM-03,Closed,Partially Overturned,7,Yes,No,No,0,0,RC-07,Yes,12.0,1,3,2,5.0,1.0,No,0,Low friction
APL-2026-002282,2026-02-28,2026-02-28,2026-03-04,2026-03-04,2026-03-23,2026-03-24,Authorization,Standard,PAY-04,TM-04,TM-08,Closed,Upheld,7,No,Yes,No,1,3,RC-01,No,24.0,0,4,0,19.0,1.0,No,55,High friction
APL-2026-002420,2026-08-22,2026-08-22,2026-08-24,2026-08-27,2026-08-31,2026-09-01,Authorization,Standard,PAY-03,TM-04,TM-04,Closed,Partially Overturned,7,Yes,No,No,0,0,RC-07,Yes,10.0,0,2,3,4.0,1.0,No,0,Low friction
APL-2026-000289,2026-07-15,2026-07-17,2026-07-17,2026-07-20,2026-07-22,2026-07-24,Clinical,Low,PAY-01,TM-02,TM-02,Closed,Upheld,14,Yes,No,No,0,0,RC-11,Yes,9.0,2,0,3,2.0,2.0,Yes,0,Low friction
APL-2026-000026,2026-03-13,2026-03-13,2026-03-13,2026-03-13,2026-03-24,2026-03-26,Administrative,Standard,PAY-03,TM-07,TM-07,Closed,Upheld,30,Yes,No,No,0,0,RC-04,Yes,13.0,0,0,0,11.0,2.0,Yes,0,Low friction
APL-2026-002758,2026-03-11,2026-03-11,2026-03-13,2026-03-16,2026-03-18,2026-03-19,Claims Payment,Standard,PAY-01,TM-01,TM-01,Closed,Upheld,30,Yes,No,No,0,0,RC-06,Yes,8.0,0,2,3,2.0,1.0,Yes,0,Low friction
APL-2026-000348,2026-01-29,2026-01-29,2026-02-04,2026-02-09,2026-02-20,2026-02-23,Authorization,Standard,PAY-05,TM-04,TM-04,Closed,Upheld,7,Yes,No,No,0,0,RC-07,Yes,25.0,0,6,5,11.0,3.0,No,10,Low friction
APL-2026-002940,2026-04-09,2026-04-10,2026-04-10,2026-04-10,2026-04-13,2026-04-13,Authorization,Low,PAY-03,TM-04,TM-04,Closed,Upheld,7,Yes,No,No,0,0,RC-12,Yes,4.0,1,0,0,3.0,0.0,Yes,0,Low friction
APL-2026-002544,2026-04-05,2026-04-05,2026-04-06,2026-04-07,2026-04-08,2026-04-09,Clinical,Standard,PAY-02,TM-02,TM-02,Closed,Overturned,14,Yes,No,No,0,0,RC-07,Yes,4.0,0,1,1,1.0,1.0,Yes,0,Low friction
APL-2026-003155,2026-04-28,2026-04-29,2026-04-30,2026-05-01,2026-05-04,2026-05-06,Administrative,Standard,PAY-04,TM-01,TM-01,Closed,Upheld,30,No,No,No,0,0,RC-12,Yes,8.0,1,1,1,3.0,2.0,Yes,25,Moderate friction
APL-2026-000858,2026-09-07,2026-09-09,2026-09-10,2026-09-14,2026-09-15,2026-09-15,Clinical,Urgent,PAY-04,TM-03,TM-03,Closed,Upheld,7,Yes,No,No,0,0,RC-03,Yes,8.0,2,1,4,1.0,0.0,No,0,Low friction
APL-2026-003790,2026-01-04,2026-01-05,2026-01-07,2026-01-07,2026-01-12,2026-01-13,Authorization,Urgent,PAY-03,TM-04,TM-04,Closed,Partially Overturned,7,Yes,No,No,0,0,RC-09,Yes,9.0,1,2,0,5.0,1.0,No,0,Low friction
APL-2026-001647,2026-05-17,2026-05-18,2026-05-21,2026-05-21,2026-06-09,2026-06-09,Clinical,Standard,PAY-02,TM-03,TM-07,Closed,Overturned,14,No,No,No,1,7,RC-04,No,23.0,1,3,0,19.0,0.0,No,75,Critical friction
APL-2026-000161,2026-07-16,2026-07-17,2026-07-17,2026-07-21,2026-08-10,2026-08-11,Clinical,Urgent,PAY-01,TM-03,TM-03,Closed,Upheld,7,No,No,Yes,0,8,RC-12,Yes,26.0,1,0,4,20.0,1.0,No,60,Critical friction
APL-2026-003795,2026-07-08,2026-07-09,2026-07-10,2026-07-15,2026-07-27,2026-07-28,Authorization,Standard,PAY-03,TM-04,TM-04,Closed,Overturned,7,Yes,No,No,0,0,RC-01,Yes,20.0,1,1,5,12.0,1.0,No,0,Low friction
APL-2026-000809,2026-07-02,2026-07-06,2026-07-08,2026-07-10,2026-07-15,2026-07-16,Pharmacy,Standard,PAY-04,TM-05,TM-05,Closed,Upheld,7,Yes,No,No,0,0,RC-10,Yes,14.0,4,2,2,5.0,1.0,No,0,Low friction
APL-2026-002536,2026-06-14,2026-06-16,2026-06-18,2026-06-18,2026-07-02,2026-07-02,Clinical,Standard,PAY-01,TM-02,TM-02,Closed,Overturned,14,Yes,No,No,0,0,RC-08,Yes,18.0,2,2,0,14.0,0.0,No,0,Low friction
APL-2026-000935,2026-07-06,2026-07-06,2026-07-07,2026-07-07,2026-07-08,2026-07-09,Clinical,Standard,PAY-03,TM-07,TM-07,Closed,Upheld,14,No,No,No,0,0,RC-01,Yes,3.0,0,1,0,1.0,1.0,Yes,25,Moderate friction
APL-2026-003902,2026-08-23,2026-08-25,2026-08-27,2026-08-27,2026-09-07,2026-09-07,Clinical,Standard,PAY-04,TM-03,TM-03,Closed,Upheld,14,No,No,No,0,3,RC-05,Yes,15.0,2,2,0,11.0,0.0,No,25,Moderate friction
APL-2026-001265,2026-05-26,2026-05-26,2026-06-04,2026-06-08,2026-06-17,2026-06-18,Authorization,Standard,PAY-02,TM-04,TM-05,Closed,Partially Overturned,7,Yes,No,No,1,0,RC-06,No,23.0,0,9,4,9.0,1.0,No,30,Moderate friction
APL-2026-000184,2026-02-21,2026-02-24,2026-02-24,2026-02-25,2026-02-26,2026-02-26,Clinical,Urgent,PAY-04,TM-03,TM-03,Closed,Overturned,7,Yes,No,No,0,0,RC-08,Yes,5.0,3,0,1,1.0,0.0,Yes,0,Low friction
APL-2026-001792,2026-08-04,2026-08-05,2026-08-05,2026-08-10,2026-08-18,2026-08-19,Administrative,Standard,PAY-03,TM-07,TM-07,Closed,Upheld,30,No,No,Yes,0,3,RC-05,Yes,15.0,1,0,5,8.0,1.0,Yes,40,High friction
APL-2026-003000,2026-06-28,2026-06-29,2026-06-30,2026-07-01,2026-07-16,2026-07-17,Pharmacy,Standard,PAY-06,TM-05,TM-05,Closed,Upheld,7,No,No,No,0,7,RC-01,Yes,19.0,1,1,1,15.0,1.0,No,45,High friction
APL-2026-002463,2026-07-24,2026-07-24,2026-07-24,2026-07-27,2026-08-06,2026-08-13,Clinical,Standard,PAY-03,TM-07,TM-07,Closed,Overturned,14,Yes,No,No,0,0,RC-05,Yes,20.0,0,0,3,10.0,7.0,No,10,Low friction
APL-2026-003395,2026-09-06,2026-09-06,2026-09-08,2026-09-10,2026-09-22,2026-09-22,Administrative,Standard,PAY-05,TM-01,TM-05,Closed,Overturned,30,Yes,No,No,1,0,RC-06,No,16.0,0,2,2,12.0,0.0,Yes,30,Moderate friction
APL-2026-002805,2026-08-10,2026-08-10,2026-08-14,2026-08-14,2026-08-21,2026-08-21,Authorization,Standard,PAY-01,TM-04,TM-05,Closed,Partially Overturned,7,Yes,No,No,1,0,RC-11,Yes,11.0,0,4,0,7.0,0.0,No,10,Low friction
APL-2026-000631,2026-05-18,2026-05-18,2026-05-22,2026-05-26,2026-05-27,2026-05-27,Administrative,Standard,PAY-02,TM-01,TM-01,Closed,Upheld,30,Yes,No,No,0,0,RC-05,Yes,9.0,0,4,4,1.0,0.0,Yes,0,Low friction
APL-2026-002777,2026-08-30,2026-09-01,2026-09-01,2026-09-04,2026-09-10,2026-09-11,Pharmacy,Standard,PAY-02,TM-05,TM-02,Closed,Upheld,7,Yes,No,No,1,0,RC-08,Yes,12.0,2,0,3,6.0,1.0,No,10,Low friction
APL-2026-001885,2026-06-05,2026-06-05,2026-06-05,2026-06-05,2026-06-15,2026-06-16,Clinical,Standard,PAY-04,TM-02,TM-02,Closed,Overturned,14,Yes,No,No,0,0,RC-08,Yes,11.0,0,0,0,10.0,1.0,Yes,0,Low friction
APL-2026-003942,2026-04-17,2026-04-17,2026-04-21,2026-04-21,2026-05-12,2026-05-13,Authorization,Urgent,PAY-03,TM-04,TM-04,Closed,Upheld,7,No,No,No,0,11,RC-08,Yes,26.0,0,4,0,21.0,1.0,No,45,High friction
APL-2026-003114,2026-07-13,2026-07-13,2026-07-17,2026-07-17,2026-08-25,2026-08-25,Administrative,Standard,PAY-05,TM-01,TM-05,Closed,Upheld,30,No,No,No,2,16,RC-12,No,43.0,0,4,0,39.0,0.0,No,85,Critical friction
APL-2026-000127,2026-09-07,2026-09-07,2026-09-08,2026-09-08,2026-09-15,2026-09-16,Authorization,Standard,PAY-04,TM-04,TM-04,Closed,Partially Overturned,7,Yes,No,No,0,0,RC-10,Yes,9.0,0,1,0,7.0,1.0,No,0,Low friction
APL-2026-002419,2026-01-29,2026-01-29,2026-01-29,2026-01-30,2026-02-02,2026-02-02,Administrative,Standard,PAY-03,TM-07,TM-07,Closed,Overturned,30,No,No,No,0,0,RC-06,Yes,4.0,0,0,1,3.0,0.0,Yes,25,Moderate friction
APL-2026-003354,2026-06-08,2026-06-09,2026-06-10,2026-06-10,2026-07-07,2026-07-14,Clinical,Urgent,PAY-01,TM-02,TM-02,Closed,Overturned,7,No,No,Yes,0,7,RC-07,Yes,36.0,1,1,0,27.0,7.0,No,70,Critical friction
APL-2026-000023,2026-04-11,2026-04-11,2026-04-13,2026-04-14,2026-05-08,2026-05-08,Administrative,Low,PAY-07,TM-01,TM-01,Closed,Partially Overturned,30,Yes,No,No,0,0,RC-02,Yes,27.0,0,2,1,24.0,0.0,Yes,0,Low friction
APL-2026-002946,2026-09-03,2026-09-03,2026-09-03,2026-09-08,2026-09-28,2026-09-30,Pharmacy,Standard,PAY-03,TM-05,TM-05,Closed,Overturned,7,No,No,Yes,0,0,RC-08,Yes,27.0,0,0,5,20.0,2.0,No,40,High friction
APL-2026-001786,2026-04-13,2026-04-14,2026-04-15,2026-04-20,2026-04-28,2026-04-29,Administrative,Low,PAY-04,TM-01,TM-01,Closed,Partially Overturned,30,Yes,No,No,0,0,RC-08,Yes,16.0,1,1,5,8.0,1.0,Yes,0,Low friction
APL-2026-003052,2026-09-17,2026-09-18,2026-09-21,2026-09-24,,,Administrative,Urgent,PAY-06,TM-07,TM-07,Pending Information,,7,No,Yes,Yes,0,7,RC-12,Yes,,1,3,3,,,,60,Critical friction
APL-2026-001728,2026-05-29,2026-06-01,2026-06-02,2026-06-03,2026-06-11,2026-06-18,Pharmacy,Standard,PAY-04,TM-05,TM-05,Closed,Upheld,7,Yes,Yes,No,0,0,RC-02,Yes,20.0,3,1,1,8.0,7.0,No,10,Low friction
APL-2026-003804,2026-06-29,2026-07-01,2026-07-03,2026-07-03,2026-07-24,2026-07-28,Clinical,Urgent,PAY-07,TM-03,TM-03,Closed,Upheld,7,No,No,Yes,0,8,RC-10,Yes,29.0,2,2,0,21.0,4.0,No,70,Critical friction
APL-2026-000135,2026-07-23,2026-07-23,2026-07-23,2026-07-23,2026-08-03,2026-08-03,Administrative,Standard,PAY-03,TM-07,TM-07,Closed,Overturned,30,Yes,No,No,0,0,RC-11,Yes,11.0,0,0,0,11.0,0.0,Yes,0,Low friction
APL-2026-003415,2026-09-15,2026-09-15,2026-09-16,2026-09-17,2026-09-22,2026-09-23,Clinical,Standard,PAY-02,TM-03,TM-03,Closed,Upheld,14,Yes,No,No,0,0,RC-04,Yes,8.0,0,1,1,5.0,1.0,Yes,0,Low friction
APL-2026-003574,2026-08-12,2026-08-12,2026-08-13,2026-08-13,2026-08-14,2026-08-21,Clinical,Standard,PAY-03,TM-07,TM-07,Closed,Partially Overturned,14,Yes,No,No,0,0,RC-03,Yes,9.0,0,1,0,1.0,7.0,Yes,10,Low friction
APL-2026-002674,2026-01-12,2026-01-13,2026-01-15,2026-01-16,2026-02-10,2026-02-11,Administrative,Standard,PAY-03,TM-07,TM-03,Closed,Partially Overturned,30,No,Yes,No,2,5,RC-12,No,30.0,1,2,1,25.0,1.0,Yes,65,Critical friction
APL-2026-001213,2026-03-29,2026-03-30,2026-03-31,2026-04-01,2026-04-10,2026-04-10,Authorization,Standard,PAY-01,TM-04,TM-01,Closed,Upheld,7,Yes,No,No,1,0,RC-05,Yes,12.0,1,1,1,9.0,0.0,No,10,Low friction
APL-2026-000585,2026-08-24,2026-08-24,2026-08-25,2026-08-26,2026-09-03,2026-09-07,Authorization,Standard,PAY-04,TM-04,TM-04,Closed,Overturned,7,Yes,No,No,0,0,RC-01,Yes,14.0,0,1,1,8.0,4.0,No,10,Low friction
APL-2026-001809,2026-01-20,2026-01-21,2026-01-22,2026-01-23,2026-02-03,2026-02-03,Administrative,Standard,PAY-01,TM-01,TM-01,Closed,Upheld,30,Yes,No,Yes,0,0,RC-12,Yes,14.0,1,1,1,11.0,0.0,Yes,15,Low friction
APL-2026-003969,2026-03-09,2026-03-10,2026-03-11,2026-03-11,2026-03-25,2026-03-25,Administrative,Standard,PAY-07,TM-01,TM-01,Closed,Upheld,30,Yes,No,No,0,0,RC-13,Yes,16.0,1,1,0,14.0,0.0,Yes,0,Low friction
APL-2026-003092,2026-08-20,2026-08-24,2026-08-25,2026-08-28,2026-09-23,2026-09-24,Authorization,Standard,PAY-04,TM-04,TM-06,Closed,Upheld,7,Yes,Yes,No,3,0,RC-01,No,35.0,4,1,3,26.0,1.0,No,50,High friction
APL-2026-003545,2026-08-31,2026-08-31,2026-09-01,2026-09-02,,,Clinical,Urgent,PAY-03,TM-07,TM-07,Escalated,,7,No,No,Yes,0,21,RC-05,Yes,,0,1,1,,,,60,Critical friction
APL-2026-001772,2026-03-10,2026-03-10,2026-03-11,2026-03-13,2026-03-16,2026-03-16,Clinical,Standard,PAY-04,TM-02,TM-02,Closed,Partially Overturned,14,Yes,No,No,0,0,RC-08,Yes,6.0,0,1,2,3.0,0.0,Yes,0,Low friction
APL-2026-000230,2026-06-25,2026-06-25,2026-06-25,2026-06-29,2026-07-03,2026-07-03,Pharmacy,Low,PAY-03,TM-05,TM-05,Closed,Upheld,7,Yes,No,No,0,0,RC-10,Yes,8.0,0,0,4,4.0,0.0,No,0,Low friction
APL-2026-003150,2026-02-23,2026-02-24,2026-02-25,2026-02-26,2026-03-11,2026-03-11,Authorization,Standard,PAY-04,TM-04,TM-04,Closed,Overturned,7,Yes,Yes,No,0,0,RC-02,Yes,16.0,1,1,1,13.0,0.0,No,0,Low friction
APL-2026-003755,2026-09-12,2026-09-12,2026-09-12,2026-09-16,2026-09-23,2026-09-23,Administrative,Standard,PAY-06,TM-07,TM-07,Closed,Upheld,30,Yes,Yes,No,0,0,RC-10,Yes,11.0,0,0,4,7.0,0.0,Yes,0,Low friction
APL-2026-001970,2026-02-22,2026-02-22,2026-02-22,2026-02-22,2026-03-03,2026-03-03,Administrative,Standard,PAY-06,TM-07,TM-07,Closed,Overturned,30,Yes,No,Yes,0,0,RC-07,Yes,9.0,0,0,0,9.0,0.0,Yes,15,Low friction
APL-2026-002980,2026-08-04,2026-08-04,2026-08-04,2026-08-05,2026-08-11,2026-08-13,Clinical,Urgent,PAY-07,TM-03,TM-03,Closed,Overturned,7,Yes,No,No,0,0,RC-07,Yes,9.0,0,0,1,6.0,2.0,No,0,Low friction
APL-2026-000841,2026-02-03,2026-02-04,2026-02-10,2026-02-11,2026-02-20,2026-02-23,Clinical,Standard,PAY-01,TM-02,TM-02,Closed,Upheld,14,No,No,No,0,1,RC-03,Yes,20.0,1,6,1,9.0,3.0,No,35,Moderate friction
APL-2026-003059,2026-06-16,2026-06-17,2026-06-17,2026-06-17,2026-06-18,2026-06-19,Administrative,Standard,PAY-02,TM-01,TM-01,Closed,Upheld,30,Yes,No,No,0,0,RC-02,Yes,3.0,1,0,0,1.0,1.0,Yes,0,Low friction
APL-2026-001172,2026-06-29,2026-07-01,2026-07-01,2026-07-01,2026-07-06,2026-07-06,Authorization,Standard,PAY-04,TM-04,TM-04,Closed,Upheld,7,Yes,No,No,0,0,RC-05,Yes,7.0,2,0,0,5.0,0.0,Yes,0,Low friction
APL-2026-000710,2026-03-20,2026-03-20,2026-03-25,2026-03-26,2026-04-16,2026-04-16,Clinical,Standard,PAY-04,TM-02,TM-01,Closed,Upheld,14,No,Yes,No,1,9,RC-10,No,27.0,0,5,1,21.0,0.0,No,75,Critical friction
APL-2026-000253,2026-02-23,2026-02-23,2026-02-25,2026-02-25,2026-03-04,2026-03-04,Administrative,Low,PAY-01,TM-01,TM-05,Closed,Partially Overturned,30,Yes,No,No,1,0,RC-05,Yes,9.0,0,2,0,7.0,0.0,Yes,10,Low friction
APL-2026-000621,2026-02-28,2026-03-03,2026-03-06,2026-03-06,2026-03-20,2026-03-23,Clinical,Standard,PAY-01,TM-02,TM-04,Closed,Upheld,14,No,No,No,1,2,RC-04,No,23.0,3,3,0,14.0,3.0,No,65,Critical friction
APL-2026-000410,2026-06-07,2026-06-07,2026-06-07,2026-06-08,2026-06-16,2026-06-16,Administrative,Standard,PAY-02,TM-01,TM-01,Closed,Upheld,30,Yes,No,No,0,0,RC-08,Yes,9.0,0,0,1,8.0,0.0,Yes,0,Low friction
APL-2026-003476,2026-08-09,2026-08-09,2026-08-10,2026-08-12,2026-08-17,2026-08-17,Administrative,Standard,PAY-01,TM-01,TM-01,Closed,Overturned,30,Yes,No,No,0,0,RC-10,Yes,8.0,0,1,2,5.0,0.0,Yes,0,Low friction
APL-2026-000551,2026-09-02,2026-09-03,2026-09-03,2026-09-04,2026-09-10,2026-09-11,Pharmacy,Urgent,PAY-02,TM-05,TM-05,Closed,Overturned,7,Yes,No,No,0,0,RC-01,Yes,9.0,1,0,1,6.0,1.0,No,0,Low friction
APL-2026-001708,2026-08-29,2026-09-01,2026-09-02,2026-09-02,2026-09-07,2026-09-14,Clinical,Standard,PAY-04,TM-03,TM-03,Closed,Overturned,14,Yes,No,No,0,0,RC-05,Yes,16.0,3,1,0,5.0,7.0,No,10,Low friction
APL-2026-002318,2026-05-30,2026-05-30,2026-06-01,2026-06-02,2026-06-17,2026-06-18,Administrative,Standard,PAY-02,TM-01,TM-08,Closed,Overturned,30,Yes,No,No,1,0,RC-01,Yes,19.0,0,2,1,15.0,1.0,Yes,10,Low friction
APL-2026-003333,2026-06-04,2026-06-04,2026-06-04,2026-06-05,2026-06-10,2026-06-11,Authorization,Low,PAY-03,TM-04,TM-04,Closed,Upheld,7,Yes,No,No,0,0,RC-02,Yes,7.0,0,0,1,5.0,1.0,Yes,0,Low friction
APL-2026-002063,2026-07-27,2026-07-27,2026-07-30,2026-07-30,2026-08-13,2026-08-17,Clinical,Standard,PAY-01,TM-03,TM-06,Closed,Upheld,14,No,No,No,1,4,RC-08,No,21.0,0,3,0,14.0,4.0,No,65,Critical friction
APL-2026-003459,2026-02-02,2026-02-02,2026-02-02,2026-02-02,2026-02-11,2026-02-18,Administrative,Standard,PAY-04,TM-01,TM-01,Closed,Partially Overturned,30,Yes,Yes,No,0,0,RC-07,Yes,16.0,0,0,0,9.0,7.0,Yes,10,Low friction
APL-2026-001819,2026-04-18,2026-04-18,2026-04-20,2026-04-20,2026-04-28,2026-04-28,Administrative,Standard,PAY-01,TM-01,TM-08,Closed,Upheld,30,Yes,No,No,1,0,RC-02,Yes,10.0,0,2,0,8.0,0.0,Yes,10,Low friction
APL-2026-003699,2026-01-26,2026-01-27,2026-01-27,2026-01-29,2026-02-06,2026-02-06,Administrative,Standard,PAY-05,TM-01,TM-01,Closed,Upheld,30,No,Yes,No,0,3,RC-05,Yes,11.0,1,0,2,8.0,0.0,Yes,25,Moderate friction
APL-2026-001294,2026-07-23,2026-07-23,2026-07-23,2026-07-24,2026-07-30,2026-07-31,Clinical,Standard,PAY-03,TM-07,TM-07,Closed,Upheld,14,Yes,No,No,0,0,RC-10,Yes,8.0,0,0,1,6.0,1.0,Yes,0,Low friction
APL-2026-003858,2026-06-09,2026-06-10,2026-06-11,2026-06-16,2026-06-26,2026-06-26,Administrative,Standard,PAY-01,TM-01,TM-01,Closed,Partially Overturned,30,Yes,No,No,0,0,RC-04,Yes,17.0,1,1,5,10.0,0.0,Yes,0,Low friction
APL-2026-000552,2026-02-07,2026-02-09,2026-02-11,2026-02-11,2026-02-18,2026-02-19,Clinical,Standard,PAY-04,TM-03,TM-03,Closed,Overturned,14,Yes,No,No,0,0,RC-10,Yes,12.0,2,2,0,7.0,1.0,Yes,0,Low friction
APL-2026-001821,2026-08-31,2026-09-02,2026-09-03,2026-09-07,2026-09-11,2026-09-11,Pharmacy,Standard,PAY-06,TM-05,TM-01,Closed,Upheld,7,Yes,No,No,1,0,RC-04,Yes,11.0,2,1,4,4.0,0.0,No,10,Low friction
APL-2026-000400,2026-02-22,2026-02-23,2026-02-24,2026-02-24,2026-02-25,2026-02-25,Administrative,Standard,PAY-04,TM-01,TM-01,Closed,Upheld,30,Yes,No,No,0,0,RC-01,Yes,3.0,1,1,0,1.0,0.0,Yes,0,Low friction
APL-2026-003935,2026-09-18,2026-09-21,2026-09-25,2026-09-25,,,Clinical,Standard,PAY-02,TM-03,TM-03,Pending Information,,14,Yes,Yes,No,0,0,RC-02,Yes,,3,4,0,,,,0,Low friction
APL-2026-000124,2026-04-02,2026-04-02,2026-04-06,2026-04-06,2026-04-10,2026-04-13,Authorization,Urgent,PAY-03,TM-04,TM-04,Closed,Upheld,7,Yes,No,No,0,0,RC-01,Yes,11.0,0,4,0,4.0,3.0,No,10,Low friction
APL-2026-002371,2026-01-15,2026-01-15,2026-01-19,2026-01-22,2026-01-27,2026-01-28,Clinical,Standard,PAY-03,TM-07,TM-03,Closed,Partially Overturned,14,No,No,No,1,0,RC-03,No,13.0,0,4,3,5.0,1.0,Yes,55,High friction
APL-2026-001463,2026-02-15,2026-02-15,2026-02-17,2026-02-18,2026-03-06,2026-03-13,Administrative,Low,PAY-03,TM-07,TM-01,Closed,Upheld,30,Yes,No,No,1,0,RC-01,Yes,26.0,0,2,1,16.0,7.0,Yes,20,Moderate friction
APL-2026-003299,2026-09-25,2026-09-28,2026-09-28,2026-09-30,,,Clinical,Low,PAY-04,TM-02,TM-05,Pending Information,,14,Yes,No,No,1,0,RC-05,Yes,,3,0,2,,,,10,Low friction
APL-2026-002756,2026-04-30,2026-05-01,2026-05-01,2026-05-04,2026-05-19,2026-05-26,Administrative,Urgent,PAY-02,TM-01,TM-06,Closed,Overturned,7,Yes,No,Yes,1,0,RC-01,Yes,26.0,1,0,3,15.0,7.0,No,35,Moderate friction
APL-2026-000568,2026-01-18,2026-01-20,2026-01-21,2026-01-26,2026-01-29,2026-02-05,Clinical,Standard,PAY-01,TM-02,TM-02,Closed,Upheld,14,Yes,No,No,0,0,RC-14,Yes,18.0,2,1,5,3.0,7.0,No,10,Low friction
APL-2026-000297,2026-06-28,2026-06-28,2026-06-28,2026-06-28,2026-07-09,2026-07-09,Clinical,Standard,PAY-02,TM-03,TM-03,Closed,Partially Overturned,14,Yes,No,No,0,0,RC-06,Yes,11.0,0,0,0,11.0,0.0,Yes,0,Low friction
APL-2026-000149,2026-06-20,2026-06-22,2026-06-23,2026-06-24,2026-07-10,2026-07-10,Clinical,Standard,PAY-01,TM-03,TM-07,Closed,Upheld,14,No,No,Yes,1,6,RC-05,Yes,20.0,2,1,1,16.0,0.0,No,70,Critical friction
APL-2026-002193,2026-02-12,2026-02-13,2026-02-16,2026-02-17,2026-02-18,2026-02-20,Pharmacy,Standard,PAY-03,TM-05,TM-05,Closed,Upheld,7,Yes,No,No,0,0,RC-08,Yes,8.0,1,3,1,1.0,2.0,No,0,Low friction
APL-2026-000857,2026-03-29,2026-03-31,2026-03-31,2026-04-02,2026-04-07,2026-04-07,Administrative,Urgent,PAY-05,TM-01,TM-01,Closed,Overturned,7,Yes,No,Yes,0,0,RC-08,Yes,9.0,2,0,2,5.0,0.0,No,15,Low friction
APL-2026-001349,2026-08-09,2026-08-09,2026-08-14,2026-08-17,2026-08-27,2026-08-31,Claims Payment,Standard,PAY-01,TM-01,TM-02,Closed,Upheld,30,No,No,No,1,5,RC-02,No,22.0,0,5,3,10.0,4.0,Yes,65,Critical friction
APL-2026-002909,2026-03-26,2026-03-26,2026-03-30,2026-04-01,2026-04-15,2026-04-15,Clinical,Standard,PAY-05,TM-03,TM-05,Closed,Upheld,14,Yes,No,Yes,1,0,RC-06,Yes,20.0,0,4,2,14.0,0.0,No,25,Moderate friction
APL-2026-000641,2026-05-25,2026-05-26,2026-06-01,2026-06-01,2026-06-02,2026-06-03,Clinical,Standard,PAY-06,TM-07,TM-07,Closed,Partially Overturned,14,Yes,No,No,0,0,RC-09,Yes,9.0,1,6,0,1.0,1.0,Yes,0,Low friction
APL-2026-003947,2026-08-08,2026-08-10,2026-08-10,2026-08-10,2026-09-04,2026-09-04,Clinical,Standard,PAY-04,TM-02,TM-02,Closed,Upheld,14,No,Yes,Yes,0,6,RC-02,Yes,27.0,2,0,0,25.0,0.0,No,60,Critical friction
APL-2026-001236,2026-02-05,2026-02-05,2026-02-05,2026-02-10,2026-02-17,2026-02-17,Authorization,Standard,PAY-04,TM-04,TM-04,Closed,Overturned,7,Yes,No,No,0,0,RC-01,Yes,12.0,0,0,5,7.0,0.0,No,0,Low friction
APL-2026-003665,2026-01-26,2026-01-28,2026-01-28,2026-01-30,2026-02-04,2026-02-05,Clinical,Standard,PAY-01,TM-03,TM-03,Closed,Overturned,14,Yes,No,No,0,0,RC-01,Yes,10.0,2,0,2,5.0,1.0,Yes,0,Low friction
APL-2026-003463,2026-01-09,2026-01-09,2026-01-09,2026-01-12,2026-01-19,2026-01-19,Authorization,Standard,PAY-07,TM-04,TM-05,Closed,Upheld,7,Yes,Yes,No,1,0,RC-06,Yes,10.0,0,0,3,7.0,0.0,No,10,Low friction
APL-2026-000893,2026-07-20,2026-07-20,2026-07-22,2026-07-22,2026-07-27,2026-07-27,Clinical,Standard,PAY-01,TM-02,TM-02,Closed,Overturned,14,Yes,No,No,0,0,RC-07,Yes,7.0,0,2,0,5.0,0.0,Yes,0,Low friction
APL-2026-002771,2026-01-01,2026-01-01,2026-01-05,2026-01-05,2026-01-14,2026-01-21,Clinical,Standard,PAY-06,TM-07,TM-07,Closed,Overturned,14,Yes,No,Yes,0,0,RC-04,Yes,20.0,0,4,0,9.0,7.0,No,25,Moderate friction
APL-2026-003798,2026-08-31,2026-09-01,2026-09-02,2026-09-07,2026-09-10,2026-09-10,Authorization,Standard,PAY-02,TM-04,TM-04,Closed,Overturned,7,Yes,No,No,0,0,RC-03,Yes,10.0,1,1,5,3.0,0.0,No,0,Low friction
APL-2026-001371,2026-03-23,2026-03-25,2026-03-31,2026-04-01,2026-04-28,2026-04-29,Administrative,Standard,PAY-07,TM-01,TM-08,Closed,Upheld,30,No,Yes,Yes,1,6,RC-04,No,37.0,2,6,1,27.0,1.0,No,90,Critical friction
APL-2026-000696,2026-03-03,2026-03-04,2026-03-10,2026-03-13,2026-03-20,2026-03-20,Clinical,Standard,PAY-05,TM-03,TM-03,Closed,Overturned,14,Yes,No,No,0,0,RC-02,Yes,17.0,1,6,3,7.0,0.0,No,0,Low friction
APL-2026-001374,2026-04-10,2026-04-13,2026-04-13,2026-04-15,2026-04-27,2026-04-28,Clinical,Low,PAY-02,TM-02,TM-02,Closed,Overturned,14,Yes,No,No,0,0,RC-08,Yes,18.0,3,0,2,12.0,1.0,No,0,Low friction
APL-2026-001572,2026-08-05,2026-08-05,2026-08-05,2026-08-06,2026-09-03,2026-09-07,Claims Payment,Low,PAY-06,TM-07,TM-07,Closed,Upheld,30,Yes,No,Yes,0,0,RC-11,Yes,33.0,0,0,1,28.0,4.0,No,25,Moderate friction
APL-2026-000506,2026-04-01,2026-04-02,2026-04-02,2026-04-02,2026-04-07,2026-04-07,Authorization,Standard,PAY-05,TM-04,TM-04,Closed,Overturned,7,Yes,No,No,0,0,RC-07,Yes,6.0,1,0,0,5.0,0.0,Yes,0,Low friction
APL-2026-002114,2026-04-23,2026-04-23,2026-04-24,2026-04-24,2026-05-01,2026-05-04,Clinical,Urgent,PAY-04,TM-02,TM-02,Closed,Overturned,7,Yes,No,No,0,0,RC-01,Yes,11.0,0,1,0,7.0,3.0,No,10,Low friction
APL-2026-001915,2026-09-23,2026-09-23,2026-09-28,2026-09-28,,,Administrative,Low,PAY-07,TM-01,TM-04,In Review,,30,Yes,No,No,2,0,RC-04,No,,0,5,0,,,,40,High friction
APL-2026-002588,2026-08-01,2026-08-01,2026-08-01,2026-08-05,2026-08-10,2026-08-10,Clinical,Standard,PAY-01,TM-03,TM-03,Closed,Overturned,14,Yes,No,No,0,0,RC-06,Yes,9.0,0,0,4,5.0,0.0,Yes,0,Low friction
APL-2026-000541,2026-04-17,2026-04-21,2026-04-21,2026-04-22,2026-05-04,2026-05-05,Authorization,Low,PAY-02,TM-04,TM-04,Closed,Upheld,7,Yes,No,No,0,0,RC-14,Yes,18.0,4,0,1,12.0,1.0,No,0,Low friction
APL-2026-002095,2026-09-22,2026-09-22,2026-09-24,2026-09-25,,,Clinical,Low,PAY-01,TM-03,TM-03,Escalated,,14,Yes,No,No,0,0,RC-01,Yes,,0,2,1,,,,0,Low friction
APL-2026-000125,2026-07-03,2026-07-03,2026-07-07,2026-07-07,2026-07-09,2026-07-10,Clinical,Standard,PAY-07,TM-03,TM-03,Closed,Upheld,14,Yes,No,No,0,0,RC-04,Yes,7.0,0,4,0,2.0,1.0,Yes,0,Low friction
APL-2026-003101,2026-09-23,2026-09-23,2026-09-24,2026-09-24,,,Pharmacy,Urgent,PAY-01,TM-05,TM-06,Pending Information,,7,No,Yes,No,1,9,RC-05,No,,0,1,0,,,,75,Critical friction
APL-2026-001395,2026-06-14,2026-06-15,2026-06-15,2026-06-18,2026-06-19,2026-06-19,Authorization,Urgent,PAY-04,TM-04,TM-04,Closed,Overturned,7,Yes,No,No,0,0,RC-12,Yes,5.0,1,0,3,1.0,0.0,Yes,0,Low friction
APL-2026-002687,2026-01-31,2026-01-31,2026-01-31,2026-01-31,2026-02-11,2026-02-11,Administrative,Standard,PAY-02,TM-01,TM-01,Closed,Upheld,30,Yes,No,No,0,0,RC-15,Yes,11.0,0,0,0,11.0,0.0,Yes,0,Low friction
APL-2026-000167,2026-09-01,2026-09-01,2026-09-02,2026-09-02,2026-09-03,2026-09-07,Clinical,Low,PAY-02,TM-02,TM-02,Closed,Overturned,14,No,No,No,0,0,RC-05,Yes,6.0,0,1,0,1.0,4.0,Yes,35,Moderate friction
APL-2026-002483,2026-04-01,2026-04-03,2026-04-07,2026-04-08,2026-04-22,2026-04-22,Clinical,Low,PAY-01,TM-02,TM-02,Closed,Upheld,14,Yes,No,No,0,0,RC-02,Yes,21.0,2,4,1,14.0,0.0,No,0,Low friction
APL-2026-002117,2026-05-26,2026-05-26,2026-05-27,2026-06-01,2026-06-10,2026-06-11,Authorization,Urgent,PAY-03,TM-04,TM-04,Closed,Partially Overturned,7,Yes,No,Yes,0,0,RC-03,Yes,16.0,0,1,5,9.0,1.0,No,15,Low friction
APL-2026-000662,2026-08-19,2026-08-19,2026-08-19,2026-08-20,2026-08-26,2026-08-26,Authorization,Standard,PAY-04,TM-04,TM-04,Closed,Upheld,7,Yes,No,Yes,0,0,RC-03,Yes,7.0,0,0,1,6.0,0.0,Yes,15,Low friction
APL-2026-000351,2026-04-10,2026-04-10,2026-04-10,2026-04-13,2026-04-14,2026-04-14,Administrative,Standard,PAY-06,TM-07,TM-07,Closed,Upheld,30,No,No,No,0,0,RC-05,Yes,4.0,0,0,3,1.0,0.0,Yes,25,Moderate friction
APL-2026-002931,2026-07-25,2026-07-27,2026-07-29,2026-07-30,2026-07-31,2026-08-03,Clinical,Standard,PAY-04,TM-03,TM-03,Closed,Partially Overturned,14,Yes,No,No,0,0,RC-09,Yes,9.0,2,2,1,1.0,3.0,Yes,10,Low friction
APL-2026-003371,2026-02-17,2026-02-17,2026-02-17,2026-02-18,2026-02-19,2026-02-20,Administrative,Standard,PAY-03,TM-07,TM-07,Closed,Upheld,30,Yes,No,No,0,0,RC-10,Yes,3.0,0,0,1,1.0,1.0,Yes,0,Low friction
APL-2026-003827,2026-07-04,2026-07-04,2026-07-06,2026-07-07,2026-07-16,2026-07-16,Pharmacy,Standard,PAY-05,TM-05,TM-05,Closed,Partially Overturned,7,Yes,Yes,No,0,0,RC-12,Yes,12.0,0,2,1,9.0,0.0,No,0,Low friction
APL-2026-003133,2026-07-21,2026-07-21,2026-07-22,2026-07-22,2026-08-24,2026-08-25,Administrative,Standard,PAY-02,TM-01,TM-04,Closed,Partially Overturned,30,No,Yes,Yes,1,7,RC-04,No,35.0,0,1,0,33.0,1.0,No,90,Critical friction
APL-2026-001380,2026-07-31,2026-07-31,2026-08-04,2026-08-07,2026-08-21,2026-08-24,Claims Payment,Standard,PAY-02,TM-01,TM-07,Closed,Partially Overturned,30,Yes,No,No,1,0,RC-05,Yes,24.0,0,4,3,14.0,3.0,Yes,20,Moderate friction
APL-2026-003237,2026-02-02,2026-02-02,2026-02-03,2026-02-04,2026-02-12,2026-02-12,Authorization,Standard,PAY-01,TM-04,TM-04,Closed,Upheld,7,No,Yes,No,0,0,RC-12,Yes,10.0,0,1,1,8.0,0.0,No,25,Moderate friction
APL-2026-001361,2026-09-01,2026-09-01,2026-09-02,2026-09-04,2026-09-07,2026-09-09,Claims Payment,Standard,PAY-02,TM-01,TM-01,Closed,Overturned,30,Yes,No,No,0,0,RC-11,Yes,8.0,0,1,2,3.0,2.0,Yes,0,Low friction
APL-2026-001260,2026-09-11,2026-09-14,2026-09-16,2026-09-21,2026-09-24,2026-09-25,Administrative,Standard,PAY-02,TM-01,TM-02,Closed,Overturned,30,Yes,No,No,1,0,RC-12,Yes,14.0,3,2,5,3.0,1.0,Yes,10,Low friction
APL-2026-001797,2026-01-23,2026-01-23,2026-01-27,2026-01-27,2026-02-02,2026-02-09,Authorization,Standard,PAY-01,TM-04,TM-05,Closed,Upheld,7,No,Yes,No,1,0,RC-04,No,17.0,0,4,0,6.0,7.0,No,65,Critical friction
APL-2026-002181,2026-04-09,2026-04-09,2026-04-15,2026-04-15,2026-05-05,2026-05-06,Administrative,Standard,PAY-04,TM-01,TM-01,Closed,Partially Overturned,30,Yes,No,No,0,0,RC-09,Yes,27.0,0,6,0,20.0,1.0,Yes,0,Low friction
APL-2026-002160,2026-05-13,2026-05-14,2026-05-15,2026-05-18,2026-06-09,2026-06-11,Authorization,Standard,PAY-05,TM-04,TM-05,Closed,Upheld,7,Yes,No,No,1,0,RC-01,Yes,29.0,1,1,3,22.0,2.0,No,10,Low friction
APL-2026-003470,2026-03-22,2026-03-23,2026-03-27,2026-03-30,2026-04-02,2026-04-03,Administrative,Standard,PAY-05,TM-01,TM-01,Closed,Overturned,30,Yes,No,No,0,0,RC-04,Yes,12.0,1,4,3,3.0,1.0,Yes,0,Low friction
APL-2026-001291,2026-04-28,2026-04-28,2026-05-05,2026-05-08,2026-06-12,2026-06-12,Authorization,Standard,PAY-04,TM-04,TM-08,Closed,Upheld,7,No,No,No,3,13,RC-05,No,45.0,0,7,3,35.0,0.0,No,95,Critical friction
APL-2026-001328,2026-08-10,2026-08-12,2026-08-12,2026-08-13,2026-08-18,2026-08-18,Authorization,Standard,PAY-01,TM-04,TM-04,Closed,Overturned,7,Yes,No,No,0,0,RC-07,Yes,8.0,2,0,1,5.0,0.0,No,0,Low friction
APL-2026-002501,2026-09-16,2026-09-17,2026-09-21,2026-09-21,2026-09-25,2026-09-28,Clinical,Standard,PAY-02,TM-03,TM-01,Closed,Overturned,14,Yes,No,No,1,0,RC-09,No,12.0,1,4,0,4.0,3.0,Yes,40,High friction
APL-2026-002891,2026-05-26,2026-05-26,2026-05-27,2026-05-28,2026-06-17,2026-06-17,Clinical,Urgent,PAY-07,TM-02,TM-02,Closed,Overturned,7,No,No,No,0,0,RC-06,Yes,22.0,0,1,1,20.0,0.0,No,25,Moderate friction
APL-2026-003404,2026-06-28,2026-06-29,2026-06-29,2026-06-30,2026-07-01,2026-07-01,Pharmacy,Urgent,PAY-02,TM-05,TM-05,Closed,Overturned,7,Yes,No,No,0,0,RC-03,Yes,3.0,1,0,1,1.0,0.0,Yes,0,Low friction
APL-2026-002180,2026-04-29,2026-04-29,2026-05-05,2026-05-05,2026-05-27,2026-06-03,Authorization,Low,PAY-07,TM-04,TM-04,Closed,Upheld,7,No,No,No,0,11,RC-05,Yes,35.0,0,6,0,22.0,7.0,No,55,High friction
APL-2026-003953,2026-05-09,2026-05-09,2026-05-12,2026-05-15,2026-05-18,2026-05-18,Clinical,Standard,PAY-01,TM-03,TM-03,Closed,Overturned,14,Yes,No,No,0,0,RC-02,Yes,9.0,0,3,3,3.0,0.0,Yes,0,Low friction
APL-2026-001407,2026-01-08,2026-01-12,2026-01-13,2026-01-15,2026-01-21,2026-01-23,Claims Payment,Urgent,PAY-04,TM-01,TM-01,Closed,Overturned,7,Yes,No,No,0,0,RC-13,Yes,15.0,4,1,2,6.0,2.0,No,0,Low friction
APL-2026-001979,2026-01-22,2026-01-22,2026-01-22,2026-01-23,2026-02-06,2026-02-13,Clinical,Standard,PAY-05,TM-03,TM-04,Closed,Upheld,14,No,No,No,1,5,RC-01,Yes,22.0,0,0,1,14.0,7.0,No,45,High friction
APL-2026-002172,2026-02-27,2026-02-27,2026-03-03,2026-03-05,2026-03-12,2026-03-19,Claims Payment,Standard,PAY-05,TM-01,TM-06,Closed,Upheld,30,Yes,No,No,1,0,RC-05,Yes,20.0,0,4,2,7.0,7.0,Yes,20,Moderate friction
APL-2026-001808,2026-04-07,2026-04-07,2026-04-08,2026-04-08,2026-04-10,2026-04-10,Pharmacy,Standard,PAY-03,TM-05,TM-05,Closed,Partially Overturned,7,Yes,No,No,0,0,RC-05,Yes,3.0,0,1,0,2.0,0.0,Yes,0,Low friction
APL-2026-001038,2026-01-10,2026-01-10,2026-01-12,2026-01-13,2026-01-16,2026-01-23,Clinical,Standard,PAY-07,TM-03,TM-03,Closed,Upheld,14,Yes,No,No,0,0,RC-04,Yes,13.0,0,2,1,3.0,7.0,Yes,10,Low friction
APL-2026-000846,2026-07-17,2026-07-17,2026-07-21,2026-07-23,2026-07-30,2026-07-30,Authorization,Standard,PAY-05,TM-04,TM-04,Closed,Overturned,7,Yes,Yes,No,0,0,RC-13,Yes,13.0,0,4,2,7.0,0.0,No,0,Low friction
APL-2026-002196,2026-07-08,2026-07-08,2026-07-14,2026-07-15,2026-08-04,2026-08-04,Pharmacy,Low,PAY-03,TM-05,TM-05,Closed,Upheld,7,No,Yes,Yes,0,2,RC-01,Yes,27.0,0,6,1,20.0,0.0,No,40,High friction
APL-2026-003434,2026-06-26,2026-06-30,2026-07-02,2026-07-02,2026-07-17,2026-07-20,Clinical,Urgent,PAY-07,TM-02,TM-06,Closed,Upheld,7,Yes,No,Yes,1,0,RC-05,Yes,24.0,4,2,0,15.0,3.0,No,35,Moderate friction
APL-2026-003429,2026-06-01,2026-06-03,2026-06-09,2026-06-10,2026-07-01,2026-07-01,Authorization,Urgent,PAY-03,TM-04,TM-04,Closed,Upheld,7,No,No,No,0,3,RC-01,Yes,30.0,2,6,1,21.0,0.0,No,25,Moderate friction
APL-2026-001189,2026-04-20,2026-04-20,2026-04-22,2026-04-27,2026-05-13,2026-05-15,Authorization,Standard,PAY-06,TM-04,TM-04,Closed,Overturned,7,Yes,No,No,0,0,RC-01,Yes,25.0,0,2,5,16.0,2.0,No,0,Low friction
APL-2026-000180,2026-03-26,2026-03-26,2026-04-01,2026-04-02,2026-04-08,2026-04-08,Administrative,Low,PAY-05,TM-01,TM-01,Closed,Upheld,30,Yes,No,No,0,0,RC-06,Yes,13.0,0,6,1,6.0,0.0,Yes,0,Low friction
APL-2026-003773,2026-07-17,2026-07-20,2026-07-22,2026-07-24,2026-07-30,2026-08-03,Clinical,Low,PAY-05,TM-03,TM-03,Closed,Partially Overturned,14,Yes,No,No,0,0,RC-06,Yes,17.0,3,2,2,6.0,4.0,No,10,Low friction
APL-2026-001410,2026-01-09,2026-01-13,2026-01-13,2026-01-15,2026-02-03,2026-02-04,Authorization,Standard,PAY-03,TM-04,TM-04,Closed,Overturned,7,Yes,No,No,0,0,RC-06,Yes,26.0,4,0,2,19.0,1.0,No,0,Low friction
APL-2026-001049,2026-08-03,2026-08-04,2026-08-06,2026-08-06,2026-08-14,2026-08-21,Administrative,Standard,PAY-02,TM-01,TM-05,Closed,Upheld,30,Yes,No,No,1,0,RC-01,Yes,18.0,1,2,0,8.0,7.0,Yes,20,Moderate friction
APL-2026-002449,2026-09-07,2026-09-08,2026-09-10,2026-09-11,2026-09-18,2026-09-22,Administrative,Standard,PAY-02,TM-01,TM-07,Closed,Overturned,30,Yes,No,No,1,0,RC-03,Yes,15.0,1,2,1,7.0,4.0,Yes,20,Moderate friction
APL-2026-002628,2026-08-05,2026-08-06,2026-08-07,2026-08-07,2026-08-10,2026-08-10,Authorization,Urgent,PAY-01,TM-04,TM-04,Closed,Upheld,7,Yes,No,No,0,0,RC-08,Yes,5.0,1,1,0,3.0,0.0,Yes,0,Low friction
APL-2026-002728,2026-02-25,2026-02-25,2026-02-26,2026-02-27,2026-03-06,2026-03-06,Clinical,Urgent,PAY-01,TM-02,TM-06,Closed,Overturned,7,Yes,No,No,1,0,RC-02,Yes,9.0,0,1,1,7.0,0.0,No,10,Low friction
APL-2026-002474,2026-02-11,2026-02-11,2026-02-11,2026-02-16,2026-02-24,2026-02-26,Clinical,Urgent,PAY-03,TM-07,TM-07,Closed,Partially Overturned,7,Yes,No,No,0,0,RC-11,Yes,15.0,0,0,5,8.0,2.0,No,0,Low friction
APL-2026-002320,2026-05-31,2026-05-31,2026-06-01,2026-06-03,2026-06-08,2026-06-08,Authorization,Standard,PAY-01,TM-04,TM-04,Closed,Upheld,7,No,No,No,0,0,RC-05,Yes,8.0,0,1,2,5.0,0.0,No,25,Moderate friction
APL-2026-000671,2026-09-12,2026-09-15,2026-09-15,2026-09-15,2026-09-16,2026-09-17,Authorization,Standard,PAY-02,TM-04,TM-04,Closed,Overturned,7,Yes,No,No,0,0,RC-01,Yes,5.0,3,0,0,1.0,1.0,Yes,0,Low friction
APL-2026-000236,2026-01-28,2026-01-28,2026-01-28,2026-01-29,2026-02-03,2026-02-10,Claims Payment,Standard,PAY-05,TM-01,TM-01,Closed,Overturned,30,Yes,No,No,0,0,RC-01,Yes,13.0,0,0,1,5.0,7.0,Yes,10,Low friction
APL-2026-002778,2026-09-24,2026-09-28,2026-09-29,2026-10-02,,,Authorization,Low,PAY-04,TM-04,TM-05,Escalated,,7,Yes,No,No,1,0,RC-02,Yes,,4,1,3,,,,10,Low friction
APL-2026-002260,2026-05-20,2026-05-20,2026-05-20,2026-05-21,2026-05-26,2026-05-28,Authorization,Standard,PAY-02,TM-04,TM-04,Closed,Upheld,7,Yes,No,No,0,0,RC-01,Yes,8.0,0,0,1,5.0,2.0,No,0,Low friction
APL-2026-003660,2026-06-10,2026-06-10,2026-06-10,2026-06-11,2026-07-17,2026-07-21,Authorization,Standard,PAY-01,TM-04,TM-04,Closed,Overturned,7,No,No,No,0,21,RC-08,Yes,41.0,0,0,1,36.0,4.0,No,55,High friction
APL-2026-000605,2026-06-01,2026-06-01,2026-06-02,2026-06-03,2026-06-08,2026-06-09,Clinical,Standard,PAY-01,TM-03,TM-03,Closed,Upheld,14,Yes,No,No,0,0,RC-05,Yes,8.0,0,1,1,5.0,1.0,Yes,0,Low friction
APL-2026-001036,2026-06-13,2026-06-15,2026-06-16,2026-06-17,2026-06-25,2026-06-29,Authorization,Urgent,PAY-01,TM-04,TM-04,Closed,Overturned,7,Yes,No,No,0,0,RC-03,Yes,16.0,2,1,1,8.0,4.0,No,10,Low friction
APL-2026-000066,2026-08-12,2026-08-13,2026-08-14,2026-08-19,2026-08-20,2026-08-27,Clinical,Standard,PAY-01,TM-03,TM-03,Closed,Partially Overturned,14,Yes,No,No,0,0,RC-04,Yes,15.0,1,1,5,1.0,7.0,No,10,Low friction
APL-2026-002680,2026-03-22,2026-03-23,2026-03-24,2026-03-25,2026-04-07,2026-04-08,Authorization,Standard,PAY-04,TM-04,TM-04,Closed,Upheld,7,Yes,Yes,Yes,0,0,RC-09,Yes,17.0,1,1,1,13.0,1.0,No,15,Low friction
APL-2026-002548,2026-06-09,2026-06-09,2026-06-11,2026-06-15,2026-06-22,2026-06-24,Clinical,Standard,PAY-01,TM-03,TM-03,Closed,Upheld,14,Yes,No,Yes,0,0,RC-01,Yes,15.0,0,2,4,7.0,2.0,No,15,Low friction
APL-2026-003547,2026-04-17,2026-04-17,2026-04-20,2026-04-23,2026-06-02,2026-06-04,Administrative,Urgent,PAY-04,TM-01,TM-01,Closed,Partially Overturned,7,No,Yes,Yes,0,11,RC-09,Yes,48.0,0,3,3,40.0,2.0,No,60,Critical friction
APL-2026-000006,2026-04-29,2026-04-29,2026-05-05,2026-05-06,2026-05-18,2026-05-19,Authorization,Standard,PAY-02,TM-04,TM-04,Closed,Upheld,7,Yes,Yes,No,0,0,RC-05,Yes,20.0,0,6,1,12.0,1.0,No,0,Low friction
APL-2026-003737,2026-02-07,2026-02-07,2026-02-09,2026-02-10,2026-02-19,2026-02-19,Administrative,Standard,PAY-04,TM-01,TM-01,Closed,Partially Overturned,30,Yes,No,No,0,0,RC-11,Yes,12.0,0,2,1,9.0,0.0,Yes,0,Low friction
APL-2026-002194,2026-08-04,2026-08-04,2026-08-07,2026-08-07,2026-09-01,2026-09-02,Administrative,Standard,PAY-03,TM-07,TM-06,Closed,Overturned,30,No,Yes,No,1,3,RC-01,No,29.0,0,3,0,25.0,1.0,Yes,55,High friction
APL-2026-000895,2026-09-23,2026-09-23,2026-09-24,2026-09-28,,,Administrative,Standard,PAY-07,TM-01,TM-04,Pending Information,,30,No,Yes,No,1,0,RC-12,Yes,,0,1,4,,,,35,Moderate friction
APL-2026-003105,2026-01-06,2026-01-07,2026-01-08,2026-01-13,2026-01-20,2026-01-21,Administrative,Urgent,PAY-05,TM-01,TM-01,Closed,Upheld,7,Yes,No,No,0,0,RC-07,Yes,15.0,1,1,5,7.0,1.0,No,0,Low friction
APL-2026-000309,2026-06-25,2026-06-26,2026-07-01,2026-07-02,2026-07-10,2026-07-10,Administrative,Standard,PAY-07,TM-01,TM-05,Closed,Overturned,30,Yes,Yes,No,1,0,RC-07,No,15.0,1,5,1,8.0,0.0,Yes,30,Moderate friction
APL-2026-003352,2026-03-23,2026-03-24,2026-03-30,2026-04-02,2026-04-03,2026-04-07,Clinical,Urgent,PAY-05,TM-03,TM-03,Closed,Overturned,7,Yes,No,No,0,0,RC-06,Yes,15.0,1,6,3,1.0,4.0,No,10,Low friction
APL-2026-002623,2026-09-16,2026-09-16,2026-09-18,2026-09-21,2026-09-25,2026-09-25,Clinical,Standard,PAY-03,TM-07,TM-07,Closed,Overturned,14,Yes,No,No,0,0,RC-07,Yes,9.0,0,2,3,4.0,0.0,Yes,0,Low friction
APL-2026-002822,2026-02-22,2026-02-22,2026-02-22,2026-02-22,2026-02-24,2026-02-24,Authorization,Standard,PAY-03,TM-04,TM-04,Closed,Partially Overturned,7,Yes,No,No,0,0,RC-01,Yes,2.0,0,0,0,2.0,0.0,Yes,0,Low friction
APL-2026-001372,2026-09-12,2026-09-12,2026-09-14,2026-09-17,2026-09-25,2026-09-25,Administrative,Standard,PAY-03,TM-07,TM-07,Closed,Overturned,30,Yes,No,No,0,0,RC-05,Yes,13.0,0,2,3,8.0,0.0,Yes,0,Low friction
APL-2026-001301,2026-03-13,2026-03-16,2026-03-18,2026-03-19,2026-03-24,2026-03-31,Clinical,Standard,PAY-03,TM-07,TM-07,Closed,Upheld,14,Yes,No,No,0,0,RC-04,Yes,18.0,3,2,1,5.0,7.0,No,10,Low friction
APL-2026-000473,2026-02-26,2026-02-26,2026-02-27,2026-03-02,2026-03-09,2026-03-09,Clinical,Standard,PAY-03,TM-07,TM-07,Closed,Overturned,14,Yes,No,Yes,0,0,RC-04,Yes,11.0,0,1,3,7.0,0.0,Yes,15,Low friction
APL-2026-002704,2026-06-22,2026-06-23,2026-06-23,2026-06-24,2026-07-02,2026-07-02,Authorization,Standard,PAY-01,TM-04,TM-04,Closed,Partially Overturned,7,Yes,Yes,Yes,0,0,RC-11,Yes,10.0,1,0,1,8.0,0.0,No,15,Low friction
APL-2026-000362,2026-08-26,2026-08-27,2026-08-27,2026-08-28,2026-08-31,2026-09-02,Administrative,Standard,PAY-07,TM-01,TM-01,Closed,Upheld,30,Yes,No,No,0,0,RC-12,Yes,7.0,1,0,1,3.0,2.0,Yes,0,Low friction
APL-2026-003069,2026-03-19,2026-03-20,2026-03-20,2026-03-25,2026-04-03,2026-04-03,Clinical,Standard,PAY-01,TM-03,TM-03,Closed,Overturned,14,Yes,No,No,0,0,RC-04,Yes,15.0,1,0,5,9.0,0.0,No,0,Low friction
APL-2026-003336,2026-05-02,2026-05-05,2026-05-06,2026-05-06,2026-06-01,2026-06-02,Pharmacy,Standard,PAY-05,TM-05,TM-05,Closed,Upheld,7,No,No,Yes,0,8,RC-02,Yes,31.0,3,1,0,26.0,1.0,No,60,Critical friction
APL-2026-001066,2026-08-29,2026-08-31,2026-09-01,2026-09-01,2026-09-23,2026-09-23,Claims Payment,Urgent,PAY-03,TM-07,TM-07,Closed,Upheld,7,No,Yes,No,0,3,RC-01,Yes,25.0,2,1,0,22.0,0.0,No,25,Moderate friction
APL-2026-003886,2026-03-08,2026-03-08,2026-03-08,2026-03-09,2026-03-16,2026-03-16,Authorization,Urgent,PAY-05,TM-04,TM-04,Closed,Upheld,7,Yes,No,No,0,0,RC-05,Yes,8.0,0,0,1,7.0,0.0,No,0,Low friction
APL-2026-000437,2026-09-20,2026-09-22,2026-09-22,2026-09-24,,,Authorization,Urgent,PAY-02,TM-04,TM-04,In Review,,7,Yes,No,No,0,0,RC-12,Yes,,2,0,2,,,,0,Low friction
APL-2026-000894,2026-07-14,2026-07-14,2026-07-14,2026-07-14,2026-07-21,2026-07-21,Clinical,Standard,PAY-02,TM-02,TM-05,Closed,Partially Overturned,14,Yes,No,No,1,0,RC-01,Yes,7.0,0,0,0,7.0,0.0,Yes,10,Low friction
APL-2026-000302,2026-03-09,2026-03-09,2026-03-10,2026-03-13,2026-03-19,2026-03-19,Clinical,Standard,PAY-04,TM-02,TM-08,Closed,Partially Overturned,14,Yes,No,No,1,0,RC-01,Yes,10.0,0,1,3,6.0,0.0,Yes,10,Low friction
APL-2026-003514,2026-04-09,2026-04-10,2026-04-16,2026-04-17,2026-05-06,2026-05-07,Administrative,Standard,PAY-02,TM-01,TM-01,Closed,Overturned,30,No,Yes,No,0,4,RC-05,Yes,28.0,1,6,1,19.0,1.0,Yes,25,Moderate friction
APL-2026-001692,2026-03-18,2026-03-18,2026-03-18,2026-03-19,2026-03-24,2026-03-24,Clinical,Standard,PAY-01,TM-03,TM-03,Closed,Upheld,14,Yes,No,No,0,0,RC-04,Yes,6.0,0,0,1,5.0,0.0,Yes,0,Low friction
APL-2026-003121,2026-06-03,2026-06-04,2026-06-05,2026-06-09,2026-06-18,2026-06-19,Clinical,Standard,PAY-05,TM-03,TM-03,Closed,Upheld,14,Yes,Yes,No,0,0,RC-06,Yes,16.0,1,1,4,9.0,1.0,No,0,Low friction
APL-2026-002837,2026-06-12,2026-06-12,2026-06-15,2026-06-16,2026-06-19,2026-06-19,Administrative,Standard,PAY-01,TM-01,TM-01,Closed,Overturned,30,Yes,No,No,0,0,RC-06,Yes,7.0,0,3,1,3.0,0.0,Yes,0,Low friction
APL-2026-002094,2026-01-10,2026-01-10,2026-01-10,2026-01-13,2026-01-20,2026-01-20,Administrative,Standard,PAY-01,TM-01,TM-01,Closed,Overturned,30,Yes,No,No,0,0,RC-14,Yes,10.0,0,0,3,7.0,0.0,Yes,0,Low friction
APL-2026-002551,2026-05-15,2026-05-15,2026-05-19,2026-05-22,2026-05-28,2026-05-28,Authorization,Standard,PAY-06,TM-04,TM-04,Closed,Overturned,7,Yes,No,No,0,0,RC-03,Yes,13.0,0,4,3,6.0,0.0,No,0,Low friction
APL-2026-002868,2026-01-20,2026-01-20,2026-01-27,2026-01-28,2026-02-12,2026-02-13,Administrative,Standard,PAY-04,TM-01,TM-02,Closed,Overturned,30,Yes,No,No,2,0,RC-04,No,24.0,0,7,1,15.0,1.0,Yes,40,High friction
APL-2026-003180,2026-03-25,2026-03-26,2026-03-30,2026-03-30,2026-04-22,2026-04-22,Claims Payment,Urgent,PAY-03,TM-07,TM-06,Closed,Overturned,7,Yes,No,Yes,3,0,RC-01,No,28.0,1,4,0,23.0,0.0,No,65,Critical friction
APL-2026-000157,2026-01-25,2026-01-25,2026-01-27,2026-01-30,2026-02-02,2026-02-02,Authorization,Standard,PAY-04,TM-04,TM-04,Closed,Upheld,7,Yes,No,No,0,0,RC-07,Yes,8.0,0,2,3,3.0,0.0,No,0,Low friction
APL-2026-000967,2026-04-08,2026-04-08,2026-04-09,2026-04-09,2026-04-28,2026-04-30,Authorization,Standard,PAY-04,TM-04,TM-04,Closed,Upheld,7,No,Yes,No,0,6,RC-05,Yes,22.0,0,1,0,19.0,2.0,No,45,High friction
APL-2026-003125,2026-09-30,2026-10-01,2026-10-05,2026-10-06,,,Administrative,Standard,PAY-04,TM-01,TM-01,Escalated,,30,Yes,No,No,0,0,RC-03,Yes,,1,4,1,,,,0,Low friction
APL-2026-002177,2026-04-05,2026-04-06,2026-04-07,2026-04-07,2026-04-08,2026-04-08,Administrative,Standard,PAY-01,TM-01,TM-01,Closed,Upheld,30,Yes,No,No,0,0,RC-03,Yes,3.0,1,1,0,1.0,0.0,Yes,0,Low friction
APL-2026-001987,2026-02-26,2026-02-27,2026-03-03,2026-03-06,2026-03-23,2026-03-23,Claims Payment,Standard,PAY-02,TM-01,TM-01,Closed,Upheld,30,Yes,No,Yes,0,0,RC-06,Yes,25.0,1,4,3,17.0,0.0,Yes,15,Low friction
APL-2026-002492,2026-01-30,2026-01-30,2026-02-02,2026-02-05,2026-02-09,2026-02-10,Claims Payment,Standard,PAY-01,TM-01,TM-01,Closed,Upheld,30,Yes,No,No,0,0,RC-09,Yes,11.0,0,3,3,4.0,1.0,Yes,0,Low friction
APL-2026-000411,2026-06-10,2026-06-12,2026-06-15,2026-06-16,2026-06-26,2026-06-29,Clinical,Standard,PAY-05,TM-03,TM-03,Closed,Overturned,14,Yes,No,No,0,0,RC-13,Yes,19.0,2,3,1,10.0,3.0,No,10,Low friction
APL-2026-003839,2026-06-05,2026-06-09,2026-06-09,2026-06-10,2026-06-25,2026-06-25,Pharmacy,Low,PAY-07,TM-05,TM-05,Closed,Partially Overturned,7,No,No,No,0,7,RC-05,Yes,20.0,4,0,1,15.0,0.0,No,45,High friction
APL-2026-002768,2026-06-04,2026-06-04,2026-06-08,2026-06-08,2026-06-16,2026-06-18,Administrative,Standard,PAY-01,TM-01,TM-04,Closed,Upheld,30,No,No,No,1,0,RC-04,No,14.0,0,4,0,8.0,2.0,Yes,55,High friction
APL-2026-000981,2026-09-28,2026-09-29,2026-10-01,2026-10-02,,,Clinical,Standard,PAY-03,TM-07,TM-07,Escalated,,14,Yes,No,No,0,0,RC-06,Yes,,1,2,1,,,,0,Low friction
APL-2026-001818,2026-01-17,2026-01-19,2026-01-20,2026-01-21,2026-01-29,2026-01-29,Clinical,Standard,PAY-02,TM-03,TM-08,Closed,Overturned,14,Yes,No,No,1,0,RC-13,Yes,12.0,2,1,1,8.0,0.0,Yes,10,Low friction
APL-2026-000460,2026-03-03,2026-03-03,2026-03-04,2026-03-04,2026-03-18,2026-03-25,Claims Payment,Urgent,PAY-06,TM-07,TM-08,Closed,Upheld,7,Yes,No,No,1,0,RC-15,Yes,22.0,0,1,0,14.0,7.0,No,20,Moderate friction
APL-2026-003786,2026-01-31,2026-02-03,2026-02-04,2026-02-04,2026-02-05,2026-02-05,Clinical,Standard,PAY-02,TM-03,TM-03,Closed,Overturned,14,No,No,No,0,0,RC-03,Yes,5.0,3,1,0,1.0,0.0,Yes,25,Moderate friction
APL-2026-002088,2026-01-28,2026-01-28,2026-01-28,2026-01-29,2026-02-04,2026-02-05,Clinical,Standard,PAY-05,TM-03,TM-03,Closed,Upheld,14,Yes,No,No,0,0,RC-09,Yes,8.0,0,0,1,6.0,1.0,Yes,0,Low friction
APL-2026-000104,2026-07-25,2026-07-25,2026-07-27,2026-07-30,2026-08-10,2026-08-10,Authorization,Standard,PAY-06,TM-04,TM-02,Closed,Overturned,7,Yes,No,No,1,0,RC-04,Yes,16.0,0,2,3,11.0,0.0,No,10,Low friction
APL-2026-000896,2026-08-18,2026-08-18,2026-08-20,2026-08-25,2026-09-04,2026-09-04,Administrative,Low,PAY-02,TM-01,TM-01,Closed,Partially Overturned,30,No,Yes,No,0,0,RC-01,Yes,17.0,0,2,5,10.0,0.0,Yes,25,Moderate friction
APL-2026-000823,2026-06-28,2026-06-29,2026-06-29,2026-06-29,2026-07-15,2026-07-15,Clinical,Standard,PAY-03,TM-07,TM-07,Closed,Overturned,14,Yes,No,No,0,0,RC-11,Yes,17.0,1,0,0,16.0,0.0,No,0,Low friction
APL-2026-003149,2026-04-11,2026-04-11,2026-04-11,2026-04-13,2026-04-20,2026-04-21,Claims Payment,Low,PAY-02,TM-01,TM-01,Closed,Upheld,30,Yes,No,No,0,0,RC-01,Yes,10.0,0,0,2,7.0,1.0,Yes,0,Low friction
APL-2026-003954,2026-07-18,2026-07-20,2026-07-21,2026-07-21,2026-07-24,2026-07-24,Authorization,Standard,PAY-07,TM-04,TM-04,Closed,Upheld,7,Yes,No,No,0,0,RC-12,Yes,6.0,2,1,0,3.0,0.0,Yes,0,Low friction
APL-2026-001196,2026-08-24,2026-08-24,2026-08-25,2026-08-27,2026-09-04,2026-09-04,Administrative,Standard,PAY-04,TM-01,TM-06,Closed,Partially Overturned,30,Yes,No,No,1,0,RC-04,No,11.0,0,1,2,8.0,0.0,Yes,30,Moderate friction
APL-2026-000413,2026-04-25,2026-04-27,2026-04-30,2026-05-04,2026-05-14,2026-05-21,Clinical,Standard,PAY-05,TM-03,TM-04,Closed,Partially Overturned,14,No,No,No,1,0,RC-05,No,26.0,2,3,4,10.0,7.0,No,65,Critical friction
APL-2026-000653,2026-01-23,2026-01-23,2026-01-27,2026-01-28,2026-02-17,2026-02-19,Administrative,Urgent,PAY-05,TM-01,TM-01,Closed,Overturned,7,Yes,No,No,0,0,RC-07,Yes,27.0,0,4,1,20.0,2.0,No,0,Low friction
APL-2026-001391,2026-02-03,2026-02-03,2026-02-04,2026-02-05,2026-02-17,2026-02-18,Clinical,Standard,PAY-03,TM-07,TM-07,Closed,Partially Overturned,14,No,No,No,0,0,RC-01,Yes,15.0,0,1,1,12.0,1.0,No,25,Moderate friction
APL-2026-000341,2026-08-18,2026-08-18,2026-08-20,2026-08-21,2026-09-01,2026-09-01,Administrative,Standard,PAY-05,TM-01,TM-01,Closed,Overturned,30,Yes,No,No,0,0,RC-03,Yes,14.0,0,2,1,11.0,0.0,Yes,0,Low friction
APL-2026-002920,2026-05-05,2026-05-06,2026-05-06,2026-05-07,2026-05-15,2026-05-15,Clinical,Standard,PAY-02,TM-02,TM-08,Closed,Partially Overturned,14,No,No,No,1,2,RC-04,Yes,10.0,1,0,1,8.0,0.0,Yes,35,Moderate friction
APL-2026-003376,2026-04-30,2026-04-30,2026-05-06,2026-05-07,2026-05-08,2026-05-11,Administrative,Standard,PAY-03,TM-07,TM-07,Closed,Partially Overturned,30,Yes,No,No,0,0,RC-10,Yes,11.0,0,6,1,1.0,3.0,Yes,10,Low friction
APL-2026-002854,2026-03-08,2026-03-08,2026-03-10,2026-03-12,2026-04-24,2026-05-01,Clinical,Urgent,PAY-03,TM-07,TM-07,Closed,Upheld,7,No,No,No,0,25,RC-12,Yes,54.0,0,2,2,43.0,7.0,No,55,High friction
APL-2026-002565,2026-03-09,2026-03-11,2026-03-13,2026-03-16,2026-03-20,2026-03-20,Administrative,Standard,PAY-04,TM-01,TM-01,Closed,Upheld,30,Yes,No,No,0,0,RC-02,Yes,11.0,2,2,3,4.0,0.0,Yes,0,Low friction
APL-2026-002735,2026-03-24,2026-03-24,2026-03-24,2026-03-25,2026-04-02,2026-04-02,Clinical,Urgent,PAY-02,TM-02,TM-02,Closed,Partially Overturned,7,Yes,No,No,0,0,RC-03,Yes,9.0,0,0,1,8.0,0.0,No,0,Low friction
APL-2026-003948,2026-01-13,2026-01-15,2026-01-16,2026-01-16,2026-02-02,2026-02-02,Clinical,Low,PAY-01,TM-02,TM-01,Closed,Overturned,14,Yes,No,No,1,0,RC-05,Yes,20.0,2,1,0,17.0,0.0,No,10,Low friction
APL-2026-002383,2026-03-16,2026-03-16,2026-03-20,2026-03-20,2026-04-06,2026-04-07,Administrative,Urgent,PAY-01,TM-01,TM-04,Closed,Overturned,7,Yes,No,No,1,0,RC-05,Yes,22.0,0,4,0,17.0,1.0,No,10,Low friction
APL-2026-001624,2026-08-29,2026-08-29,2026-08-31,2026-09-01,2026-09-24,2026-09-28,Administrative,Standard,PAY-05,TM-01,TM-01,Closed,Upheld,30,No,No,Yes,0,8,RC-01,Yes,30.0,0,2,1,23.0,4.0,Yes,70,Critical friction
APL-2026-003587,2026-02-06,2026-02-06,2026-02-12,2026-02-17,2026-02-27,2026-02-27,Claims Payment,Standard,PAY-01,TM-01,TM-03,Closed,Upheld,30,Yes,Yes,No,1,0,RC-03,Yes,21.0,0,6,5,10.0,0.0,Yes,10,Low friction
APL-2026-002277,2026-08-05,2026-08-06,2026-08-06,2026-08-07,2026-08-11,2026-08-11,Clinical,Urgent,PAY-01,TM-03,TM-03,Closed,Overturned,7,Yes,No,No,0,0,RC-11,Yes,6.0,1,0,1,4.0,0.0,Yes,0,Low friction
APL-2026-000017,2026-07-11,2026-07-13,2026-07-13,2026-07-13,2026-07-23,2026-07-24,Authorization,Urgent,PAY-04,TM-04,TM-03,Closed,Overturned,7,Yes,No,Yes,1,0,RC-05,Yes,13.0,2,0,0,10.0,1.0,No,25,Moderate friction
APL-2026-001365,2026-03-11,2026-03-13,2026-03-16,2026-03-17,2026-03-24,2026-03-31,Authorization,Standard,PAY-04,TM-04,TM-01,Closed,Partially Overturned,7,No,No,No,1,2,RC-01,No,20.0,2,3,1,7.0,7.0,No,65,Critical friction
APL-2026-001194,2026-07-26,2026-07-26,2026-08-03,2026-08-05,2026-08-17,2026-08-17,Clinical,Standard,PAY-01,TM-02,TM-05,Closed,Upheld,14,Yes,No,No,1,0,RC-04,No,22.0,0,8,2,12.0,0.0,No,30,Moderate friction
APL-2026-000444,2026-04-16,2026-04-20,2026-04-21,2026-04-22,2026-04-24,2026-04-27,Administrative,Standard,PAY-01,TM-01,TM-01,Closed,Upheld,30,Yes,No,No,0,0,RC-04,Yes,11.0,4,1,1,2.0,3.0,Yes,10,Low friction
APL-2026-003978,2026-04-23,2026-04-23,2026-04-27,2026-04-28,2026-04-29,2026-04-29,Pharmacy,Urgent,PAY-01,TM-05,TM-05,Closed,Upheld,7,Yes,No,No,0,0,RC-13,Yes,6.0,0,4,1,1.0,0.0,Yes,0,Low friction
APL-2026-002705,2026-02-21,2026-02-21,2026-02-21,2026-02-24,2026-02-25,2026-02-27,Clinical,Standard,PAY-01,TM-02,TM-02,Closed,Upheld,14,Yes,No,No,0,0,RC-03,Yes,6.0,0,0,3,1.0,2.0,Yes,0,Low friction
APL-2026-003232,2026-01-08,2026-01-08,2026-01-15,2026-01-16,2026-02-05,2026-02-06,Clinical,Standard,PAY-02,TM-03,TM-06,Closed,Upheld,14,No,Yes,No,1,4,RC-04,No,29.0,0,7,1,20.0,1.0,No,55,High friction
APL-2026-003781,2026-08-24,2026-08-24,2026-08-26,2026-08-27,2026-09-15,2026-09-16,Clinical,Standard,PAY-01,TM-03,TM-03,Closed,Upheld,14,Yes,Yes,No,0,0,RC-06,Yes,23.0,0,2,1,19.0,1.0,No,0,Low friction
APL-2026-003812,2026-07-28,2026-07-28,2026-07-29,2026-07-30,2026-08-06,2026-08-07,Authorization,Standard,PAY-02,TM-04,TM-04,Closed,Overturned,7,Yes,No,No,0,0,RC-15,Yes,10.0,0,1,1,7.0,1.0,No,0,Low friction
APL-2026-003194,2026-05-28,2026-05-28,2026-06-08,2026-06-08,2026-06-25,2026-06-25,Administrative,Urgent,PAY-03,TM-07,TM-04,Closed,Upheld,7,Yes,No,No,1,0,RC-04,No,28.0,0,11,0,17.0,0.0,No,30,Moderate friction
APL-2026-003284,2026-05-07,2026-05-07,2026-05-08,2026-05-08,2026-05-26,2026-05-26,Clinical,Standard,PAY-02,TM-03,TM-06,Closed,Upheld,14,Yes,No,No,2,0,RC-09,No,19.0,0,1,0,18.0,0.0,No,40,High friction
APL-2026-002817,2026-04-03,2026-04-03,2026-04-06,2026-04-07,2026-04-21,2026-04-21,Clinical,Low,PAY-06,TM-07,TM-07,Closed,Partially Overturned,14,No,No,No,0,3,RC-03,Yes,18.0,0,3,1,14.0,0.0,No,25,Moderate friction
APL-2026-000271,2026-09-07,2026-09-08,2026-09-09,2026-09-09,2026-09-21,2026-09-21,Clinical,Standard,PAY-07,TM-02,TM-02,Closed,Overturned,14,Yes,Yes,No,0,0,RC-04,Yes,14.0,1,1,0,12.0,0.0,Yes,0,Low friction
APL-2026-001156,2026-03-08,2026-03-08,2026-03-09,2026-03-10,2026-03-18,2026-03-19,Clinical,Standard,PAY-04,TM-02,TM-06,Closed,Partially Overturned,14,Yes,No,No,1,0,RC-11,No,11.0,0,1,1,8.0,1.0,Yes,30,Moderate friction
APL-2026-002808,2026-08-11,2026-08-11,2026-08-13,2026-08-17,2026-08-18,2026-08-20,Authorization,Standard,PAY-04,TM-04,TM-04,Closed,Upheld,7,Yes,No,No,0,0,RC-06,Yes,9.0,0,2,4,1.0,2.0,No,0,Low friction
APL-2026-000587,2026-05-07,2026-05-07,2026-05-07,2026-05-11,2026-05-21,2026-05-25,Pharmacy,Standard,PAY-06,TM-05,TM-05,Closed,Upheld,7,No,No,No,0,0,RC-12,Yes,18.0,0,0,4,10.0,4.0,No,35,Moderate friction
APL-2026-001121,2026-01-27,2026-01-27,2026-01-30,2026-01-30,2026-02-13,2026-02-13,Clinical,Standard,PAY-03,TM-07,TM-06,Closed,Upheld,14,No,No,No,2,5,RC-12,No,17.0,0,3,0,14.0,0.0,No,65,Critical friction
APL-2026-000363,2026-04-14,2026-04-16,2026-04-23,2026-04-24,2026-05-13,2026-05-13,Authorization,Standard,PAY-04,TM-04,TM-07,Closed,Upheld,7,Yes,No,No,2,0,RC-08,No,29.0,2,7,1,19.0,0.0,No,40,High friction
APL-2026-002598,2026-05-29,2026-06-01,2026-06-02,2026-06-04,2026-06-08,2026-06-09,Administrative,Standard,PAY-02,TM-01,TM-01,Closed,Upheld,30,No,No,No,0,1,RC-06,Yes,11.0,3,1,2,4.0,1.0,Yes,25,Moderate friction
APL-2026-002226,2026-09-21,2026-09-21,2026-09-22,2026-09-24,2026-09-25,2026-09-25,Clinical,Standard,PAY-07,TM-03,TM-03,Closed,Upheld,14,Yes,No,No,0,0,RC-01,Yes,4.0,0,1,2,1.0,0.0,Yes,0,Low friction
APL-2026-002847,2026-07-14,2026-07-14,2026-07-14,2026-07-14,2026-07-15,2026-07-17,Administrative,Standard,PAY-06,TM-07,TM-07,Closed,Upheld,30,Yes,No,No,0,0,RC-06,Yes,3.0,0,0,0,1.0,2.0,Yes,0,Low friction
APL-2026-003832,2026-09-20,2026-09-21,2026-09-21,2026-09-23,,,Authorization,Standard,PAY-05,TM-04,TM-08,In Review,,7,Yes,No,No,1,0,RC-09,Yes,,1,0,2,,,,10,Low friction
APL-2026-003931,2026-03-01,2026-03-01,2026-03-02,2026-03-02,2026-03-03,2026-03-03,Authorization,Low,PAY-03,TM-04,TM-04,Closed,Partially Overturned,7,Yes,No,No,0,0,RC-02,Yes,2.0,0,1,0,1.0,0.0,Yes,0,Low friction
APL-2026-001244,2026-01-07,2026-01-07,2026-01-08,2026-01-09,2026-01-12,2026-01-14,Claims Payment,Standard,PAY-02,TM-01,TM-01,Closed,Overturned,30,Yes,No,No,0,0,RC-01,Yes,7.0,0,1,1,3.0,2.0,Yes,0,Low friction
APL-2026-001001,2026-05-29,2026-05-29,2026-06-01,2026-06-01,2026-06-08,2026-06-08,Authorization,Urgent,PAY-01,TM-04,TM-04,Closed,Upheld,7,Yes,No,No,0,0,RC-14,Yes,10.0,0,3,0,7.0,0.0,No,0,Low friction
APL-2026-000838,2026-03-30,2026-03-30,2026-03-31,2026-04-01,2026-04-10,2026-04-10,Claims Payment,Standard,PAY-01,TM-01,TM-01,Closed,Partially Overturned,30,No,Yes,No,0,4,RC-01,Yes,11.0,0,1,1,9.0,0.0,Yes,25,Moderate friction
APL-2026-003230,2026-09-09,2026-09-09,2026-09-09,2026-09-10,2026-09-18,2026-09-22,Clinical,Urgent,PAY-07,TM-02,TM-02,Closed,Partially Overturned,7,Yes,No,No,0,0,RC-06,Yes,13.0,0,0,1,8.0,4.0,No,10,Low friction
APL-2026-002732,2026-06-17,2026-06-17,2026-06-22,2026-06-22,2026-07-01,2026-07-01,Authorization,Low,PAY-06,TM-04,TM-07,Closed,Upheld,7,Yes,No,No,2,0,RC-04,No,14.0,0,5,0,9.0,0.0,No,40,High friction
APL-2026-002681,2026-09-28,2026-09-28,2026-09-28,2026-09-29,,,Clinical,Standard,PAY-06,TM-07,TM-07,Pending Information,,14,Yes,No,No,0,0,RC-12,Yes,,0,0,1,,,,0,Low friction
APL-2026-000213,2026-02-27,2026-03-02,2026-03-04,2026-03-05,2026-03-23,2026-03-24,Administrative,Urgent,PAY-01,TM-01,TM-01,Closed,Partially Overturned,7,Yes,Yes,Yes,0,0,RC-02,Yes,25.0,3,2,1,18.0,1.0,No,15,Low friction
APL-2026-000132,2026-04-24,2026-04-27,2026-04-27,2026-04-27,2026-04-30,2026-04-30,Clinical,Urgent,PAY-04,TM-03,TM-03,Closed,Upheld,7,Yes,No,No,0,0,RC-05,Yes,6.0,3,0,0,3.0,0.0,Yes,0,Low friction
APL-2026-002723,2026-04-10,2026-04-14,2026-04-20,2026-04-20,2026-04-23,2026-04-23,Clinical,Standard,PAY-03,TM-07,TM-07,Closed,Upheld,14,Yes,No,No,0,0,RC-02,Yes,13.0,4,6,0,3.0,0.0,Yes,0,Low friction
APL-2026-001408,2026-07-05,2026-07-05,2026-07-05,2026-07-07,2026-07-10,2026-07-13,Administrative,Standard,PAY-03,TM-07,TM-05,Closed,Upheld,30,Yes,No,No,1,0,RC-15,Yes,8.0,0,0,2,3.0,3.0,Yes,20,Moderate friction
APL-2026-002076,2026-05-26,2026-05-26,2026-05-26,2026-05-26,2026-06-03,2026-06-03,Clinical,Urgent,PAY-04,TM-03,TM-04,Closed,Upheld,7,Yes,No,No,1,0,RC-05,Yes,8.0,0,0,0,8.0,0.0,No,10,Low friction
APL-2026-001093,2026-09-23,2026-09-24,2026-09-24,2026-09-24,,,Administrative,Low,PAY-02,TM-01,TM-01,In Review,,30,Yes,No,Yes,0,0,RC-07,Yes,,1,0,0,,,,15,Low friction
APL-2026-001157,2026-02-16,2026-02-17,2026-02-17,2026-02-17,2026-02-18,2026-02-18,Administrative,Standard,PAY-01,TM-01,TM-01,Closed,Upheld,30,Yes,No,No,0,0,RC-04,Yes,2.0,1,0,0,1.0,0.0,Yes,0,Low friction
APL-2026-002609,2026-05-27,2026-05-27,2026-05-28,2026-05-29,2026-06-01,2026-06-01,Administrative,Urgent,PAY-01,TM-01,TM-01,Closed,Upheld,7,Yes,No,No,0,0,RC-14,Yes,5.0,0,1,1,3.0,0.0,Yes,0,Low friction
APL-2026-003361,2026-06-11,2026-06-11,2026-06-11,2026-06-16,2026-06-23,2026-06-24,Authorization,Low,PAY-04,TM-04,TM-04,Closed,Overturned,7,Yes,No,No,0,0,RC-04,Yes,13.0,0,0,5,7.0,1.0,No,0,Low friction
APL-2026-000730,2026-05-13,2026-05-13,2026-05-14,2026-05-19,2026-05-29,2026-06-02,Clinical,Urgent,PAY-01,TM-03,TM-03,Closed,Partially Overturned,7,Yes,No,No,0,0,RC-11,Yes,20.0,0,1,5,10.0,4.0,No,10,Low friction
APL-2026-002968,2026-08-06,2026-08-06,2026-08-12,2026-08-13,2026-08-14,2026-08-14,Administrative,Standard,PAY-02,TM-01,TM-01,Closed,Overturned,30,Yes,No,No,0,0,RC-08,Yes,8.0,0,6,1,1.0,0.0,Yes,0,Low friction
APL-2026-001076,2026-07-19,2026-07-21,2026-07-23,2026-07-23,2026-07-31,2026-07-31,Administrative,Standard,PAY-02,TM-01,TM-01,Closed,Upheld,30,No,Yes,No,0,0,RC-10,Yes,12.0,2,2,0,8.0,0.0,Yes,25,Moderate friction
APL-2026-002065,2026-04-26,2026-04-27,2026-04-27,2026-04-29,2026-05-05,2026-05-06,Administrative,Standard,PAY-02,TM-01,TM-01,Closed,Partially Overturned,30,Yes,No,No,0,0,RC-03,Yes,10.0,1,0,2,6.0,1.0,Yes,0,Low friction
APL-2026-002657,2026-05-04,2026-05-04,2026-05-04,2026-05-07,2026-05-13,2026-05-14,Authorization,Standard,PAY-04,TM-04,TM-04,Closed,Upheld,7,Yes,No,No,0,0,RC-09,Yes,10.0,0,0,3,6.0,1.0,No,0,Low friction
APL-2026-000559,2026-01-06,2026-01-08,2026-01-13,2026-01-14,2026-02-10,2026-02-12,Administrative,Standard,PAY-07,TM-01,TM-03,Closed,Upheld,30,No,No,No,1,8,RC-05,No,37.0,2,5,1,27.0,2.0,No,75,Critical friction
APL-2026-001497,2026-02-13,2026-02-13,2026-02-13,2026-02-16,2026-02-18,2026-02-20,Clinical,Standard,PAY-05,TM-03,TM-03,Closed,Upheld,14,Yes,No,No,0,0,RC-02,Yes,7.0,0,0,3,2.0,2.0,Yes,0,Low friction
APL-2026-002279,2026-09-01,2026-09-03,2026-09-04,2026-09-04,2026-09-14,2026-09-14,Administrative,Standard,PAY-05,TM-01,TM-01,Closed,Partially Overturned,30,Yes,Yes,No,0,0,RC-06,Yes,13.0,2,1,0,10.0,0.0,Yes,0,Low friction
APL-2026-002943,2026-08-20,2026-08-20,2026-08-20,2026-08-24,,,Clinical,Urgent,PAY-04,TM-02,TM-02,Escalated,,7,No,Yes,Yes,0,18,RC-04,Yes,,0,0,4,,,,60,Critical friction
APL-2026-003491,2026-04-18,2026-04-18,2026-04-20,2026-04-20,2026-05-07,2026-05-08,Clinical,Standard,PAY-02,TM-03,TM-03,Closed,Overturned,14,Yes,No,No,0,0,RC-10,Yes,20.0,0,2,0,17.0,1.0,No,0,Low friction
APL-2026-003355,2026-02-14,2026-02-14,2026-02-17,2026-02-20,2026-02-23,2026-02-24,Clinical,Standard,PAY-07,TM-03,TM-03,Closed,Upheld,14,Yes,No,No,0,0,RC-03,Yes,10.0,0,3,3,3.0,1.0,Yes,0,Low friction
APL-2026-000182,2026-07-02,2026-07-02,2026-07-03,2026-07-07,2026-07-10,2026-07-14,Authorization,Standard,PAY-04,TM-04,TM-04,Closed,Upheld,7,Yes,No,No,0,0,RC-15,Yes,12.0,0,1,4,3.0,4.0,No,10,Low friction
APL-2026-000992,2026-04-08,2026-04-08,2026-04-08,2026-04-08,2026-04-24,2026-04-24,Authorization,Urgent,PAY-01,TM-04,TM-04,Closed,Overturned,7,Yes,No,Yes,0,0,RC-01,Yes,16.0,0,0,0,16.0,0.0,No,15,Low friction
APL-2026-001635,2026-01-10,2026-01-10,2026-01-15,2026-01-16,2026-01-26,2026-01-27,Administrative,Standard,PAY-06,TM-07,TM-07,Closed,Partially Overturned,30,Yes,Yes,No,0,0,RC-02,Yes,17.0,0,5,1,10.0,1.0,Yes,0,Low friction
APL-2026-000815,2026-06-08,2026-06-09,2026-06-09,2026-06-09,2026-06-22,2026-06-22,Pharmacy,Standard,PAY-02,TM-05,TM-05,Closed,Overturned,7,Yes,No,No,0,0,RC-09,Yes,14.0,1,0,0,13.0,0.0,No,0,Low friction
APL-2026-002013,2026-05-10,2026-05-10,2026-05-11,2026-05-13,2026-05-19,2026-05-19,Clinical,Standard,PAY-03,TM-07,TM-07,Closed,Upheld,14,No,Yes,No,0,0,RC-01,Yes,9.0,0,1,2,6.0,0.0,Yes,25,Moderate friction
APL-2026-003053,2026-08-12,2026-08-13,2026-08-17,2026-08-18,2026-09-17,2026-09-18,Authorization,Standard,PAY-01,TM-04,TM-06,Closed,Overturned,7,No,Yes,No,1,13,RC-01,No,37.0,1,4,1,30.0,1.0,No,75,Critical friction
APL-2026-000304,2026-03-30,2026-03-30,2026-04-01,2026-04-01,2026-04-07,2026-04-07,Clinical,Standard,PAY-07,TM-02,TM-02,Closed,Upheld,14,Yes,No,No,0,0,RC-03,Yes,8.0,0,2,0,6.0,0.0,Yes,0,Low friction
APL-2026-002031,2026-08-06,2026-08-06,2026-08-07,2026-08-11,2026-08-21,2026-08-25,Clinical,Standard,PAY-01,TM-03,TM-04,Closed,Upheld,14,Yes,No,No,1,0,RC-06,Yes,19.0,0,1,4,10.0,4.0,No,20,Moderate friction
APL-2026-003337,2026-04-09,2026-04-09,2026-04-10,2026-04-15,2026-04-22,2026-04-22,Authorization,Low,PAY-06,TM-04,TM-04,Closed,Partially Overturned,7,Yes,No,No,0,0,RC-02,Yes,13.0,0,1,5,7.0,0.0,No,0,Low friction
APL-2026-001412,2026-02-06,2026-02-06,2026-02-09,2026-02-09,2026-02-18,2026-02-20,Clinical,Urgent,PAY-03,TM-07,TM-02,Closed,Upheld,7,No,No,No,1,0,RC-12,Yes,14.0,0,3,0,9.0,2.0,No,35,Moderate friction
APL-2026-001562,2026-06-29,2026-07-01,2026-07-02,2026-07-07,2026-07-20,2026-07-20,Clinical,Standard,PAY-02,TM-03,TM-03,Closed,Upheld,14,Yes,No,No,0,0,RC-05,Yes,21.0,2,1,5,13.0,0.0,No,0,Low friction
APL-2026-002296,2026-06-12,2026-06-12,2026-06-17,2026-06-17,2026-06-29,2026-07-06,Clinical,Standard,PAY-05,TM-02,TM-07,Closed,Partially Overturned,14,No,Yes,No,1,0,RC-08,No,24.0,0,5,0,12.0,7.0,No,65,Critical friction
APL-2026-002762,2026-09-05,2026-09-05,2026-09-11,2026-09-16,,,Clinical,Standard,PAY-05,TM-03,TM-05,Escalated,,14,No,No,No,1,4,RC-05,No,,0,6,5,,,,55,High friction
APL-2026-000392,2026-07-11,2026-07-11,2026-07-11,2026-07-13,2026-07-15,2026-07-15,Administrative,Low,PAY-07,TM-01,TM-01,Closed,Overturned,30,No,No,No,0,0,RC-09,Yes,4.0,0,0,2,2.0,0.0,Yes,25,Moderate friction
APL-2026-000973,2026-08-18,2026-08-18,2026-08-18,2026-08-18,2026-08-31,2026-08-31,Authorization,Standard,PAY-01,TM-04,TM-01,Closed,Overturned,7,Yes,No,No,1,0,RC-06,Yes,13.0,0,0,0,13.0,0.0,No,10,Low friction
APL-2026-000657,2026-06-25,2026-06-26,2026-06-26,2026-06-29,2026-07-01,2026-07-01,Administrative,Standard,PAY-06,TM-07,TM-07,Closed,Upheld,30,Yes,No,No,0,0,RC-12,Yes,6.0,1,0,3,2.0,0.0,Yes,0,Low friction
APL-2026-000084,2026-06-30,2026-06-30,2026-07-01,2026-07-01,2026-07-02,2026-07-06,Clinical,Standard,PAY-01,TM-02,TM-02,Closed,Upheld,14,Yes,No,No,0,0,RC-15,Yes,6.0,0,1,0,1.0,4.0,Yes,10,Low friction
APL-2026-001116,2026-03-07,2026-03-07,2026-03-12,2026-03-13,2026-03-16,2026-03-16,Authorization,Urgent,PAY-04,TM-04,TM-04,Closed,Overturned,7,Yes,No,No,0,0,RC-02,Yes,9.0,0,5,1,3.0,0.0,No,0,Low friction
APL-2026-001941,2026-03-24,2026-03-25,2026-03-25,2026-03-25,2026-04-08,2026-04-08,Administrative,Standard,PAY-03,TM-07,TM-07,Closed,Upheld,30,No,No,No,0,9,RC-05,Yes,15.0,1,0,0,14.0,0.0,Yes,45,High friction
APL-2026-002407,2026-04-29,2026-05-01,2026-05-01,2026-05-05,2026-05-22,2026-05-25,Clinical,Standard,PAY-02,TM-03,TM-03,Closed,Overturned,14,Yes,No,No,0,0,RC-12,Yes,26.0,2,0,4,17.0,3.0,No,10,Low friction
APL-2026-000074,2026-05-22,2026-05-26,2026-05-27,2026-05-27,2026-05-29,2026-06-02,Administrative,Standard,PAY-03,TM-07,TM-07,Closed,Partially Overturned,30,Yes,No,No,0,0,RC-14,Yes,11.0,4,1,0,2.0,4.0,Yes,10,Low friction
APL-2026-001254,2026-05-05,2026-05-05,2026-05-06,2026-05-07,2026-05-12,2026-05-12,Administrative,Standard,PAY-02,TM-01,TM-01,Closed,Partially Overturned,30,No,No,No,0,0,RC-05,Yes,7.0,0,1,1,5.0,0.0,Yes,25,Moderate friction
APL-2026-002918,2026-07-06,2026-07-07,2026-07-13,2026-07-14,2026-07-24,2026-07-27,Administrative,Standard,PAY-02,TM-01,TM-01,Closed,Upheld,30,No,No,No,0,7,RC-01,Yes,21.0,1,6,1,10.0,3.0,Yes,55,High friction
APL-2026-002962,2026-02-15,2026-02-15,2026-02-16,2026-02-18,2026-02-27,2026-02-27,Clinical,Standard,PAY-03,TM-07,TM-07,Closed,Upheld,14,Yes,No,No,0,0,RC-14,Yes,12.0,0,1,2,9.0,0.0,Yes,0,Low friction
APL-2026-000083,2026-05-31,2026-05-31,2026-06-04,2026-06-04,2026-06-12,2026-06-16,Clinical,Low,PAY-01,TM-03,TM-07,Closed,Overturned,14,No,No,No,1,0,RC-12,No,16.0,0,4,0,8.0,4.0,No,65,Critical friction
APL-2026-002145,2026-07-25,2026-07-28,2026-07-30,2026-07-30,2026-08-12,2026-08-12,Clinical,Standard,PAY-03,TM-07,TM-07,Closed,Upheld,14,Yes,No,Yes,0,0,RC-05,Yes,18.0,3,2,0,13.0,0.0,No,15,Low friction
APL-2026-003528,2026-01-05,2026-01-05,2026-01-06,2026-01-06,2026-01-13,2026-01-15,Administrative,Standard,PAY-01,TM-01,TM-01,Closed,Upheld,30,Yes,Yes,No,0,0,RC-02,Yes,10.0,0,1,0,7.0,2.0,Yes,0,Low friction
APL-2026-002575,2026-03-01,2026-03-02,2026-03-06,2026-03-06,2026-04-02,2026-04-09,Clinical,Standard,PAY-06,TM-07,TM-05,Closed,Upheld,14,No,No,No,1,8,RC-05,No,39.0,1,4,0,27.0,7.0,No,85,Critical friction
APL-2026-001501,2026-05-31,2026-06-02,2026-06-03,2026-06-08,2026-06-10,2026-06-10,Authorization,Urgent,PAY-01,TM-04,TM-04,Closed,Upheld,7,Yes,No,No,0,0,RC-04,Yes,10.0,2,1,5,2.0,0.0,No,0,Low friction
APL-2026-003770,2026-07-16,2026-07-17,2026-07-17,2026-07-17,2026-07-20,2026-07-20,Clinical,Standard,PAY-04,TM-03,TM-03,Closed,Partially Overturned,14,Yes,No,No,0,0,RC-02,Yes,4.0,1,0,0,3.0,0.0,Yes,0,Low friction
APL-2026-000964,2026-08-15,2026-08-15,2026-08-18,2026-08-18,2026-09-04,2026-09-08,Claims Payment,Standard,PAY-07,TM-01,TM-01,Closed,Overturned,30,No,Yes,No,0,0,RC-10,Yes,24.0,0,3,0,17.0,4.0,Yes,35,Moderate friction
APL-2026-001550,2026-05-14,2026-05-15,2026-05-15,2026-05-15,2026-05-20,2026-05-27,Clinical,Low,PAY-02,TM-02,TM-02,Closed,Upheld,14,Yes,No,No,0,0,RC-07,Yes,13.0,1,0,0,5.0,7.0,Yes,10,Low friction
APL-2026-000574,2026-05-11,2026-05-12,2026-05-12,2026-05-15,2026-05-25,2026-05-25,Pharmacy,Standard,PAY-02,TM-05,TM-06,Closed,Upheld,7,Yes,No,No,1,0,RC-06,Yes,14.0,1,0,3,10.0,0.0,No,10,Low friction
APL-2026-000929,2026-06-01,2026-06-01,2026-06-01,2026-06-02,2026-06-09,2026-06-09,Clinical,Urgent,PAY-04,TM-02,TM-02,Closed,Partially Overturned,7,Yes,No,No,0,0,RC-10,Yes,8.0,0,0,1,7.0,0.0,No,0,Low friction
APL-2026-000447,2026-01-23,2026-01-27,2026-01-29,2026-01-30,2026-02-10,2026-02-17,Claims Payment,Standard,PAY-01,TM-01,TM-01,Closed,Overturned,30,Yes,No,No,0,0,RC-15,Yes,25.0,4,2,1,11.0,7.0,Yes,10,Low friction
APL-2026-000899,2026-09-05,2026-09-05,2026-09-05,2026-09-07,2026-09-09,2026-09-11,Authorization,Low,PAY-04,TM-04,TM-04,Closed,Upheld,7,Yes,No,No,0,0,RC-03,Yes,6.0,0,0,2,2.0,2.0,Yes,0,Low friction
APL-2026-003083,2026-01-06,2026-01-07,2026-01-08,2026-01-08,2026-01-19,2026-01-19,Pharmacy,Standard,PAY-03,TM-05,TM-05,Closed,Partially Overturned,7,Yes,No,Yes,0,0,RC-07,Yes,13.0,1,1,0,11.0,0.0,No,15,Low friction
APL-2026-003419,2026-04-13,2026-04-13,2026-04-17,2026-04-22,2026-05-12,2026-05-12,Clinical,Urgent,PAY-06,TM-07,TM-07,Closed,Upheld,7,No,No,Yes,0,7,RC-05,Yes,29.0,0,4,5,20.0,0.0,No,60,Critical friction
APL-2026-001848,2026-09-24,2026-09-24,2026-09-28,2026-09-28,,,Clinical,Standard,PAY-01,TM-02,TM-02,In Review,,14,No,No,No,0,2,RC-13,Yes,,0,4,0,,,,25,Moderate friction
APL-2026-001727,2026-08-09,2026-08-09,2026-08-11,2026-08-13,2026-08-14,2026-08-14,Administrative,Standard,PAY-02,TM-01,TM-01,Closed,Upheld,30,Yes,No,No,0,0,RC-05,Yes,5.0,0,2,2,1.0,0.0,Yes,0,Low friction
APL-2026-003344,2026-02-20,2026-02-20,2026-02-24,2026-02-25,2026-02-27,2026-02-27,Clinical,Low,PAY-02,TM-03,TM-03,Closed,Partially Overturned,14,Yes,No,No,0,0,RC-01,Yes,7.0,0,4,1,2.0,0.0,Yes,0,Low friction
APL-2026-001252,2026-05-09,2026-05-12,2026-05-13,2026-05-13,2026-05-21,2026-05-21,Authorization,Standard,PAY-05,TM-04,TM-05,Closed,Upheld,7,No,No,No,2,0,RC-12,No,12.0,3,1,0,8.0,0.0,No,65,Critical friction
APL-2026-000885,2026-01-14,2026-01-16,2026-01-16,2026-01-16,2026-01-22,2026-01-22,Administrative,Low,PAY-05,TM-01,TM-01,Closed,Upheld,30,Yes,No,No,0,0,RC-02,Yes,8.0,2,0,0,6.0,0.0,Yes,0,Low friction
APL-2026-000417,2026-04-09,2026-04-09,2026-04-13,2026-04-13,2026-04-22,2026-04-23,Administrative,Urgent,PAY-03,TM-07,TM-07,Closed,Upheld,7,Yes,No,Yes,0,0,RC-07,Yes,14.0,0,4,0,9.0,1.0,No,15,Low friction
APL-2026-003287,2026-07-22,2026-07-22,2026-07-23,2026-07-23,2026-08-20,2026-08-21,Clinical,Standard,PAY-02,TM-03,TM-03,Closed,Upheld,14,No,No,Yes,0,9,RC-06,Yes,30.0,0,1,0,28.0,1.0,No,60,Critical friction
APL-2026-002333,2026-01-27,2026-01-28,2026-01-28,2026-02-02,2026-02-03,2026-02-04,Administrative,Standard,PAY-02,TM-01,TM-01,Closed,Partially Overturned,30,Yes,No,No,0,0,RC-08,Yes,8.0,1,0,5,1.0,1.0,Yes,0,Low friction
APL-2026-000891,2026-03-26,2026-03-27,2026-03-27,2026-03-31,2026-04-10,2026-04-13,Administrative,Urgent,PAY-02,TM-01,TM-08,Closed,Partially Overturned,7,Yes,No,No,1,0,RC-11,Yes,18.0,1,0,4,10.0,3.0,No,20,Moderate friction
APL-2026-003215,2026-03-28,2026-03-30,2026-04-03,2026-04-06,2026-04-16,2026-04-16,Administrative,Standard,PAY-04,TM-01,TM-05,Closed,Overturned,30,Yes,No,No,1,0,RC-07,Yes,19.0,2,4,3,10.0,0.0,Yes,10,Low friction
APL-2026-001327,2026-05-11,2026-05-11,2026-05-13,2026-05-14,2026-05-25,2026-05-27,Clinical,Urgent,PAY-01,TM-02,TM-02,Closed,Overturned,7,Yes,Yes,No,0,0,RC-04,Yes,16.0,0,2,1,11.0,2.0,No,0,Low friction
APL-2026-003177,2026-04-19,2026-04-19,2026-04-20,2026-04-22,2026-05-01,2026-05-04,Administrative,Standard,PAY-01,TM-01,TM-01,Closed,Upheld,30,Yes,No,Yes,0,0,RC-07,Yes,15.0,0,1,2,9.0,3.0,Yes,25,Moderate friction
APL-2026-001894,2026-04-21,2026-04-21,2026-04-21,2026-04-22,2026-05-07,2026-05-07,Clinical,Standard,PAY-04,TM-02,TM-02,Closed,Upheld,14,No,Yes,No,0,4,RC-05,Yes,16.0,0,0,1,15.0,0.0,No,25,Moderate friction
APL-2026-000187,2026-09-23,2026-09-24,2026-09-28,2026-10-01,,,Administrative,Standard,PAY-02,TM-01,TM-01,Escalated,,30,Yes,No,No,0,0,RC-03,Yes,,1,4,3,,,,0,Low friction
APL-2026-003169,2026-01-21,2026-01-22,2026-01-23,2026-01-26,2026-02-06,2026-02-10,Authorization,Standard,PAY-04,TM-04,TM-04,Closed,Upheld,7,No,Yes,No,0,0,RC-12,Yes,20.0,1,1,3,11.0,4.0,No,35,Moderate friction
APL-2026-003779,2026-03-13,2026-03-13,2026-03-20,2026-03-24,2026-04-03,2026-04-07,Authorization,Standard,PAY-04,TM-04,TM-07,Closed,Upheld,7,Yes,Yes,No,1,0,RC-01,No,25.0,0,7,4,10.0,4.0,No,40,High friction
APL-2026-002074,2026-07-05,2026-07-07,2026-07-08,2026-07-10,2026-07-15,2026-07-15,Clinical,Standard,PAY-01,TM-02,TM-02,Closed,Upheld,14,No,No,No,0,0,RC-01,Yes,10.0,2,1,2,5.0,0.0,Yes,25,Moderate friction
APL-2026-001454,2026-05-13,2026-05-14,2026-05-15,2026-05-19,2026-05-29,2026-06-01,Pharmacy,Standard,PAY-05,TM-05,TM-05,Closed,Partially Overturned,7,Yes,No,No,0,0,RC-09,Yes,19.0,1,1,4,10.0,3.0,No,10,Low friction
APL-2026-003199,2026-08-03,2026-08-04,2026-08-05,2026-08-07,2026-08-18,2026-08-19,Authorization,Standard,PAY-05,TM-04,TM-04,Closed,Upheld,7,Yes,No,No,0,0,RC-01,Yes,16.0,1,1,2,11.0,1.0,No,0,Low friction
APL-2026-002890,2026-05-24,2026-05-24,2026-05-28,2026-05-28,2026-06-09,2026-06-11,Administrative,Standard,PAY-02,TM-01,TM-01,Closed,Overturned,30,Yes,No,No,0,0,RC-02,Yes,18.0,0,4,0,12.0,2.0,Yes,0,Low friction
APL-2026-001923,2026-04-27,2026-04-28,2026-05-05,2026-05-05,2026-05-26,2026-05-26,Clinical,Urgent,PAY-01,TM-02,TM-07,Closed,Upheld,7,No,Yes,Yes,1,7,RC-01,No,29.0,1,7,0,21.0,0.0,No,90,Critical friction
APL-2026-003420,2026-05-18,2026-05-18,2026-05-18,2026-05-21,2026-05-26,2026-05-27,Authorization,Standard,PAY-01,TM-04,TM-04,Closed,Upheld,7,Yes,Yes,No,0,0,RC-04,Yes,9.0,0,0,3,5.0,1.0,No,0,Low friction
APL-2026-000501,2026-01-18,2026-01-18,2026-01-18,2026-01-20,2026-01-29,2026-01-29,Authorization,Standard,PAY-06,TM-04,TM-04,Closed,Upheld,7,No,No,No,0,0,RC-02,Yes,11.0,0,0,2,9.0,0.0,No,25,Moderate friction
APL-2026-001444,2026-02-23,2026-02-24,2026-03-02,2026-03-03,2026-03-23,2026-03-23,Clinical,Urgent,PAY-05,TM-03,TM-02,Closed,Upheld,7,No,No,No,1,0,RC-04,No,28.0,1,6,1,20.0,0.0,No,55,High friction
APL-2026-003649,2026-02-02,2026-02-02,2026-02-06,2026-02-09,2026-02-18,2026-02-19,Administrative,Standard,PAY-05,TM-01,TM-04,Closed,Overturned,30,Yes,No,No,2,0,RC-02,No,17.0,0,4,3,9.0,1.0,Yes,40,High friction
APL-2026-001866,2026-06-08,2026-06-09,2026-06-15,2026-06-17,2026-06-29,2026-06-29,Administrative,Standard,PAY-03,TM-07,TM-07,Closed,Partially Overturned,30,No,No,No,0,5,RC-01,Yes,21.0,1,6,2,12.0,0.0,Yes,25,Moderate friction
APL-2026-002446,2026-07-17,2026-07-17,2026-07-20,2026-07-22,2026-07-30,2026-07-30,Clinical,Standard,PAY-02,TM-03,TM-03,Closed,Partially Overturned,14,No,Yes,No,0,0,RC-12,Yes,13.0,0,3,2,8.0,0.0,Yes,25,Moderate friction
APL-2026-002524,2026-03-03,2026-03-03,2026-03-03,2026-03-04,2026-03-18,2026-03-19,Clinical,Low,PAY-06,TM-07,TM-07,Closed,Upheld,14,No,No,No,0,9,RC-05,Yes,16.0,0,0,1,14.0,1.0,No,45,High friction
APL-2026-001949,2026-09-08,2026-09-08,2026-09-08,2026-09-08,2026-09-16,2026-09-16,Authorization,Standard,PAY-02,TM-04,TM-06,Closed,Upheld,7,No,Yes,No,1,2,RC-01,Yes,8.0,0,0,0,8.0,0.0,No,35,Moderate friction
APL-2026-000441,2026-09-20,2026-09-22,2026-09-23,2026-09-23,,,Administrative,Standard,PAY-05,TM-01,TM-07,Escalated,,30,Yes,No,No,1,0,RC-02,Yes,,2,1,0,,,,10,Low friction
APL-2026-001393,2026-09-24,2026-09-24,2026-09-28,2026-09-29,,,Pharmacy,Standard,PAY-05,TM-05,TM-05,Pending Information,,7,Yes,No,No,0,0,RC-07,Yes,,0,4,1,,,,0,Low friction
APL-2026-002046,2026-01-09,2026-01-13,2026-01-14,2026-01-16,2026-01-26,2026-01-26,Clinical,Urgent,PAY-02,TM-03,TM-03,Closed,Overturned,7,Yes,No,No,0,0,RC-04,Yes,17.0,4,1,2,10.0,0.0,No,0,Low friction
APL-2026-003522,2026-06-19,2026-06-19,2026-06-19,2026-06-22,2026-06-26,2026-06-26,Clinical,Standard,PAY-05,TM-02,TM-02,Closed,Overturned,14,No,No,No,0,0,RC-07,Yes,7.0,0,0,3,4.0,0.0,Yes,25,Moderate friction
APL-2026-001369,2026-01-24,2026-01-24,2026-01-24,2026-01-26,2026-01-30,2026-02-06,Clinical,Urgent,PAY-02,TM-02,TM-02,Closed,Overturned,7,Yes,No,No,0,0,RC-14,Yes,13.0,0,0,2,4.0,7.0,No,10,Low friction
APL-2026-003887,2026-09-21,2026-09-22,2026-09-24,2026-09-24,,,Authorization,Low,PAY-05,TM-04,TM-04,Pending Information,,7,No,Yes,Yes,0,8,RC-12,Yes,,1,2,0,,,,60,Critical friction
APL-2026-003519,2026-01-06,2026-01-06,2026-01-07,2026-01-12,2026-01-27,2026-01-29,Administrative,Standard,PAY-04,TM-01,TM-01,Closed,Upheld,30,Yes,No,No,0,0,RC-04,Yes,23.0,0,1,5,15.0,2.0,Yes,0,Low friction
APL-2026-000751,2026-01-24,2026-01-24,2026-01-26,2026-01-27,2026-01-28,2026-01-29,Authorization,Urgent,PAY-03,TM-04,TM-04,Closed,Upheld,7,Yes,No,No,0,0,RC-08,Yes,5.0,0,2,1,1.0,1.0,Yes,0,Low friction
APL-2026-002592,2026-07-11,2026-07-11,2026-07-14,2026-07-16,2026-07-21,2026-07-21,Clinical,Standard,PAY-01,TM-02,TM-02,Closed,Upheld,14,No,No,No,0,0,RC-12,Yes,10.0,0,3,2,5.0,0.0,Yes,25,Moderate friction
APL-2026-000744,2026-02-16,2026-02-17,2026-02-17,2026-02-18,2026-02-23,2026-02-24,Authorization,Low,PAY-04,TM-04,TM-04,Closed,Upheld,7,Yes,No,No,0,0,RC-09,Yes,8.0,1,0,1,5.0,1.0,No,0,Low friction
APL-2026-002958,2026-03-28,2026-03-28,2026-03-28,2026-03-30,2026-04-07,2026-04-14,Administrative,Standard,PAY-01,TM-01,TM-01,Closed,Upheld,30,Yes,No,No,0,0,RC-03,Yes,17.0,0,0,2,8.0,7.0,Yes,10,Low friction
APL-2026-002100,2026-04-15,2026-04-15,2026-04-20,2026-04-22,2026-05-15,2026-05-18,Authorization,Urgent,PAY-03,TM-04,TM-01,Closed,Overturned,7,No,No,Yes,1,6,RC-05,No,33.0,0,5,2,23.0,3.0,No,100,Critical friction
APL-2026-001534,2026-07-28,2026-07-28,2026-07-30,2026-07-30,2026-08-10,2026-08-10,Pharmacy,Urgent,PAY-03,TM-05,TM-05,Closed,Upheld,7,Yes,No,No,0,0,RC-05,Yes,13.0,0,2,0,11.0,0.0,No,0,Low friction
APL-2026-002996,2026-09-26,2026-09-26,2026-09-28,2026-09-28,,,Authorization,Urgent,PAY-03,TM-04,TM-01,Pending Information,,7,No,Yes,Yes,1,6,RC-06,Yes,,0,2,0,,,,70,Critical friction
APL-2026-000764,2026-03-18,2026-03-18,2026-03-23,2026-03-26,2026-04-03,2026-04-07,Clinical,Standard,PAY-03,TM-07,TM-05,Closed,Upheld,14,No,No,No,1,0,RC-01,No,20.0,0,5,3,8.0,4.0,No,65,Critical friction
APL-2026-000336,2026-05-04,2026-05-05,2026-05-05,2026-05-08,2026-05-19,2026-05-20,Clinical,Urgent,PAY-03,TM-07,TM-07,Closed,Partially Overturned,7,Yes,No,Yes,0,0,RC-06,Yes,16.0,1,0,3,11.0,1.0,No,15,Low friction
APL-2026-001466,2026-09-20,2026-09-21,2026-09-22,2026-09-24,2026-09-29,2026-09-29,Administrative,Standard,PAY-01,TM-01,TM-01,Closed,Upheld,30,No,No,No,0,0,RC-05,Yes,9.0,1,1,2,5.0,0.0,Yes,25,Moderate friction
APL-2026-003721,2026-04-08,2026-04-10,2026-04-10,2026-04-14,2026-04-29,2026-04-30,Clinical,Standard,PAY-06,TM-07,TM-07,Closed,Upheld,14,No,No,Yes,0,6,RC-05,Yes,22.0,2,0,4,15.0,1.0,No,60,Critical friction
APL-2026-002192,2026-07-25,2026-07-28,2026-07-29,2026-07-30,2026-08-17,2026-08-18,Clinical,Standard,PAY-02,TM-03,TM-03,Closed,Upheld,14,No,Yes,No,0,6,RC-05,Yes,24.0,3,1,1,18.0,1.0,No,45,High friction
APL-2026-002156,2026-04-02,2026-04-03,2026-04-06,2026-04-07,2026-04-17,2026-04-17,Clinical,Standard,PAY-04,TM-02,TM-02,Closed,Upheld,14,Yes,No,Yes,0,0,RC-12,Yes,15.0,1,3,1,10.0,0.0,No,15,Low friction
APL-2026-001461,2026-06-18,2026-06-18,2026-06-19,2026-06-19,2026-07-01,2026-07-01,Clinical,Standard,PAY-03,TM-07,TM-07,Closed,Upheld,14,Yes,No,No,0,0,RC-08,Yes,13.0,0,1,0,12.0,0.0,Yes,0,Low friction
APL-2026-000593,2026-05-02,2026-05-04,2026-05-07,2026-05-07,2026-05-15,2026-05-15,Administrative,Standard,PAY-06,TM-07,TM-03,Closed,Upheld,30,Yes,No,No,2,0,RC-03,No,13.0,2,3,0,8.0,0.0,Yes,40,High friction
APL-2026-001511,2026-09-29,2026-10-01,2026-10-02,2026-10-05,,,Administrative,Standard,PAY-01,TM-01,TM-01,In Review,,30,Yes,No,No,0,0,RC-03,Yes,,2,1,3,,,,0,Low friction
APL-2026-002804,2026-05-05,2026-05-05,2026-05-06,2026-05-06,2026-05-29,2026-05-29,Clinical,Standard,PAY-02,TM-02,TM-04,Closed,Overturned,14,Yes,No,No,1,0,RC-01,Yes,24.0,0,1,0,23.0,0.0,No,10,Low friction
APL-2026-001302,2026-02-01,2026-02-01,2026-02-02,2026-02-02,2026-02-05,2026-02-09,Administrative,Standard,PAY-03,TM-07,TM-07,Closed,Upheld,30,Yes,No,No,0,0,RC-01,Yes,8.0,0,1,0,3.0,4.0,Yes,10,Low friction
APL-2026-003837,2026-08-02,2026-08-02,2026-08-02,2026-08-04,2026-08-14,2026-08-18,Clinical,Standard,PAY-06,TM-07,TM-07,Closed,Overturned,14,No,Yes,No,0,0,RC-09,Yes,16.0,0,0,2,10.0,4.0,No,35,Moderate friction
APL-2026-001737,2026-08-30,2026-08-30,2026-09-03,2026-09-07,2026-09-18,2026-09-18,Administrative,Urgent,PAY-05,TM-01,TM-05,Closed,Upheld,7,No,No,No,2,2,RC-04,No,19.0,0,4,4,11.0,0.0,No,65,Critical friction
APL-2026-001381,2026-05-19,2026-05-19,2026-05-19,2026-05-20,2026-05-22,2026-05-22,Clinical,Low,PAY-06,TM-07,TM-07,Closed,Partially Overturned,14,Yes,No,No,0,0,RC-05,Yes,3.0,0,0,1,2.0,0.0,Yes,0,Low friction
APL-2026-003391,2026-04-26,2026-04-26,2026-04-28,2026-04-28,2026-05-05,2026-05-05,Clinical,Standard,PAY-03,TM-07,TM-07,Closed,Partially Overturned,14,No,Yes,No,0,0,RC-14,Yes,9.0,0,2,0,7.0,0.0,Yes,25,Moderate friction
APL-2026-000860,2026-01-09,2026-01-12,2026-01-13,2026-01-14,2026-01-29,2026-01-30,Pharmacy,Standard,PAY-01,TM-05,TM-04,Closed,Partially Overturned,7,Yes,No,Yes,1,0,RC-12,Yes,21.0,3,1,1,15.0,1.0,No,25,Moderate friction
APL-2026-000731,2026-05-17,2026-05-18,2026-05-19,2026-05-21,2026-05-26,2026-05-27,Administrative,Standard,PAY-03,TM-07,TM-07,Closed,Upheld,30,Yes,No,No,0,0,RC-01,Yes,10.0,1,1,2,5.0,1.0,Yes,0,Low friction
APL-2026-002830,2026-02-07,2026-02-07,2026-02-07,2026-02-09,2026-02-11,2026-02-11,Administrative,Standard,PAY-04,TM-01,TM-01,Closed,Upheld,30,Yes,No,No,0,0,RC-05,Yes,4.0,0,0,2,2.0,0.0,Yes,0,Low friction
APL-2026-003236,2026-07-10,2026-07-10,2026-07-13,2026-07-13,2026-07-31,2026-07-31,Clinical,Standard,PAY-07,TM-03,TM-03,Closed,Overturned,14,Yes,No,Yes,0,0,RC-04,Yes,21.0,0,3,0,18.0,0.0,No,15,Low friction
APL-2026-003896,2026-04-28,2026-04-28,2026-04-28,2026-05-01,2026-05-19,2026-05-21,Authorization,Standard,PAY-04,TM-04,TM-04,Closed,Upheld,7,Yes,No,No,0,0,RC-08,Yes,23.0,0,0,3,18.0,2.0,No,0,Low friction
APL-2026-002882,2026-04-09,2026-04-13,2026-04-13,2026-04-16,2026-04-17,2026-04-24,Authorization,Standard,PAY-05,TM-04,TM-04,Closed,Upheld,7,Yes,No,No,0,0,RC-05,Yes,15.0,4,0,3,1.0,7.0,No,10,Low friction
APL-2026-002527,2026-08-14,2026-08-14,2026-08-18,2026-08-19,2026-08-31,2026-09-02,Clinical,Standard,PAY-03,TM-07,TM-05,Closed,Upheld,14,Yes,No,No,1,0,RC-01,No,19.0,0,4,1,12.0,2.0,No,30,Moderate friction
APL-2026-002264,2026-02-27,2026-02-27,2026-02-27,2026-03-03,2026-03-09,2026-03-10,Clinical,Low,PAY-03,TM-07,TM-07,Closed,Overturned,14,Yes,No,No,0,0,RC-03,Yes,11.0,0,0,4,6.0,1.0,Yes,0,Low friction
APL-2026-002173,2026-08-22,2026-08-22,2026-08-27,2026-08-28,2026-09-07,2026-09-07,Clinical,Standard,PAY-03,TM-07,TM-07,Closed,Upheld,14,No,No,No,0,5,RC-01,Yes,16.0,0,5,1,10.0,0.0,No,25,Moderate friction
APL-2026-003530,2026-06-23,2026-06-23,2026-06-24,2026-06-25,2026-07-02,2026-07-02,Clinical,Standard,PAY-03,TM-07,TM-07,Closed,Upheld,14,No,Yes,No,0,1,RC-04,Yes,9.0,0,1,1,7.0,0.0,Yes,25,Moderate friction
APL-2026-001073,2026-09-04,2026-09-04,2026-09-04,2026-09-07,2026-09-18,2026-09-18,Clinical,Standard,PAY-03,TM-07,TM-07,Closed,Upheld,14,No,Yes,No,0,0,RC-05,Yes,14.0,0,0,3,11.0,0.0,Yes,25,Moderate friction
APL-2026-000707,2026-05-01,2026-05-01,2026-05-07,2026-05-07,2026-05-08,2026-05-08,Clinical,Low,PAY-01,TM-02,TM-02,Closed,Upheld,14,Yes,No,No,0,0,RC-03,Yes,7.0,0,6,0,1.0,0.0,Yes,0,Low friction
APL-2026-002672,2026-03-28,2026-03-30,2026-04-01,2026-04-06,2026-05-08,2026-05-08,Claims Payment,Standard,PAY-05,TM-01,TM-01,Closed,Upheld,30,No,No,Yes,0,16,RC-12,Yes,41.0,2,2,5,32.0,0.0,No,60,Critical friction
APL-2026-001370,2026-06-11,2026-06-11,2026-06-15,2026-06-17,2026-07-03,2026-07-03,Clinical,Standard,PAY-04,TM-03,TM-03,Closed,Overturned,14,Yes,No,No,0,0,RC-04,Yes,22.0,0,4,2,16.0,0.0,No,0,Low friction
APL-2026-002217,2026-04-19,2026-04-20,2026-04-23,2026-04-27,2026-06-10,2026-06-12,Claims Payment,Standard,PAY-02,TM-01,TM-02,Closed,Upheld,30,No,Yes,Yes,1,23,RC-07,No,54.0,1,3,4,44.0,2.0,No,90,Critical friction
APL-2026-003144,2026-04-27,2026-04-27,2026-04-29,2026-04-30,2026-05-07,2026-05-07,Authorization,Standard,PAY-05,TM-04,TM-04,Closed,Upheld,7,Yes,No,No,0,0,RC-05,Yes,10.0,0,2,1,7.0,0.0,No,0,Low friction
APL-2026-003456,2026-07-13,2026-07-14,2026-07-16,2026-07-20,2026-07-22,2026-07-22,Authorization,Standard,PAY-03,TM-04,TM-04,Closed,Overturned,7,Yes,No,No,0,0,RC-08,Yes,9.0,1,2,4,2.0,0.0,No,0,Low friction
APL-2026-002378,2026-09-16,2026-09-18,2026-09-21,2026-09-21,2026-09-25,2026-09-25,Clinical,Standard,PAY-03,TM-07,TM-07,Closed,Overturned,14,Yes,No,No,0,0,RC-01,Yes,9.0,2,3,0,4.0,0.0,Yes,0,Low friction
APL-2026-003557,2026-06-26,2026-06-29,2026-07-01,2026-07-02,2026-07-03,2026-07-03,Clinical,Low,PAY-03,TM-07,TM-07,Closed,Upheld,14,Yes,No,No,0,0,RC-06,Yes,7.0,3,2,1,1.0,0.0,Yes,0,Low friction
APL-2026-003089,2026-09-20,2026-09-20,2026-09-20,2026-09-21,,,Clinical,Low,PAY-01,TM-02,TM-02,In Review,,14,No,No,No,0,11,RC-12,Yes,,0,0,1,,,,45,High friction
APL-2026-002398,2026-09-23,2026-09-23,2026-09-24,2026-09-29,,,Clinical,Standard,PAY-03,TM-07,TM-07,Pending Information,,14,Yes,No,No,0,0,RC-03,Yes,,0,1,5,,,,0,Low friction
APL-2026-002722,2026-03-07,2026-03-07,2026-03-11,2026-03-13,2026-03-20,2026-03-27,Pharmacy,Standard,PAY-05,TM-05,TM-02,Closed,Overturned,7,Yes,No,No,1,0,RC-07,No,20.0,0,4,2,7.0,7.0,No,40,High friction
APL-2026-002033,2026-02-15,2026-02-16,2026-02-16,2026-02-17,2026-03-10,2026-03-11,Clinical,Low,PAY-06,TM-07,TM-07,Closed,Upheld,14,No,Yes,No,0,9,RC-14,Yes,24.0,1,0,1,21.0,1.0,No,45,High friction
APL-2026-000320,2026-06-11,2026-06-11,2026-06-12,2026-06-15,2026-06-16,2026-06-16,Clinical,Standard,PAY-05,TM-03,TM-03,Closed,Upheld,14,Yes,No,No,0,0,RC-10,Yes,5.0,0,1,3,1.0,0.0,Yes,0,Low friction
APL-2026-000516,2026-05-09,2026-05-12,2026-05-13,2026-05-13,2026-06-01,2026-06-01,Authorization,Low,PAY-04,TM-04,TM-04,Closed,Partially Overturned,7,Yes,No,No,0,0,RC-13,Yes,23.0,3,1,0,19.0,0.0,No,0,Low friction
APL-2026-000511,2026-02-21,2026-02-21,2026-02-23,2026-02-26,2026-03-02,2026-03-03,Pharmacy,Standard,PAY-06,TM-05,TM-05,Closed,Upheld,7,Yes,No,No,0,0,RC-03,Yes,10.0,0,2,3,4.0,1.0,No,0,Low friction
APL-2026-002435,2026-07-29,2026-07-29,2026-07-31,2026-08-03,2026-08-18,2026-08-25,Administrative,Standard,PAY-04,TM-01,TM-04,Closed,Upheld,30,No,No,No,1,7,RC-04,No,27.0,0,2,3,15.0,7.0,Yes,85,Critical friction
APL-2026-002619,2026-03-18,2026-03-18,2026-03-19,2026-03-20,2026-04-06,2026-04-07,Clinical,Standard,PAY-02,TM-03,TM-03,Closed,Upheld,14,Yes,No,No,0,0,RC-15,Yes,20.0,0,1,1,17.0,1.0,No,0,Low friction
APL-2026-001770,2026-04-30,2026-05-01,2026-05-01,2026-05-05,2026-05-21,2026-05-22,Clinical,Standard,PAY-03,TM-07,TM-07,Closed,Upheld,14,No,No,No,0,7,RC-05,Yes,22.0,1,0,4,16.0,1.0,No,45,High friction
APL-2026-001955,2026-04-26,2026-04-26,2026-04-28,2026-04-29,2026-05-19,2026-05-21,Administrative,Urgent,PAY-05,TM-01,TM-05,Closed,Partially Overturned,7,Yes,No,Yes,3,0,RC-01,No,25.0,0,2,1,20.0,2.0,No,65,Critical friction
APL-2026-003187,2026-01-05,2026-01-05,2026-01-07,2026-01-09,2026-01-16,2026-01-16,Administrative,Standard,PAY-05,TM-01,TM-01,Closed,Partially Overturned,30,No,No,No,0,2,RC-12,Yes,11.0,0,2,2,7.0,0.0,Yes,25,Moderate friction
APL-2026-002436,2026-06-20,2026-06-20,2026-06-22,2026-06-22,2026-06-30,2026-07-02,Pharmacy,Standard,PAY-02,TM-05,TM-05,Closed,Upheld,7,No,No,No,0,5,RC-01,Yes,12.0,0,2,0,8.0,2.0,No,25,Moderate friction
APL-2026-003189,2026-07-20,2026-07-20,2026-07-22,2026-07-22,2026-08-05,2026-08-05,Administrative,Standard,PAY-07,TM-01,TM-05,Closed,Overturned,30,No,No,No,3,1,RC-09,No,16.0,0,2,0,14.0,0.0,Yes,75,Critical friction
APL-2026-002484,2026-04-22,2026-04-23,2026-04-29,2026-04-30,2026-06-04,2026-06-11,Administrative,Standard,PAY-03,TM-07,TM-05,Closed,Upheld,30,No,Yes,Yes,1,14,RC-04,No,50.0,1,6,1,35.0,7.0,No,100,Critical friction
APL-2026-001212,2026-02-25,2026-02-25,2026-02-27,2026-02-27,2026-03-17,2026-03-17,Clinical,Standard,PAY-07,TM-03,TM-08,Closed,Upheld,14,Yes,Yes,No,1,0,RC-14,Yes,20.0,0,2,0,18.0,0.0,No,10,Low friction
APL-2026-000356,2026-06-03,2026-06-05,2026-06-10,2026-06-10,2026-07-08,2026-07-10,Claims Payment,Standard,PAY-01,TM-01,TM-05,Closed,Upheld,30,No,No,Yes,1,11,RC-01,No,37.0,2,5,0,28.0,2.0,No,90,Critical friction
APL-2026-001898,2026-01-09,2026-01-12,2026-01-16,2026-01-16,2026-01-23,2026-01-30,Clinical,Low,PAY-04,TM-03,TM-07,Closed,Overturned,14,Yes,No,No,1,0,RC-05,No,21.0,3,4,0,7.0,7.0,No,40,High friction
APL-2026-001075,2026-06-14,2026-06-16,2026-06-18,2026-06-18,2026-06-30,2026-06-30,Pharmacy,Urgent,PAY-03,TM-05,TM-05,Closed,Upheld,7,No,Yes,No,0,1,RC-12,Yes,16.0,2,2,0,12.0,0.0,No,25,Moderate friction
APL-2026-003441,2026-05-05,2026-05-05,2026-05-06,2026-05-07,2026-05-22,2026-05-22,Clinical,Urgent,PAY-03,TM-07,TM-02,Closed,Upheld,7,No,No,No,1,2,RC-09,Yes,17.0,0,1,1,15.0,0.0,No,35,Moderate friction
APL-2026-003383,2026-03-17,2026-03-18,2026-03-20,2026-03-24,2026-03-25,2026-03-27,Administrative,Standard,PAY-05,TM-01,TM-01,Closed,Overturned,30,Yes,No,No,0,0,RC-14,Yes,10.0,1,2,4,1.0,2.0,Yes,0,Low friction
APL-2026-000063,2026-02-11,2026-02-12,2026-02-12,2026-02-13,2026-02-17,2026-02-17,Pharmacy,Standard,PAY-07,TM-05,TM-05,Closed,Partially Overturned,7,Yes,No,No,0,0,RC-09,Yes,6.0,1,0,1,4.0,0.0,Yes,0,Low friction
APL-2026-000062,2026-04-27,2026-04-28,2026-04-28,2026-04-29,2026-05-20,2026-05-20,Clinical,Low,PAY-02,TM-02,TM-02,Closed,Upheld,14,No,No,Yes,0,8,RC-05,Yes,23.0,1,0,1,21.0,0.0,No,60,Critical friction
APL-2026-003682,2026-02-27,2026-02-27,2026-03-02,2026-03-02,2026-03-16,2026-03-17,Authorization,Standard,PAY-01,TM-04,TM-02,Closed,Overturned,7,Yes,No,Yes,1,0,RC-01,Yes,18.0,0,3,0,14.0,1.0,No,25,Moderate friction
APL-2026-002869,2026-05-30,2026-05-30,2026-06-02,2026-06-05,2026-06-09,2026-06-10,Claims Payment,Standard,PAY-07,TM-01,TM-01,Closed,Overturned,30,Yes,No,No,0,0,RC-05,Yes,11.0,0,3,3,4.0,1.0,Yes,0,Low friction
APL-2026-002400,2026-09-22,2026-09-22,2026-09-25,2026-09-28,,,Administrative,Low,PAY-03,TM-07,TM-06,Escalated,,30,No,No,No,1,7,RC-04,No,,0,3,3,,,,75,Critical friction
APL-2026-001625,2026-09-16,2026-09-17,2026-09-18,2026-09-22,2026-09-28,2026-09-29,Authorization,Standard,PAY-05,TM-04,TM-04,Closed,Overturned,7,Yes,No,No,0,0,RC-05,Yes,13.0,1,1,4,6.0,1.0,No,0,Low friction
APL-2026-000616,2026-03-13,2026-03-13,2026-03-13,2026-03-13,2026-03-26,2026-03-26,Clinical,Standard,PAY-03,TM-07,TM-07,Closed,Partially Overturned,14,Yes,No,No,0,0,RC-01,Yes,13.0,0,0,0,13.0,0.0,Yes,0,Low friction
APL-2026-001029,2026-08-11,2026-08-13,2026-08-13,2026-08-13,2026-08-19,2026-08-20,Authorization,Standard,PAY-03,TM-04,TM-04,Closed,Upheld,7,Yes,No,No,0,0,RC-08,Yes,9.0,2,0,0,6.0,1.0,No,0,Low friction
APL-2026-000900,2026-08-03,2026-08-05,2026-08-07,2026-08-10,2026-08-27,2026-08-28,Claims Payment,Standard,PAY-02,TM-01,TM-04,Closed,Upheld,30,No,No,No,1,6,RC-01,No,25.0,2,2,3,17.0,1.0,Yes,75,Critical friction
APL-2026-002649,2026-03-22,2026-03-23,2026-03-25,2026-03-26,2026-04-09,2026-04-09,Administrative,Standard,PAY-04,TM-01,TM-01,Closed,Upheld,30,No,No,Yes,0,6,RC-01,Yes,18.0,1,2,1,14.0,0.0,Yes,60,Critical friction
APL-2026-001999,2026-05-01,2026-05-01,2026-05-07,2026-05-11,2026-05-20,2026-05-20,Authorization,Standard,PAY-05,TM-04,TM-08,Closed,Partially Overturned,7,Yes,No,No,1,0,RC-01,Yes,19.0,0,6,4,9.0,0.0,No,10,Low friction
APL-2026-003753,2026-04-05,2026-04-05,2026-04-05,2026-04-06,2026-04-16,2026-04-16,Clinical,Standard,PAY-03,TM-07,TM-07,Closed,Upheld,14,No,Yes,No,0,4,RC-01,Yes,11.0,0,0,1,10.0,0.0,Yes,25,Moderate friction
APL-2026-001829,2026-02-07,2026-02-09,2026-02-09,2026-02-09,2026-02-19,2026-02-20,Clinical,Standard,PAY-01,TM-02,TM-02,Closed,Overturned,14,Yes,Yes,No,0,0,RC-12,Yes,13.0,2,0,0,10.0,1.0,Yes,0,Low friction
APL-2026-003316,2026-04-28,2026-04-29,2026-04-30,2026-05-01,2026-05-22,2026-05-26,Pharmacy,Standard,PAY-02,TM-05,TM-05,Closed,Upheld,7,No,No,No,0,13,RC-07,Yes,28.0,1,1,1,21.0,4.0,No,55,High friction
APL-2026-000824,2026-07-05,2026-07-06,2026-07-08,2026-07-10,2026-07-17,2026-07-17,Authorization,Urgent,PAY-03,TM-04,TM-04,Closed,Overturned,7,Yes,No,No,0,0,RC-10,Yes,12.0,1,2,2,7.0,0.0,No,0,Low friction
APL-2026-001902,2026-08-22,2026-08-22,2026-08-25,2026-08-26,2026-09-07,2026-09-14,Clinical,Standard,PAY-01,TM-02,TM-02,Closed,Upheld,14,Yes,No,No,0,0,RC-06,Yes,23.0,0,3,1,12.0,7.0,No,10,Low friction
APL-2026-000591,2026-02-13,2026-02-16,2026-02-17,2026-02-18,2026-02-19,2026-02-19,Administrative,Standard,PAY-01,TM-01,TM-01,Closed,Overturned,30,Yes,No,No,0,0,RC-06,Yes,6.0,3,1,1,1.0,0.0,Yes,0,Low friction
APL-2026-003328,2026-01-12,2026-01-12,2026-01-15,2026-01-20,2026-02-05,2026-02-05,Administrative,Standard,PAY-05,TM-01,TM-06,Closed,Upheld,30,Yes,No,No,1,0,RC-01,No,24.0,0,3,5,16.0,0.0,Yes,30,Moderate friction
APL-2026-003549,2026-01-15,2026-01-19,2026-01-20,2026-01-22,2026-01-23,2026-01-23,Pharmacy,Standard,PAY-01,TM-05,TM-05,Closed,Upheld,7,Yes,No,No,0,0,RC-01,Yes,8.0,4,1,2,1.0,0.0,No,0,Low friction
APL-2026-002465,2026-05-31,2026-06-02,2026-06-03,2026-06-04,2026-06-16,2026-06-17,Authorization,Standard,PAY-07,TM-04,TM-04,Closed,Upheld,7,Yes,No,No,0,0,RC-05,Yes,17.0,2,1,1,12.0,1.0,No,0,Low friction
APL-2026-001108,2026-08-21,2026-08-24,2026-08-25,2026-08-25,2026-08-27,2026-08-28,Clinical,Standard,PAY-04,TM-03,TM-03,Closed,Upheld,14,Yes,No,No,0,0,RC-07,Yes,7.0,3,1,0,2.0,1.0,Yes,0,Low friction
APL-2026-001537,2026-07-16,2026-07-20,2026-07-21,2026-07-21,2026-08-13,2026-08-13,Administrative,Standard,PAY-04,TM-01,TM-01,Closed,Upheld,30,No,No,Yes,0,9,RC-10,Yes,28.0,4,1,0,23.0,0.0,Yes,60,Critical friction
APL-2026-001827,2026-09-06,2026-09-07,2026-09-07,2026-09-08,2026-09-11,2026-09-14,Authorization,Low,PAY-02,TM-04,TM-04,Closed,Upheld,7,Yes,No,No,0,0,RC-14,Yes,8.0,1,0,1,3.0,3.0,No,10,Low friction
APL-2026-002009,2026-09-26,2026-09-26,2026-09-29,2026-10-01,,,Authorization,Standard,PAY-01,TM-04,TM-04,Escalated,,7,Yes,Yes,No,0,0,RC-12,Yes,,0,3,2,,,,0,Low friction
APL-2026-003451,2026-02-12,2026-02-12,2026-02-16,2026-02-17,2026-02-20,2026-02-23,Claims Payment,Standard,PAY-01,TM-01,TM-01,Closed,Upheld,30,Yes,No,No,0,0,RC-07,Yes,11.0,0,4,1,3.0,3.0,Yes,10,Low friction
APL-2026-003008,2026-02-09,2026-02-09,2026-02-10,2026-02-10,2026-02-16,2026-02-16,Authorization,Standard,PAY-05,TM-04,TM-04,Closed,Overturned,7,Yes,No,No,0,0,RC-12,Yes,7.0,0,1,0,6.0,0.0,Yes,0,Low friction
APL-2026-002265,2026-04-21,2026-04-21,2026-04-23,2026-04-24,2026-05-05,2026-05-06,Clinical,Standard,PAY-04,TM-03,TM-02,Closed,Partially Overturned,14,Yes,No,No,1,0,RC-01,Yes,15.0,0,2,1,11.0,1.0,No,10,Low friction
APL-2026-000670,2026-03-31,2026-03-31,2026-04-01,2026-04-06,2026-04-10,2026-04-10,Clinical,Urgent,PAY-03,TM-07,TM-07,Closed,Upheld,7,Yes,No,No,0,0,RC-09,Yes,10.0,0,1,5,4.0,0.0,No,0,Low friction
APL-2026-003944,2026-08-30,2026-08-30,2026-09-08,2026-09-09,2026-09-18,2026-09-25,Clinical,Standard,PAY-05,TM-03,TM-08,Closed,Overturned,14,Yes,No,No,2,0,RC-15,No,26.0,0,9,1,9.0,7.0,No,50,High friction
APL-2026-002405,2026-02-28,2026-03-02,2026-03-02,2026-03-04,2026-03-17,2026-03-24,Administrative,Standard,PAY-04,TM-01,TM-01,Closed,Upheld,30,No,No,No,0,6,RC-03,Yes,24.0,2,0,2,13.0,7.0,Yes,55,High friction
APL-2026-000401,2026-05-13,2026-05-13,2026-05-19,2026-05-19,2026-06-01,2026-06-02,Clinical,Low,PAY-02,TM-02,TM-02,Closed,Overturned,14,Yes,No,No,0,0,RC-15,Yes,20.0,0,6,0,13.0,1.0,No,0,Low friction
APL-2026-002905,2026-06-04,2026-06-08,2026-06-12,2026-06-12,2026-06-17,2026-06-17,Clinical,Urgent,PAY-02,TM-02,TM-02,Closed,Partially Overturned,7,Yes,No,No,0,0,RC-06,Yes,13.0,4,4,0,5.0,0.0,No,0,Low friction
APL-2026-001080,2026-01-16,2026-01-16,2026-01-19,2026-01-20,2026-01-28,2026-01-29,Clinical,Urgent,PAY-02,TM-02,TM-02,Closed,Upheld,7,Yes,No,No,0,0,RC-03,Yes,13.0,0,3,1,8.0,1.0,No,0,Low friction
APL-2026-000614,2026-09-10,2026-09-10,2026-09-10,2026-09-10,2026-09-15,2026-09-15,Clinical,Low,PAY-01,TM-02,TM-02,Closed,Upheld,14,Yes,No,No,0,0,RC-04,Yes,5.0,0,0,0,5.0,0.0,Yes,0,Low friction
APL-2026-002097,2026-07-18,2026-07-20,2026-07-20,2026-07-21,2026-08-04,2026-08-06,Clinical,Urgent,PAY-06,TM-07,TM-07,Closed,Upheld,7,Yes,No,No,0,0,RC-04,Yes,19.0,2,0,1,14.0,2.0,No,0,Low friction
APL-2026-002938,2026-05-16,2026-05-18,2026-05-18,2026-05-18,2026-05-25,2026-05-26,Clinical,Low,PAY-07,TM-03,TM-03,Closed,Upheld,14,No,No,No,0,1,RC-01,Yes,10.0,2,0,0,7.0,1.0,Yes,25,Moderate friction
APL-2026-002566,2026-09-18,2026-09-18,2026-09-21,2026-09-22,2026-09-25,2026-09-28,Authorization,Standard,PAY-05,TM-04,TM-04,Closed,Upheld,7,Yes,No,No,0,0,RC-01,Yes,10.0,0,3,1,3.0,3.0,No,10,Low friction
APL-2026-000505,2026-09-03,2026-09-03,2026-09-04,2026-09-08,2026-09-09,2026-09-10,Pharmacy,Low,PAY-04,TM-05,TM-05,Closed,Partially Overturned,7,Yes,No,No,0,0,RC-06,Yes,7.0,0,1,4,1.0,1.0,Yes,0,Low friction
APL-2026-000228,2026-06-13,2026-06-15,2026-06-19,2026-06-19,2026-06-26,2026-06-26,Administrative,Standard,PAY-02,TM-01,TM-03,Closed,Upheld,30,No,Yes,No,1,0,RC-04,No,13.0,2,4,0,7.0,0.0,Yes,55,High friction
APL-2026-002803,2026-01-09,2026-01-09,2026-01-12,2026-01-14,2026-01-21,2026-01-23,Clinical,Urgent,PAY-01,TM-03,TM-03,Closed,Upheld,7,No,No,No,0,3,RC-12,Yes,14.0,0,3,2,7.0,2.0,No,25,Moderate friction
APL-2026-000246,2026-03-04,2026-03-04,2026-03-05,2026-03-10,2026-03-16,2026-03-16,Administrative,Standard,PAY-01,TM-01,TM-01,Closed,Upheld,30,Yes,No,No,0,0,RC-05,Yes,12.0,0,1,5,6.0,0.0,Yes,0,Low friction
APL-2026-003462,2026-08-19,2026-08-19,2026-08-21,2026-08-21,2026-09-04,2026-09-07,Claims Payment,Standard,PAY-05,TM-01,TM-06,Closed,Partially Overturned,30,No,No,No,1,7,RC-14,No,19.0,0,2,0,14.0,3.0,Yes,85,Critical friction
APL-2026-001587,2026-06-08,2026-06-08,2026-06-10,2026-06-15,2026-06-30,2026-07-01,Clinical,Standard,PAY-02,TM-03,TM-05,Closed,Upheld,14,Yes,No,Yes,3,0,RC-01,No,23.0,0,2,5,15.0,1.0,No,65,Critical friction
APL-2026-000375,2026-06-18,2026-06-18,2026-06-24,2026-06-24,2026-06-25,2026-06-26,Administrative,Standard,PAY-04,TM-01,TM-01,Closed,Overturned,30,Yes,No,No,0,0,RC-06,Yes,8.0,0,6,0,1.0,1.0,Yes,0,Low friction
APL-2026-001880,2026-03-03,2026-03-03,2026-03-04,2026-03-05,2026-03-10,2026-03-11,Administrative,Standard,PAY-05,TM-01,TM-01,Closed,Overturned,30,Yes,No,No,0,0,RC-09,Yes,8.0,0,1,1,5.0,1.0,Yes,0,Low friction
APL-2026-002012,2026-01-15,2026-01-19,2026-01-20,2026-01-20,2026-01-27,2026-01-27,Authorization,Standard,PAY-04,TM-04,TM-02,Closed,Upheld,7,Yes,No,No,1,0,RC-01,Yes,12.0,4,1,0,7.0,0.0,No,10,Low friction
APL-2026-003258,2026-09-02,2026-09-02,2026-09-03,2026-09-07,2026-09-09,2026-09-11,Clinical,Standard,PAY-04,TM-02,TM-02,Closed,Overturned,14,Yes,No,No,0,0,RC-06,Yes,9.0,0,1,4,2.0,2.0,Yes,0,Low friction
APL-2026-003166,2026-03-13,2026-03-16,2026-03-16,2026-03-18,2026-04-03,2026-04-03,Clinical,Standard,PAY-01,TM-03,TM-06,Closed,Upheld,14,Yes,Yes,No,1,0,RC-07,Yes,21.0,3,0,2,16.0,0.0,No,10,Low friction
APL-2026-001757,2026-03-17,2026-03-17,2026-03-23,2026-03-26,2026-04-07,2026-04-07,Administrative,Standard,PAY-03,TM-07,TM-07,Closed,Upheld,30,No,No,No,0,0,RC-12,Yes,21.0,0,6,3,12.0,0.0,Yes,25,Moderate friction
APL-2026-001523,2026-04-13,2026-04-14,2026-04-16,2026-04-20,2026-04-21,2026-04-21,Administrative,Standard,PAY-02,TM-01,TM-01,Closed,Upheld,30,No,No,No,0,0,RC-01,Yes,8.0,1,2,4,1.0,0.0,Yes,25,Moderate friction
APL-2026-000647,2026-07-02,2026-07-03,2026-07-09,2026-07-14,2026-07-16,2026-07-16,Administrative,Standard,PAY-02,TM-01,TM-01,Closed,Partially Overturned,30,Yes,No,No,0,0,RC-08,Yes,14.0,1,6,5,2.0,0.0,Yes,0,Low friction
APL-2026-002126,2026-01-15,2026-01-16,2026-01-20,2026-01-20,2026-02-05,2026-02-06,Pharmacy,Standard,PAY-07,TM-05,TM-05,Closed,Overturned,7,Yes,No,No,0,0,RC-06,Yes,22.0,1,4,0,16.0,1.0,No,0,Low friction
APL-2026-001436,2026-03-24,2026-03-24,2026-03-25,2026-03-30,2026-04-02,2026-04-02,Authorization,Urgent,PAY-03,TM-04,TM-01,Closed,Overturned,7,Yes,No,No,1,0,RC-15,Yes,9.0,0,1,5,3.0,0.0,No,10,Low friction
APL-2026-003615,2026-03-05,2026-03-06,2026-03-10,2026-03-13,2026-04-01,2026-04-02,Claims Payment,Standard,PAY-03,TM-07,TM-07,Closed,Upheld,30,Yes,No,No,0,0,RC-07,Yes,28.0,1,4,3,19.0,1.0,Yes,0,Low friction
APL-2026-003586,2026-08-22,2026-08-24,2026-08-25,2026-08-27,2026-09-11,2026-09-14,Pharmacy,Low,PAY-03,TM-05,TM-01,Closed,Overturned,7,No,Yes,No,1,3,RC-04,No,23.0,2,1,2,15.0,3.0,No,65,Critical friction
APL-2026-003789,2026-04-01,2026-04-03,2026-04-06,2026-04-09,2026-04-15,2026-04-16,Authorization,Standard,PAY-05,TM-04,TM-04,Closed,Overturned,7,Yes,No,No,0,0,RC-04,Yes,15.0,2,3,3,6.0,1.0,No,0,Low friction
APL-2026-000756,2026-07-29,2026-07-29,2026-07-29,2026-08-03,2026-08-10,2026-08-10,Authorization,Standard,PAY-06,TM-04,TM-04,Closed,Partially Overturned,7,Yes,No,No,0,0,RC-01,Yes,12.0,0,0,5,7.0,0.0,No,0,Low friction
APL-2026-001456,2026-01-02,2026-01-02,2026-01-02,2026-01-05,2026-01-27,2026-01-27,Administrative,Urgent,PAY-01,TM-01,TM-01,Closed,Overturned,7,Yes,No,No,0,0,RC-02,Yes,25.0,0,0,3,22.0,0.0,No,0,Low friction
APL-2026-001492,2026-06-29,2026-06-30,2026-06-30,2026-07-03,2026-07-17,2026-07-24,Authorization,Standard,PAY-02,TM-04,TM-04,Closed,Upheld,7,No,Yes,No,0,3,RC-09,Yes,25.0,1,0,3,14.0,7.0,No,35,Moderate friction
APL-2026-000903,2026-01-18,2026-01-18,2026-01-20,2026-01-22,2026-01-23,2026-01-27,Clinical,Standard,PAY-04,TM-03,TM-03,Closed,Overturned,14,Yes,No,No,0,0,RC-03,Yes,9.0,0,2,2,1.0,4.0,Yes,10,Low friction
APL-2026-001732,2026-06-14,2026-06-14,2026-06-14,2026-06-14,2026-06-16,2026-06-18,Clinical,Standard,PAY-03,TM-07,TM-07,Closed,Upheld,14,Yes,No,No,0,0,RC-04,Yes,4.0,0,0,0,2.0,2.0,Yes,0,Low friction
APL-2026-003073,2026-06-07,2026-06-09,2026-06-16,2026-06-16,2026-06-29,2026-07-01,Authorization,Standard,PAY-02,TM-04,TM-05,Closed,Upheld,7,Yes,No,No,1,0,RC-04,No,24.0,2,7,0,13.0,2.0,No,30,Moderate friction
APL-2026-000803,2026-04-25,2026-04-28,2026-04-28,2026-04-28,2026-05-01,2026-05-01,Administrative,Urgent,PAY-01,TM-01,TM-08,Closed,Partially Overturned,7,Yes,No,No,1,0,RC-15,Yes,6.0,3,0,0,3.0,0.0,Yes,10,Low friction
APL-2026-001388,2026-09-04,2026-09-04,2026-09-04,2026-09-09,,,Administrative,Standard,PAY-01,TM-01,TM-01,Escalated,,30,No,Yes,No,0,13,RC-05,Yes,,0,0,5,,,,45,High friction
APL-2026-002885,2026-03-21,2026-03-21,2026-03-23,2026-03-25,2026-03-27,2026-03-27,Administrative,Standard,PAY-02,TM-01,TM-01,Closed,Upheld,30,Yes,No,No,0,0,RC-06,Yes,6.0,0,2,2,2.0,0.0,Yes,0,Low friction
APL-2026-003700,2026-07-30,2026-07-30,2026-08-03,2026-08-03,2026-08-06,2026-08-06,Clinical,Standard,PAY-02,TM-02,TM-02,Closed,Overturned,14,Yes,No,No,0,0,RC-08,Yes,7.0,0,4,0,3.0,0.0,Yes,0,Low friction
APL-2026-003158,2026-09-12,2026-09-12,2026-09-14,2026-09-14,2026-09-23,2026-09-23,Authorization,Standard,PAY-01,TM-04,TM-04,Closed,Upheld,7,Yes,No,No,0,0,RC-01,Yes,11.0,0,2,0,9.0,0.0,No,0,Low friction
APL-2026-000752,2026-06-27,2026-06-30,2026-07-02,2026-07-03,2026-07-14,2026-07-16,Pharmacy,Standard,PAY-01,TM-05,TM-01,Closed,Partially Overturned,7,Yes,No,Yes,1,0,RC-03,Yes,19.0,3,2,1,11.0,2.0,No,25,Moderate friction
APL-2026-000379,2026-07-23,2026-07-24,2026-07-28,2026-07-31,2026-08-05,2026-08-05,Clinical,Urgent,PAY-02,TM-03,TM-03,Closed,Upheld,7,No,Yes,No,0,0,RC-12,Yes,13.0,1,4,3,5.0,0.0,No,25,Moderate friction
APL-2026-001612,2026-05-21,2026-05-21,2026-05-25,2026-05-27,2026-05-29,2026-05-29,Clinical,Low,PAY-01,TM-02,TM-02,Closed,Upheld,14,Yes,Yes,No,0,0,RC-11,Yes,8.0,0,4,2,2.0,0.0,Yes,0,Low friction
APL-2026-003605,2026-06-28,2026-06-28,2026-06-30,2026-07-01,2026-07-07,2026-07-07,Authorization,Standard,PAY-04,TM-04,TM-04,Closed,Upheld,7,Yes,No,No,0,0,RC-06,Yes,9.0,0,2,1,6.0,0.0,No,0,Low friction
APL-2026-000606,2026-03-21,2026-03-23,2026-03-25,2026-03-27,2026-04-13,2026-04-14,Administrative,Low,PAY-01,TM-01,TM-03,Closed,Upheld,30,No,No,No,1,7,RC-05,No,24.0,2,2,2,17.0,1.0,Yes,75,Critical friction
APL-2026-000290,2026-05-21,2026-05-25,2026-05-26,2026-05-29,2026-06-11,2026-06-12,Administrative,Standard,PAY-02,TM-01,TM-01,Closed,Overturned,30,Yes,No,No,0,0,RC-03,Yes,22.0,4,1,3,13.0,1.0,Yes,0,Low friction
APL-2026-001272,2026-08-14,2026-08-17,2026-08-17,2026-08-20,2026-08-21,2026-08-21,Clinical,Standard,PAY-03,TM-07,TM-07,Closed,Overturned,14,Yes,No,No,0,0,RC-02,Yes,7.0,3,0,3,1.0,0.0,Yes,0,Low friction
APL-2026-000567,2026-03-23,2026-03-23,2026-03-26,2026-03-30,2026-04-09,2026-04-13,Authorization,Standard,PAY-06,TM-04,TM-08,Closed,Upheld,7,Yes,No,No,2,0,RC-06,No,21.0,0,3,4,10.0,4.0,No,50,High friction
APL-2026-000980,2026-05-19,2026-05-19,2026-05-25,2026-05-26,2026-05-29,2026-06-01,Authorization,Standard,PAY-03,TM-04,TM-04,Closed,Partially Overturned,7,Yes,No,No,0,0,RC-06,Yes,13.0,0,6,1,3.0,3.0,No,10,Low friction
APL-2026-002425,2026-03-11,2026-03-13,2026-03-17,2026-03-17,2026-03-27,2026-03-27,Clinical,Standard,PAY-01,TM-03,TM-03,Closed,Upheld,14,Yes,No,No,0,0,RC-07,Yes,16.0,2,4,0,10.0,0.0,No,0,Low friction
APL-2026-003471,2026-02-05,2026-02-09,2026-02-10,2026-02-10,2026-02-16,2026-02-18,Claims Payment,Standard,PAY-07,TM-01,TM-01,Closed,Upheld,30,No,No,No,0,2,RC-01,Yes,13.0,4,1,0,6.0,2.0,Yes,25,Moderate friction
APL-2026-002844,2026-01-07,2026-01-07,2026-01-13,2026-01-14,2026-01-15,2026-01-15,Clinical,Standard,PAY-01,TM-03,TM-03,Closed,Overturned,14,No,No,No,0,0,RC-05,Yes,8.0,0,6,1,1.0,0.0,Yes,25,Moderate friction
APL-2026-002037,2026-08-12,2026-08-14,2026-08-17,2026-08-18,2026-08-26,2026-08-27,Clinical,Low,PAY-03,TM-07,TM-07,Closed,Upheld,14,Yes,Yes,No,0,0,RC-09,Yes,15.0,2,3,1,8.0,1.0,No,0,Low friction
APL-2026-000298,2026-01-16,2026-01-16,2026-01-16,2026-01-16,2026-01-27,2026-01-27,Clinical,Standard,PAY-02,TM-02,TM-02,Closed,Upheld,14,Yes,No,No,0,0,RC-02,Yes,11.0,0,0,0,11.0,0.0,Yes,0,Low friction
APL-2026-002476,2026-06-09,2026-06-11,2026-06-17,2026-06-18,2026-06-23,2026-06-24,Administrative,Standard,PAY-01,TM-01,TM-03,Closed,Upheld,30,No,No,No,1,0,RC-01,Yes,15.0,2,6,1,5.0,1.0,Yes,35,Moderate friction
APL-2026-003746,2026-09-04,2026-09-07,2026-09-07,2026-09-09,2026-09-10,2026-09-10,Authorization,Standard,PAY-06,TM-04,TM-04,Closed,Upheld,7,Yes,No,No,0,0,RC-01,Yes,6.0,3,0,2,1.0,0.0,Yes,0,Low friction
APL-2026-002899,2026-02-03,2026-02-03,2026-02-03,2026-02-04,2026-02-06,2026-02-06,Administrative,Standard,PAY-02,TM-01,TM-01,Closed,Overturned,30,Yes,No,No,0,0,RC-08,Yes,3.0,0,0,1,2.0,0.0,Yes,0,Low friction
APL-2026-002514,2026-04-20,2026-04-20,2026-04-21,2026-04-24,2026-04-29,2026-04-30,Administrative,Standard,PAY-04,TM-01,TM-01,Closed,Partially Overturned,30,Yes,No,No,0,0,RC-03,Yes,10.0,0,1,3,5.0,1.0,Yes,0,Low friction
APL-2026-002317,2026-08-21,2026-08-21,2026-08-21,2026-08-21,2026-08-26,2026-08-27,Administrative,Low,PAY-03,TM-07,TM-07,Closed,Upheld,30,Yes,No,No,0,0,RC-01,Yes,6.0,0,0,0,5.0,1.0,Yes,0,Low friction
APL-2026-003159,2026-08-08,2026-08-10,2026-08-11,2026-08-12,2026-08-17,2026-08-17,Administrative,Standard,PAY-02,TM-01,TM-01,Closed,Overturned,30,Yes,No,No,0,0,RC-06,Yes,9.0,2,1,1,5.0,0.0,Yes,0,Low friction
APL-2026-002469,2026-02-07,2026-02-10,2026-02-10,2026-02-12,2026-02-18,2026-02-18,Authorization,Standard,PAY-04,TM-04,TM-04,Closed,Upheld,7,Yes,No,No,0,0,RC-04,Yes,11.0,3,0,2,6.0,0.0,No,0,Low friction
APL-2026-002622,2026-05-04,2026-05-04,2026-05-04,2026-05-04,2026-05-12,2026-05-13,Pharmacy,Standard,PAY-04,TM-05,TM-07,Closed,Upheld,7,No,No,No,1,0,RC-07,Yes,9.0,0,0,0,8.0,1.0,No,35,Moderate friction
APL-2026-000725,2026-05-18,2026-05-18,2026-05-22,2026-05-25,2026-06-09,2026-06-09,Authorization,Standard,PAY-04,TM-04,TM-04,Closed,Upheld,7,Yes,No,No,0,0,RC-05,Yes,22.0,0,4,3,15.0,0.0,No,0,Low friction
APL-2026-000483,2026-05-03,2026-05-04,2026-05-05,2026-05-06,2026-05-19,2026-05-21,Authorization,Standard,PAY-04,TM-04,TM-04,Closed,Upheld,7,No,Yes,No,0,4,RC-01,Yes,18.0,1,1,1,13.0,2.0,No,25,Moderate friction
APL-2026-001504,2026-06-28,2026-06-28,2026-06-28,2026-06-28,2026-07-02,2026-07-02,Pharmacy,Low,PAY-05,TM-05,TM-05,Closed,Partially Overturned,7,Yes,No,Yes,0,0,RC-05,Yes,4.0,0,0,0,4.0,0.0,Yes,15,Low friction
APL-2026-003575,2026-04-08,2026-04-09,2026-04-09,2026-04-10,2026-04-20,2026-04-20,Authorization,Standard,PAY-01,TM-04,TM-04,Closed,Upheld,7,No,No,No,0,5,RC-01,Yes,12.0,1,0,1,10.0,0.0,No,25,Moderate friction
APL-2026-000962,2026-09-30,2026-09-30,2026-10-01,2026-10-02,,,Administrative,Standard,PAY-04,TM-01,TM-01,Pending Information,,30,Yes,No,No,0,0,RC-10,Yes,,0,1,1,,,,0,Low friction
APL-2026-003857,2026-01-23,2026-01-27,2026-02-02,2026-02-03,2026-02-13,2026-02-13,Authorization,Urgent,PAY-04,TM-04,TM-04,Closed,Upheld,7,No,No,No,0,5,RC-14,Yes,21.0,4,6,1,10.0,0.0,No,25,Moderate friction
APL-2026-003529,2026-02-11,2026-02-11,2026-02-11,2026-02-11,2026-02-19,2026-02-20,Clinical,Standard,PAY-03,TM-07,TM-07,Closed,Overturned,14,Yes,No,Yes,0,0,RC-01,Yes,9.0,0,0,0,8.0,1.0,Yes,15,Low friction
APL-2026-001008,2026-08-21,2026-08-25,2026-08-25,2026-08-26,2026-09-04,2026-09-07,Clinical,Standard,PAY-03,TM-07,TM-07,Closed,Upheld,14,Yes,No,No,0,0,RC-10,Yes,17.0,4,0,1,9.0,3.0,No,10,Low friction
APL-2026-000555,2026-02-21,2026-02-24,2026-02-27,2026-02-27,2026-03-10,2026-03-10,Authorization,Low,PAY-04,TM-04,TM-05,Closed,Partially Overturned,7,Yes,No,No,1,0,RC-04,No,17.0,3,3,0,11.0,0.0,No,30,Moderate friction
APL-2026-002757,2026-09-25,2026-09-25,2026-09-29,2026-09-30,,,Clinical,Standard,PAY-06,TM-07,TM-07,Pending Information,,14,Yes,No,No,0,0,RC-07,Yes,,0,4,1,,,,0,Low friction
APL-2026-000911,2026-01-16,2026-01-19,2026-01-19,2026-01-19,2026-01-27,2026-01-27,Claims Payment,Urgent,PAY-02,TM-01,TM-01,Closed,Upheld,7,Yes,No,No,0,0,RC-01,Yes,11.0,3,0,0,8.0,0.0,No,0,Low friction
APL-2026-001777,2026-03-22,2026-03-22,2026-03-23,2026-03-24,2026-04-03,2026-04-03,Clinical,Urgent,PAY-02,TM-03,TM-03,Closed,Upheld,7,Yes,No,Yes,0,0,RC-03,Yes,12.0,0,1,1,10.0,0.0,No,15,Low friction
APL-2026-000638,2026-06-11,2026-06-11,2026-06-11,2026-06-11,2026-06-23,2026-06-23,Pharmacy,Standard,PAY-01,TM-05,TM-08,Closed,Overturned,7,Yes,No,No,1,0,RC-02,Yes,12.0,0,0,0,12.0,0.0,No,10,Low friction
APL-2026-001945,2026-07-29,2026-07-30,2026-07-31,2026-08-03,2026-08-14,2026-08-14,Pharmacy,Standard,PAY-05,TM-05,TM-02,Closed,Upheld,7,Yes,No,No,1,0,RC-09,Yes,16.0,1,1,3,11.0,0.0,No,10,Low friction
APL-2026-002521,2026-05-19,2026-05-19,2026-05-21,2026-05-26,2026-06-05,2026-06-12,Administrative,Standard,PAY-06,TM-07,TM-07,Closed,Upheld,30,No,Yes,No,0,5,RC-12,Yes,24.0,0,2,5,10.0,7.0,Yes,35,Moderate friction
APL-2026-002365,2026-08-23,2026-08-25,2026-08-25,2026-08-27,2026-09-02,2026-09-04,Claims Payment,Standard,PAY-01,TM-01,TM-01,Closed,Partially Overturned,30,Yes,No,No,0,0,RC-10,Yes,12.0,2,0,2,6.0,2.0,Yes,0,Low friction
APL-2026-001256,2026-02-21,2026-02-24,2026-02-24,2026-02-24,2026-02-25,2026-02-25,Clinical,Urgent,PAY-05,TM-03,TM-03,Closed,Upheld,7,Yes,No,No,0,0,RC-05,Yes,4.0,3,0,0,1.0,0.0,Yes,0,Low friction
APL-2026-002611,2026-06-16,2026-06-17,2026-06-18,2026-06-22,2026-07-02,2026-07-06,Authorization,Urgent,PAY-03,TM-04,TM-04,Closed,Upheld,7,No,No,No,0,4,RC-02,Yes,20.0,1,1,4,10.0,4.0,No,35,Moderate friction
APL-2026-000628,2026-02-10,2026-02-10,2026-02-11,2026-02-16,2026-02-20,2026-02-20,Clinical,Urgent,PAY-01,TM-03,TM-03,Closed,Overturned,7,Yes,No,No,0,0,RC-02,Yes,10.0,0,1,5,4.0,0.0,No,0,Low friction
APL-2026-000225,2026-09-25,2026-09-28,2026-09-28,2026-09-29,,,Clinical,Low,PAY-05,TM-03,TM-03,Escalated,,14,No,Yes,No,0,6,RC-12,Yes,,3,0,1,,,,45,High friction
APL-2026-001368,2026-05-19,2026-05-21,2026-05-22,2026-05-25,2026-06-25,2026-07-02,Authorization,Standard,PAY-04,TM-04,TM-04,Closed,Upheld,7,No,No,Yes,0,17,RC-08,Yes,44.0,2,1,3,31.0,7.0,No,70,Critical friction
APL-2026-002965,2026-01-09,2026-01-09,2026-01-13,2026-01-14,2026-01-15,2026-01-15,Administrative,Standard,PAY-02,TM-01,TM-01,Closed,Overturned,30,Yes,No,No,0,0,RC-05,Yes,6.0,0,4,1,1.0,0.0,Yes,0,Low friction
APL-2026-003716,2026-05-17,2026-05-18,2026-05-22,2026-05-25,2026-06-02,2026-06-04,Clinical,Urgent,PAY-02,TM-03,TM-03,Closed,Upheld,7,No,No,No,0,5,RC-04,Yes,18.0,1,4,3,8.0,2.0,No,25,Moderate friction
APL-2026-003448,2026-03-07,2026-03-07,2026-03-09,2026-03-11,2026-04-07,2026-04-09,Authorization,Standard,PAY-04,TM-04,TM-04,Closed,Upheld,7,No,Yes,No,0,13,RC-10,Yes,33.0,0,2,2,27.0,2.0,No,45,High friction
APL-2026-003239,2026-06-02,2026-06-02,2026-06-04,2026-06-05,2026-06-22,2026-06-23,Claims Payment,Urgent,PAY-02,TM-01,TM-01,Closed,Upheld,7,Yes,No,No,0,0,RC-09,Yes,21.0,0,2,1,17.0,1.0,No,0,Low friction
APL-2026-002258,2026-01-23,2026-01-23,2026-01-28,2026-02-02,2026-02-19,2026-02-20,Clinical,Standard,PAY-01,TM-03,TM-01,Closed,Partially Overturned,14,No,No,No,2,3,RC-05,No,28.0,0,5,5,17.0,1.0,No,65,Critical friction
APL-2026-001284,2026-07-03,2026-07-03,2026-07-03,2026-07-03,2026-07-17,2026-07-17,Clinical,Standard,PAY-05,TM-02,TM-02,Closed,Upheld,14,No,No,No,0,9,RC-02,Yes,14.0,0,0,0,14.0,0.0,Yes,45,High friction
APL-2026-002605,2026-02-08,2026-02-09,2026-02-11,2026-02-11,2026-02-19,2026-02-20,Administrative,Urgent,PAY-07,TM-01,TM-01,Closed,Upheld,7,No,No,No,0,4,RC-05,Yes,12.0,1,2,0,8.0,1.0,No,25,Moderate friction
APL-2026-003570,2026-01-26,2026-01-26,2026-01-28,2026-01-29,2026-02-05,2026-02-05,Authorization,Standard,PAY-01,TM-04,TM-03,Closed,Upheld,7,Yes,Yes,No,1,0,RC-02,No,10.0,0,2,1,7.0,0.0,No,30,Moderate friction
APL-2026-002430,2026-01-31,2026-02-02,2026-02-02,2026-02-04,2026-02-19,2026-02-20,Pharmacy,Standard,PAY-03,TM-05,TM-05,Closed,Upheld,7,Yes,No,No,0,0,RC-03,Yes,20.0,2,0,2,15.0,1.0,No,0,Low friction
APL-2026-000082,2026-05-07,2026-05-08,2026-05-08,2026-05-13,2026-06-12,2026-06-12,Clinical,Standard,PAY-02,TM-02,TM-02,Closed,Upheld,14,No,No,Yes,0,13,RC-07,Yes,36.0,1,0,5,30.0,0.0,No,60,Critical friction
APL-2026-000851,2026-01-22,2026-01-23,2026-01-27,2026-01-27,2026-02-05,2026-02-05,Clinical,Standard,PAY-05,TM-02,TM-02,Closed,Upheld,14,Yes,No,No,0,0,RC-15,Yes,14.0,1,4,0,9.0,0.0,Yes,0,Low friction
APL-2026-002809,2026-08-19,2026-08-19,2026-08-21,2026-08-24,2026-08-25,2026-09-01,Administrative,Standard,PAY-03,TM-07,TM-07,Closed,Upheld,30,Yes,No,No,0,0,RC-10,Yes,13.0,0,2,3,1.0,7.0,Yes,10,Low friction
APL-2026-003912,2026-08-05,2026-08-06,2026-08-07,2026-08-11,2026-08-14,2026-08-14,Clinical,Standard,PAY-02,TM-03,TM-04,Closed,Upheld,14,Yes,No,No,1,0,RC-01,No,9.0,1,1,4,3.0,0.0,Yes,30,Moderate friction
APL-2026-003313,2026-08-03,2026-08-03,2026-08-05,2026-08-06,2026-08-25,2026-08-27,Clinical,Urgent,PAY-07,TM-03,TM-05,Closed,Partially Overturned,7,Yes,Yes,No,1,0,RC-02,Yes,24.0,0,2,1,19.0,2.0,No,10,Low friction
APL-2026-001176,2026-05-20,2026-05-20,2026-05-22,2026-05-22,2026-05-25,2026-05-26,Authorization,Standard,PAY-06,TM-04,TM-04,Closed,Upheld,7,Yes,No,No,0,0,RC-07,Yes,6.0,0,2,0,3.0,1.0,Yes,0,Low friction
APL-2026-003690,2026-04-24,2026-04-24,2026-04-29,2026-04-29,2026-05-18,2026-05-18,Pharmacy,Low,PAY-05,TM-05,TM-08,Closed,Upheld,7,No,Yes,No,2,4,RC-05,No,24.0,0,5,0,19.0,0.0,No,65,Critical friction
APL-2026-002951,2026-09-23,2026-09-24,2026-09-24,2026-09-29,,,Clinical,Standard,PAY-01,TM-02,TM-02,Pending Information,,14,Yes,No,No,0,0,RC-13,Yes,,1,0,5,,,,0,Low friction
APL-2026-001771,2026-01-23,2026-01-23,2026-01-29,2026-01-30,2026-02-11,2026-02-18,Administrative,Standard,PAY-04,TM-01,TM-01,Closed,Partially Overturned,30,Yes,No,No,0,0,RC-05,Yes,26.0,0,6,1,12.0,7.0,Yes,10,Low friction
APL-2026-000107,2026-01-24,2026-01-26,2026-01-26,2026-01-27,2026-02-03,2026-02-05,Administrative,Standard,PAY-06,TM-07,TM-07,Closed,Upheld,30,Yes,No,No,0,0,RC-03,Yes,12.0,2,0,1,7.0,2.0,Yes,0,Low friction
APL-2026-003977,2026-07-31,2026-08-04,2026-08-04,2026-08-05,2026-08-12,2026-08-14,Authorization,Low,PAY-04,TM-04,TM-05,Closed,Overturned,7,Yes,No,No,1,0,RC-03,Yes,14.0,4,0,1,7.0,2.0,No,10,Low friction
APL-2026-003329,2026-04-22,2026-04-24,2026-04-30,2026-05-04,2026-05-07,2026-05-08,Administrative,Standard,PAY-04,TM-01,TM-08,Closed,Upheld,30,Yes,No,No,1,0,RC-04,No,16.0,2,6,4,3.0,1.0,Yes,30,Moderate friction
APL-2026-002612,2026-08-22,2026-08-25,2026-08-26,2026-08-27,2026-09-04,2026-09-07,Administrative,Standard,PAY-05,TM-01,TM-01,Closed,Upheld,30,Yes,No,No,0,0,RC-06,Yes,16.0,3,1,1,8.0,3.0,Yes,10,Low friction
APL-2026-000426,2026-02-26,2026-02-26,2026-03-04,2026-03-06,2026-03-18,2026-03-19,Pharmacy,Urgent,PAY-07,TM-05,TM-05,Closed,Upheld,7,Yes,No,No,0,0,RC-08,Yes,21.0,0,6,2,12.0,1.0,No,0,Low friction
APL-2026-001967,2026-06-19,2026-06-19,2026-06-19,2026-06-19,2026-06-29,2026-07-06,Administrative,Urgent,PAY-02,TM-01,TM-01,Closed,Upheld,7,Yes,No,Yes,0,0,RC-02,Yes,17.0,0,0,0,10.0,7.0,No,25,Moderate friction
APL-2026-002522,2026-01-24,2026-01-26,2026-01-30,2026-02-04,2026-02-09,2026-02-09,Administrative,Standard,PAY-03,TM-07,TM-07,Closed,Upheld,30,Yes,No,No,0,0,RC-06,Yes,16.0,2,4,5,5.0,0.0,Yes,0,Low friction
APL-2026-000360,2026-01-16,2026-01-19,2026-01-19,2026-01-20,2026-02-03,2026-02-03,Authorization,Standard,PAY-04,TM-04,TM-05,Closed,Upheld,7,Yes,No,No,1,0,RC-05,Yes,18.0,3,0,1,14.0,0.0,No,10,Low friction
APL-2026-003357,2026-06-06,2026-06-06,2026-06-06,2026-06-08,2026-06-16,2026-06-17,Clinical,Low,PAY-04,TM-03,TM-03,Closed,Overturned,14,Yes,No,No,0,0,RC-06,Yes,11.0,0,0,2,8.0,1.0,Yes,0,Low friction
APL-2026-000170,2026-07-19,2026-07-19,2026-07-19,2026-07-21,2026-07-29,2026-07-30,Clinical,Standard,PAY-02,TM-02,TM-02,Closed,Upheld,14,Yes,No,No,0,0,RC-04,Yes,11.0,0,0,2,8.0,1.0,Yes,0,Low friction
APL-2026-003980,2026-01-03,2026-01-03,2026-01-06,2026-01-07,2026-02-03,2026-02-03,Authorization,Standard,PAY-01,TM-04,TM-03,Closed,Upheld,7,No,No,No,2,12,RC-04,No,31.0,0,3,1,27.0,0.0,No,85,Critical friction
APL-2026-001339,2026-07-27,2026-07-28,2026-07-29,2026-07-30,2026-08-07,2026-08-11,Authorization,Standard,PAY-03,TM-04,TM-04,Closed,Partially Overturned,7,Yes,No,No,0,0,RC-07,Yes,15.0,1,1,1,8.0,4.0,No,10,Low friction
APL-2026-001564,2026-06-18,2026-06-18,2026-06-19,2026-06-22,2026-06-29,2026-06-29,Clinical,Standard,PAY-05,TM-03,TM-03,Closed,Upheld,14,Yes,No,No,0,0,RC-02,Yes,11.0,0,1,3,7.0,0.0,Yes,0,Low friction
APL-2026-002941,2026-01-26,2026-01-27,2026-01-28,2026-02-02,2026-02-03,2026-02-03,Administrative,Standard,PAY-05,TM-01,TM-01,Closed,Partially Overturned,30,Yes,No,No,0,0,RC-03,Yes,8.0,1,1,5,1.0,0.0,Yes,0,Low friction
APL-2026-001193,2026-08-27,2026-08-28,2026-09-01,2026-09-02,2026-09-07,2026-09-08,Authorization,Standard,PAY-02,TM-04,TM-04,Closed,Partially Overturned,7,Yes,No,No,0,0,RC-01,Yes,12.0,1,4,1,5.0,1.0,No,0,Low friction
APL-2026-000499,2026-07-18,2026-07-20,2026-07-20,2026-07-20,2026-07-27,2026-07-28,Clinical,Low,PAY-03,TM-07,TM-03,Closed,Upheld,14,Yes,No,No,1,0,RC-03,Yes,10.0,2,0,0,7.0,1.0,Yes,10,Low friction
APL-2026-001083,2026-08-25,2026-08-27,2026-08-28,2026-08-31,2026-09-01,2026-09-01,Clinical,Standard,PAY-04,TM-02,TM-02,Closed,Upheld,14,Yes,No,No,0,0,RC-06,Yes,7.0,2,1,3,1.0,0.0,Yes,0,Low friction
APL-2026-000464,2026-03-15,2026-03-15,2026-03-19,2026-03-20,2026-03-30,2026-03-30,Clinical,Standard,PAY-05,TM-03,TM-03,Closed,Overturned,14,Yes,No,No,0,0,RC-12,Yes,15.0,0,4,1,10.0,0.0,No,0,Low friction
APL-2026-000257,2026-01-17,2026-01-17,2026-01-19,2026-01-19,2026-01-29,2026-01-30,Clinical,Standard,PAY-03,TM-07,TM-07,Closed,Overturned,14,No,No,No,0,4,RC-12,Yes,13.0,0,2,0,10.0,1.0,Yes,25,Moderate friction
APL-2026-003831,2026-07-18,2026-07-20,2026-07-21,2026-07-22,2026-07-27,2026-07-29,Clinical,Low,PAY-02,TM-02,TM-02,Closed,Overturned,14,Yes,No,No,0,0,RC-04,Yes,11.0,2,1,1,5.0,2.0,Yes,0,Low friction
APL-2026-001724,2026-03-10,2026-03-12,2026-03-13,2026-03-18,2026-03-26,2026-03-26,Administrative,Low,PAY-02,TM-01,TM-01,Closed,Overturned,30,Yes,No,No,0,0,RC-01,Yes,16.0,2,1,5,8.0,0.0,Yes,0,Low friction
APL-2026-000342,2026-06-22,2026-06-22,2026-06-22,2026-06-22,2026-06-26,2026-06-26,Authorization,Standard,PAY-05,TM-04,TM-04,Closed,Partially Overturned,7,Yes,No,No,0,0,RC-03,Yes,4.0,0,0,0,4.0,0.0,Yes,0,Low friction
APL-2026-003729,2026-09-05,2026-09-07,2026-09-09,2026-09-11,,,Clinical,Standard,PAY-03,TM-07,TM-08,Pending Information,,14,No,No,Yes,2,7,RC-04,No,,2,2,2,,,,100,Critical friction
APL-2026-000196,2026-02-11,2026-02-13,2026-02-13,2026-02-16,2026-02-20,2026-02-24,Administrative,Low,PAY-02,TM-01,TM-01,Closed,Overturned,30,Yes,No,No,0,0,RC-01,Yes,13.0,2,0,3,4.0,4.0,Yes,10,Low friction
APL-2026-000024,2026-04-15,2026-04-16,2026-04-22,2026-04-27,2026-04-29,2026-05-01,Pharmacy,Standard,PAY-04,TM-05,TM-05,Closed,Partially Overturned,7,Yes,No,No,0,0,RC-01,Yes,16.0,1,6,5,2.0,2.0,No,0,Low friction
APL-2026-000291,2026-05-11,2026-05-11,2026-05-13,2026-05-15,2026-05-25,2026-05-26,Pharmacy,Low,PAY-06,TM-05,TM-04,Closed,Partially Overturned,7,Yes,No,No,1,0,RC-07,Yes,15.0,0,2,2,10.0,1.0,No,10,Low friction
APL-2026-002663,2026-07-28,2026-07-28,2026-08-03,2026-08-04,2026-08-07,2026-08-10,Authorization,Standard,PAY-01,TM-04,TM-04,Closed,Overturned,7,Yes,No,No,0,0,RC-01,Yes,13.0,0,6,1,3.0,3.0,No,10,Low friction
APL-2026-003956,2026-07-30,2026-07-31,2026-08-03,2026-08-04,2026-09-07,2026-09-09,Administrative,Urgent,PAY-05,TM-01,TM-01,Closed,Upheld,7,No,No,Yes,0,19,RC-05,Yes,41.0,1,3,1,34.0,2.0,No,60,Critical friction
APL-2026-003134,2026-04-12,2026-04-13,2026-04-16,2026-04-20,2026-05-18,2026-05-20,Administrative,Urgent,PAY-05,TM-01,TM-08,Closed,Partially Overturned,7,No,No,No,1,15,RC-04,No,38.0,1,3,4,28.0,2.0,No,75,Critical friction
APL-2026-000933,2026-05-04,2026-05-05,2026-05-08,2026-05-13,2026-06-05,2026-06-08,Authorization,Standard,PAY-02,TM-04,TM-01,Closed,Overturned,7,Yes,No,No,1,0,RC-02,No,35.0,1,3,5,23.0,3.0,No,40,High friction
APL-2026-002979,2026-04-07,2026-04-07,2026-04-07,2026-04-09,2026-04-23,2026-04-24,Administrative,Standard,PAY-06,TM-07,TM-07,Closed,Overturned,30,Yes,No,No,0,0,RC-09,Yes,17.0,0,0,2,14.0,1.0,Yes,0,Low friction
APL-2026-000029,2026-05-09,2026-05-09,2026-05-13,2026-05-14,2026-05-28,2026-05-29,Authorization,Standard,PAY-04,TM-04,TM-05,Closed,Upheld,7,No,Yes,No,1,6,RC-05,No,20.0,0,4,1,14.0,1.0,No,75,Critical friction
APL-2026-002355,2026-03-16,2026-03-16,2026-03-16,2026-03-18,2026-03-26,2026-03-27,Clinical,Low,PAY-01,TM-03,TM-03,Closed,Upheld,14,Yes,No,No,0,0,RC-01,Yes,11.0,0,0,2,8.0,1.0,Yes,0,Low friction
APL-2026-001585,2026-08-27,2026-08-28,2026-08-28,2026-09-02,2026-09-08,2026-09-08,Clinical,Standard,PAY-05,TM-03,TM-03,Closed,Upheld,14,No,No,No,0,0,RC-10,Yes,12.0,1,0,5,6.0,0.0,Yes,25,Moderate friction
APL-2026-000601,2026-03-09,2026-03-10,2026-03-16,2026-03-16,2026-03-26,2026-03-26,Administrative,Urgent,PAY-05,TM-01,TM-04,Closed,Upheld,7,Yes,No,No,2,0,RC-04,No,17.0,1,6,0,10.0,0.0,No,40,High friction
APL-2026-003740,2026-03-17,2026-03-17,2026-03-17,2026-03-20,2026-03-23,2026-03-23,Administrative,Standard,PAY-01,TM-01,TM-01,Closed,Overturned,30,Yes,No,No,0,0,RC-05,Yes,6.0,0,0,3,3.0,0.0,Yes,0,Low friction
APL-2026-002794,2026-02-06,2026-02-09,2026-02-09,2026-02-10,2026-02-24,2026-03-03,Claims Payment,Standard,PAY-02,TM-01,TM-01,Closed,Upheld,30,No,No,No,0,8,RC-06,Yes,25.0,3,0,1,14.0,7.0,Yes,55,High friction
APL-2026-002999,2026-02-24,2026-02-25,2026-02-27,2026-03-02,2026-03-11,2026-03-12,Clinical,Standard,PAY-01,TM-02,TM-02,Closed,Overturned,14,No,No,No,0,6,RC-02,Yes,16.0,1,2,3,9.0,1.0,No,45,High friction
APL-2026-001332,2026-02-10,2026-02-11,2026-02-17,2026-02-17,2026-02-24,2026-02-24,Clinical,Standard,PAY-01,TM-03,TM-03,Closed,Upheld,14,Yes,No,No,0,0,RC-08,Yes,14.0,1,6,0,7.0,0.0,Yes,0,Low friction
APL-2026-000394,2026-07-25,2026-07-25,2026-07-25,2026-07-27,2026-07-30,2026-08-03,Authorization,Standard,PAY-03,TM-04,TM-04,Closed,Overturned,7,Yes,No,No,0,0,RC-01,Yes,9.0,0,0,2,3.0,4.0,No,10,Low friction
APL-2026-001578,2026-05-12,2026-05-13,2026-05-15,2026-05-19,2026-05-22,2026-05-22,Authorization,Standard,PAY-04,TM-04,TM-05,Closed,Upheld,7,Yes,No,No,1,0,RC-12,No,10.0,1,2,4,3.0,0.0,No,30,Moderate friction
APL-2026-000766,2026-07-26,2026-07-26,2026-07-28,2026-07-31,2026-08-24,2026-08-25,Authorization,Low,PAY-04,TM-04,TM-08,Closed,Upheld,7,No,Yes,Yes,1,9,RC-05,Yes,30.0,0,2,3,24.0,1.0,No,70,Critical friction
APL-2026-001051,2026-02-14,2026-02-14,2026-02-19,2026-02-23,2026-03-19,2026-03-26,Clinical,Standard,PAY-03,TM-07,TM-08,Closed,Overturned,14,Yes,No,No,2,0,RC-14,No,40.0,0,5,4,24.0,7.0,No,50,High friction
APL-2026-000632,2026-03-20,2026-03-23,2026-03-27,2026-03-30,2026-05-06,2026-05-07,Clinical,Standard,PAY-04,TM-03,TM-01,Closed,Partially Overturned,14,No,No,No,1,16,RC-01,No,48.0,3,4,3,37.0,1.0,No,75,Critical friction
APL-2026-003191,2026-05-21,2026-05-25,2026-05-27,2026-05-28,2026-06-08,2026-06-15,Clinical,Standard,PAY-05,TM-03,TM-03,Closed,Upheld,14,Yes,No,No,0,0,RC-04,Yes,25.0,4,2,1,11.0,7.0,No,10,Low friction
APL-2026-000689,2026-08-03,2026-08-04,2026-08-04,2026-08-04,2026-08-05,2026-08-05,Administrative,Standard,PAY-05,TM-01,TM-01,Closed,Partially Overturned,30,Yes,No,No,0,0,RC-04,Yes,2.0,1,0,0,1.0,0.0,Yes,0,Low friction
APL-2026-001775,2026-07-09,2026-07-10,2026-07-13,2026-07-15,2026-08-14,2026-08-14,Administrative,Standard,PAY-01,TM-01,TM-01,Closed,Upheld,30,No,No,Yes,0,15,RC-12,Yes,36.0,1,3,2,30.0,0.0,No,60,Critical friction
APL-2026-002801,2026-04-19,2026-04-20,2026-04-22,2026-04-22,2026-05-14,2026-05-14,Claims Payment,Standard,PAY-05,TM-01,TM-08,Closed,Upheld,30,Yes,No,Yes,3,0,RC-15,No,25.0,1,2,0,22.0,0.0,Yes,65,Critical friction
APL-2026-001544,2026-03-26,2026-03-26,2026-03-26,2026-03-26,2026-04-01,2026-04-01,Clinical,Standard,PAY-01,TM-03,TM-03,Closed,Upheld,14,Yes,No,Yes,0,0,RC-05,Yes,6.0,0,0,0,6.0,0.0,Yes,15,Low friction
APL-2026-001403,2026-03-10,2026-03-10,2026-03-19,2026-03-20,2026-04-01,2026-04-02,Clinical,Standard,PAY-02,TM-02,TM-03,Closed,Overturned,14,Yes,No,No,2,0,RC-12,No,23.0,0,9,1,12.0,1.0,No,40,High friction
APL-2026-002138,2026-06-18,2026-06-18,2026-06-18,2026-06-19,2026-07-06,2026-07-06,Clinical,Standard,PAY-02,TM-02,TM-07,Closed,Upheld,14,Yes,No,No,1,0,RC-07,Yes,18.0,0,0,1,17.0,0.0,No,10,Low friction
APL-2026-003521,2026-08-26,2026-08-27,2026-08-28,2026-09-02,2026-09-07,2026-09-07,Clinical,Low,PAY-05,TM-03,TM-03,Closed,Partially Overturned,14,Yes,No,No,0,0,RC-06,Yes,12.0,1,1,5,5.0,0.0,Yes,0,Low friction
APL-2026-000113,2026-09-10,2026-09-14,2026-09-16,2026-09-17,2026-09-22,2026-09-24,Clinical,Standard,PAY-04,TM-03,TM-01,Closed,Upheld,14,Yes,No,No,1,0,RC-04,No,14.0,4,2,1,5.0,2.0,Yes,30,Moderate friction
APL-2026-000414,2026-01-18,2026-01-19,2026-01-19,2026-01-19,2026-01-22,2026-01-22,Administrative,Standard,PAY-03,TM-07,TM-07,Closed,Overturned,30,Yes,No,No,0,0,RC-01,Yes,4.0,1,0,0,3.0,0.0,Yes,0,Low friction
APL-2026-001224,2026-03-27,2026-03-31,2026-04-06,2026-04-06,2026-04-28,2026-04-28,Clinical,Low,PAY-02,TM-02,TM-04,Closed,Overturned,14,Yes,Yes,No,3,0,RC-10,No,32.0,4,6,0,22.0,0.0,No,50,High friction
APL-2026-000205,2026-02-24,2026-02-24,2026-02-27,2026-03-02,2026-03-12,2026-03-13,Authorization,Standard,PAY-02,TM-04,TM-08,Closed,Upheld,7,Yes,Yes,No,2,0,RC-06,No,17.0,0,3,3,10.0,1.0,No,40,High friction
APL-2026-000301,2026-02-12,2026-02-12,2026-02-16,2026-02-18,2026-02-25,2026-02-26,Pharmacy,Standard,PAY-01,TM-05,TM-05,Closed,Upheld,7,No,No,No,0,0,RC-12,Yes,14.0,0,4,2,7.0,1.0,No,25,Moderate friction
APL-2026-002340,2026-08-23,2026-08-23,2026-08-24,2026-08-24,2026-08-26,2026-08-26,Clinical,Standard,PAY-04,TM-02,TM-02,Closed,Overturned,14,Yes,No,No,0,0,RC-06,Yes,3.0,0,1,0,2.0,0.0,Yes,0,Low friction
APL-2026-003021,2026-03-19,2026-03-19,2026-03-19,2026-03-19,2026-03-20,2026-03-20,Clinical,Standard,PAY-02,TM-03,TM-03,Closed,Partially Overturned,14,Yes,No,No,0,0,RC-01,Yes,1.0,0,0,0,1.0,0.0,Yes,0,Low friction
APL-2026-002910,2026-02-03,2026-02-03,2026-02-03,2026-02-03,2026-02-09,2026-02-16,Clinical,Standard,PAY-03,TM-07,TM-07,Closed,Overturned,14,No,No,No,0,0,RC-01,Yes,13.0,0,0,0,6.0,7.0,Yes,35,Moderate friction
APL-2026-000700,2026-03-11,2026-03-13,2026-03-16,2026-03-16,2026-03-25,2026-03-25,Authorization,Standard,PAY-04,TM-04,TM-04,Closed,Overturned,7,Yes,No,Yes,0,0,RC-05,Yes,14.0,2,3,0,9.0,0.0,No,15,Low friction
APL-2026-003742,2026-05-01,2026-05-04,2026-05-06,2026-05-11,2026-06-09,2026-06-16,Administrative,Low,PAY-02,TM-01,TM-01,Closed,Overturned,30,Yes,No,No,0,0,RC-13,Yes,46.0,3,2,5,29.0,7.0,No,10,Low friction
APL-2026-002658,2026-03-23,2026-03-23,2026-03-23,2026-03-25,2026-03-26,2026-03-26,Authorization,Low,PAY-05,TM-04,TM-04,Closed,Upheld,7,Yes,No,No,0,0,RC-02,Yes,3.0,0,0,2,1.0,0.0,Yes,0,Low friction
APL-2026-002742,2026-08-27,2026-08-28,2026-09-01,2026-09-01,2026-09-09,2026-09-10,Clinical,Standard,PAY-05,TM-02,TM-02,Closed,Upheld,14,Yes,No,Yes,0,0,RC-01,Yes,14.0,1,4,0,8.0,1.0,Yes,15,Low friction
APL-2026-001653,2026-02-12,2026-02-12,2026-02-12,2026-02-16,2026-03-02,2026-03-03,Authorization,Standard,PAY-05,TM-04,TM-04,Closed,Upheld,7,No,No,No,0,3,RC-03,Yes,19.0,0,0,4,14.0,1.0,No,25,Moderate friction
APL-2026-000854,2026-06-26,2026-06-29,2026-06-30,2026-06-30,2026-07-06,2026-07-07,Authorization,Standard,PAY-03,TM-04,TM-04,Closed,Upheld,7,Yes,No,No,0,0,RC-01,Yes,11.0,3,1,0,6.0,1.0,No,0,Low friction
APL-2026-001807,2026-02-22,2026-02-23,2026-02-24,2026-02-27,2026-03-02,2026-03-02,Clinical,Standard,PAY-01,TM-02,TM-02,Closed,Partially Overturned,14,Yes,No,No,0,0,RC-15,Yes,8.0,1,1,3,3.0,0.0,Yes,0,Low friction
APL-2026-001338,2026-08-21,2026-08-21,2026-08-21,2026-08-24,2026-08-31,2026-08-31,Authorization,Urgent,PAY-01,TM-04,TM-04,Closed,Overturned,7,Yes,No,No,0,0,RC-03,Yes,10.0,0,0,3,7.0,0.0,No,0,Low friction
APL-2026-003036,2026-05-16,2026-05-16,2026-05-16,2026-05-18,2026-05-21,2026-05-21,Clinical,Low,PAY-05,TM-03,TM-03,Closed,Overturned,14,Yes,No,No,0,0,RC-06,Yes,5.0,0,0,2,3.0,0.0,Yes,0,Low friction
APL-2026-001481,2026-07-25,2026-07-27,2026-07-31,2026-08-05,2026-08-12,2026-08-12,Clinical,Standard,PAY-01,TM-02,TM-08,Closed,Upheld,14,Yes,No,No,1,0,RC-04,No,18.0,2,4,5,7.0,0.0,No,30,Moderate friction
APL-2026-003877,2026-01-04,2026-01-04,2026-01-05,2026-01-05,2026-02-02,2026-02-02,Administrative,Standard,PAY-06,TM-07,TM-06,Closed,Overturned,30,Yes,No,No,3,0,RC-06,No,29.0,0,1,0,28.0,0.0,Yes,50,High friction
APL-2026-002451,2026-07-09,2026-07-09,2026-07-09,2026-07-09,2026-07-14,2026-07-14,Administrative,Low,PAY-02,TM-01,TM-05,Closed,Upheld,30,Yes,No,No,1,0,RC-10,Yes,5.0,0,0,0,5.0,0.0,Yes,10,Low friction
APL-2026-003768,2026-05-30,2026-05-30,2026-05-30,2026-06-01,2026-06-12,2026-06-15,Authorization,Standard,PAY-01,TM-04,TM-04,Closed,Upheld,7,No,No,No,0,8,RC-05,Yes,16.0,0,0,2,11.0,3.0,No,55,High friction
APL-2026-003584,2026-09-08,2026-09-08,2026-09-09,2026-09-10,2026-09-11,2026-09-11,Authorization,Standard,PAY-04,TM-04,TM-04,Closed,Overturned,7,Yes,No,No,0,0,RC-05,Yes,3.0,0,1,1,1.0,0.0,Yes,0,Low friction
APL-2026-002176,2026-06-15,2026-06-15,2026-06-16,2026-06-16,2026-06-30,2026-07-01,Authorization,Standard,PAY-04,TM-04,TM-06,Closed,Upheld,7,Yes,No,No,1,0,RC-05,Yes,16.0,0,1,0,14.0,1.0,No,10,Low friction
APL-2026-001598,2026-05-31,2026-05-31,2026-06-01,2026-06-01,2026-06-05,2026-06-12,Authorization,Standard,PAY-04,TM-04,TM-04,Closed,Upheld,7,Yes,No,No,0,0,RC-15,Yes,12.0,0,1,0,4.0,7.0,No,10,Low friction
APL-2026-003130,2026-01-07,2026-01-07,2026-01-07,2026-01-08,2026-01-12,2026-01-19,Authorization,Low,PAY-01,TM-04,TM-04,Closed,Upheld,7,Yes,No,No,0,0,RC-04,Yes,12.0,0,0,1,4.0,7.0,No,10,Low friction
APL-2026-000129,2026-08-15,2026-08-15,2026-08-20,2026-08-25,2026-08-31,2026-09-01,Authorization,Standard,PAY-06,TM-04,TM-02,Closed,Partially Overturned,7,Yes,No,No,1,0,RC-04,No,17.0,0,5,5,6.0,1.0,No,30,Moderate friction
APL-2026-002458,2026-08-31,2026-09-01,2026-09-02,2026-09-04,2026-09-10,2026-09-17,Clinical,Urgent,PAY-04,TM-03,TM-03,Closed,Partially Overturned,7,No,No,No,0,0,RC-05,Yes,17.0,1,1,2,6.0,7.0,No,35,Moderate friction
APL-2026-001052,2026-03-13,2026-03-16,2026-03-20,2026-03-23,2026-04-08,2026-04-09,Claims Payment,Standard,PAY-05,TM-01,TM-08,Closed,Upheld,30,Yes,No,Yes,1,0,RC-05,No,27.0,3,4,3,16.0,1.0,Yes,45,High friction
APL-2026-001553,2026-06-01,2026-06-01,2026-06-05,2026-06-05,2026-06-30,2026-06-30,Administrative,Low,PAY-02,TM-01,TM-07,Closed,Upheld,30,No,No,No,1,5,RC-01,No,29.0,0,4,0,25.0,0.0,Yes,55,High friction
APL-2026-001867,2026-07-22,2026-07-23,2026-07-29,2026-07-29,2026-08-06,2026-08-07,Pharmacy,Urgent,PAY-03,TM-05,TM-05,Closed,Upheld,7,Yes,No,Yes,0,0,RC-09,Yes,16.0,1,6,0,8.0,1.0,No,15,Low friction
APL-2026-000852,2026-07-18,2026-07-18,2026-07-23,2026-07-24,2026-07-27,2026-07-27,Clinical,Standard,PAY-05,TM-02,TM-02,Closed,Upheld,14,Yes,No,No,0,0,RC-02,Yes,9.0,0,5,1,3.0,0.0,Yes,0,Low friction
APL-2026-003905,2026-06-06,2026-06-08,2026-06-10,2026-06-15,2026-07-01,2026-07-01,Claims Payment,Standard,PAY-03,TM-07,TM-07,Closed,Overturned,30,No,No,No,0,6,RC-05,Yes,25.0,2,2,5,16.0,0.0,Yes,45,High friction
APL-2026-000793,2026-03-29,2026-03-31,2026-04-03,2026-04-06,2026-05-19,2026-05-21,Clinical,Urgent,PAY-01,TM-02,TM-06,Closed,Upheld,7,No,Yes,No,3,20,RC-12,No,53.0,2,3,3,43.0,2.0,No,95,Critical friction
APL-2026-001756,2026-02-03,2026-02-04,2026-02-05,2026-02-05,2026-02-23,2026-02-24,Administrative,Standard,PAY-03,TM-07,TM-07,Closed,Upheld,30,No,Yes,No,0,6,RC-03,Yes,21.0,1,1,0,18.0,1.0,Yes,45,High friction
APL-2026-000877,2026-03-16,2026-03-16,2026-03-20,2026-03-23,2026-04-08,2026-04-09,Pharmacy,Standard,PAY-01,TM-05,TM-05,Closed,Upheld,7,No,No,No,0,9,RC-07,Yes,24.0,0,4,3,16.0,1.0,No,45,High friction
APL-2026-003748,2026-06-07,2026-06-08,2026-06-09,2026-06-11,2026-06-19,2026-06-19,Clinical,Standard,PAY-05,TM-03,TM-01,Closed,Partially Overturned,14,Yes,No,No,1,0,RC-14,Yes,12.0,1,1,2,8.0,0.0,Yes,10,Low friction
APL-2026-001753,2026-01-27,2026-01-28,2026-02-03,2026-02-04,2026-02-17,2026-02-18,Clinical,Standard,PAY-01,TM-03,TM-03,Closed,Upheld,14,No,Yes,No,0,3,RC-05,Yes,22.0,1,6,1,13.0,1.0,No,25,Moderate friction
APL-2026-002716,2026-03-31,2026-04-01,2026-04-02,2026-04-06,2026-04-14,2026-04-14,Claims Payment,Standard,PAY-05,TM-01,TM-08,Closed,Overturned,30,Yes,Yes,No,1,0,RC-04,No,14.0,1,1,4,8.0,0.0,Yes,30,Moderate friction
APL-2026-000907,2026-03-01,2026-03-01,2026-03-05,2026-03-06,2026-03-17,2026-03-17,Authorization,Low,PAY-04,TM-04,TM-04,Closed,Upheld,7,No,No,No,0,0,RC-05,Yes,16.0,0,4,1,11.0,0.0,No,25,Moderate friction
APL-2026-000383,2026-07-13,2026-07-13,2026-07-13,2026-07-16,2026-07-17,2026-07-17,Pharmacy,Standard,PAY-07,TM-05,TM-05,Closed,Upheld,7,Yes,No,No,0,0,RC-06,Yes,4.0,0,0,3,1.0,0.0,Yes,0,Low friction
APL-2026-000569,2026-03-23,2026-03-24,2026-03-24,2026-03-25,2026-04-16,2026-04-16,Clinical,Urgent,PAY-03,TM-07,TM-07,Closed,Partially Overturned,7,No,No,Yes,0,10,RC-03,Yes,24.0,1,0,1,22.0,0.0,No,60,Critical friction
APL-2026-001788,2026-03-26,2026-03-26,2026-03-26,2026-03-30,2026-04-01,2026-04-08,Clinical,Standard,PAY-02,TM-02,TM-02,Closed,Partially Overturned,14,No,No,No,0,0,RC-10,Yes,13.0,0,0,4,2.0,7.0,Yes,35,Moderate friction
APL-2026-000164,2026-07-14,2026-07-15,2026-07-15,2026-07-17,2026-07-23,2026-07-24,Clinical,Standard,PAY-03,TM-07,TM-07,Closed,Upheld,14,Yes,Yes,No,0,0,RC-06,Yes,10.0,1,0,2,6.0,1.0,Yes,0,Low friction
APL-2026-002675,2026-03-04,2026-03-05,2026-03-09,2026-03-09,2026-03-27,2026-03-27,Authorization,Standard,PAY-04,TM-04,TM-04,Closed,Upheld,7,No,No,No,0,9,RC-15,Yes,23.0,1,4,0,18.0,0.0,No,45,High friction
APL-2026-001133,2026-05-29,2026-06-01,2026-06-02,2026-06-05,2026-06-15,2026-06-15,Clinical,Standard,PAY-05,TM-03,TM-03,Closed,Upheld,14,Yes,No,No,0,0,RC-08,Yes,17.0,3,1,3,10.0,0.0,No,0,Low friction
APL-2026-000738,2026-01-27,2026-01-28,2026-01-30,2026-01-30,2026-02-05,2026-02-05,Clinical,Standard,PAY-05,TM-03,TM-02,Closed,Overturned,14,Yes,No,No,1,0,RC-14,Yes,9.0,1,2,0,6.0,0.0,Yes,10,Low friction
APL-2026-001142,2026-02-04,2026-02-04,2026-02-06,2026-02-06,2026-02-25,2026-02-25,Administrative,Low,PAY-05,TM-01,TM-01,Closed,Partially Overturned,30,No,No,Yes,0,6,RC-01,Yes,21.0,0,2,0,19.0,0.0,Yes,60,Critical friction
APL-2026-003031,2026-09-10,2026-09-10,2026-09-16,2026-09-18,2026-09-22,2026-09-24,Pharmacy,Standard,PAY-01,TM-05,TM-05,Closed,Upheld,7,Yes,No,No,0,0,RC-11,Yes,14.0,0,6,2,4.0,2.0,No,0,Low friction
APL-2026-001742,2026-09-06,2026-09-07,2026-09-08,2026-09-08,2026-09-14,2026-09-14,Administrative,Standard,PAY-01,TM-01,TM-05,Closed,Overturned,30,Yes,No,No,1,0,RC-15,Yes,8.0,1,1,0,6.0,0.0,Yes,10,Low friction
APL-2026-000222,2026-01-12,2026-01-12,2026-01-15,2026-01-19,2026-02-04,2026-02-04,Authorization,Standard,PAY-06,TM-04,TM-01,Closed,Upheld,7,Yes,Yes,No,2,0,RC-04,No,23.0,0,3,4,16.0,0.0,No,40,High friction
APL-2026-002236,2026-03-20,2026-03-20,2026-03-23,2026-03-26,2026-04-01,2026-04-03,Clinical,Standard,PAY-04,TM-02,TM-02,Closed,Overturned,14,Yes,No,No,0,0,RC-01,Yes,14.0,0,3,3,6.0,2.0,Yes,0,Low friction
APL-2026-003241,2026-08-18,2026-08-19,2026-08-20,2026-08-24,2026-09-09,2026-09-11,Clinical,Low,PAY-07,TM-02,TM-02,Closed,Upheld,14,No,No,Yes,0,5,RC-01,Yes,24.0,1,1,4,16.0,2.0,No,40,High friction
APL-2026-001229,2026-04-05,2026-04-06,2026-04-10,2026-04-13,2026-04-23,2026-04-23,Clinical,Standard,PAY-01,TM-03,TM-03,Closed,Overturned,14,Yes,Yes,No,0,0,RC-06,Yes,18.0,1,4,3,10.0,0.0,No,0,Low friction
APL-2026-000461,2026-05-05,2026-05-06,2026-05-06,2026-05-07,2026-05-08,2026-05-15,Authorization,Standard,PAY-04,TM-04,TM-04,Closed,Upheld,7,Yes,No,No,0,0,RC-01,Yes,10.0,1,0,1,1.0,7.0,No,10,Low friction
APL-2026-000489,2026-08-19,2026-08-20,2026-08-21,2026-08-25,2026-08-31,2026-09-07,Clinical,Standard,PAY-06,TM-07,TM-07,Closed,Upheld,14,Yes,No,No,0,0,RC-06,Yes,19.0,1,1,4,6.0,7.0,No,10,Low friction
APL-2026-003295,2026-06-27,2026-06-29,2026-07-01,2026-07-03,2026-07-15,2026-07-15,Authorization,Standard,PAY-01,TM-04,TM-07,Closed,Partially Overturned,7,Yes,Yes,No,1,0,RC-06,Yes,18.0,2,2,2,12.0,0.0,No,10,Low friction
APL-2026-001204,2026-05-02,2026-05-04,2026-05-05,2026-05-07,2026-05-14,2026-05-14,Authorization,Standard,PAY-06,TM-04,TM-04,Closed,Partially Overturned,7,Yes,No,No,0,0,RC-09,Yes,12.0,2,1,2,7.0,0.0,No,0,Low friction
APL-2026-002889,2026-09-15,2026-09-17,2026-09-18,2026-09-21,2026-09-30,2026-09-30,Administrative,Urgent,PAY-05,TM-01,TM-03,Closed,Partially Overturned,7,Yes,No,No,2,0,RC-03,No,15.0,2,1,3,9.0,0.0,No,40,High friction
APL-2026-003433,2026-09-07,2026-09-08,2026-09-09,2026-09-10,2026-09-14,2026-09-21,Administrative,Standard,PAY-03,TM-07,TM-07,Closed,Partially Overturned,30,Yes,No,No,0,0,RC-01,Yes,14.0,1,1,1,4.0,7.0,Yes,10,Low friction
APL-2026-000688,2026-03-03,2026-03-04,2026-03-05,2026-03-05,2026-03-18,2026-03-18,Authorization,Standard,PAY-01,TM-04,TM-04,Closed,Upheld,7,Yes,No,Yes,0,0,RC-12,Yes,15.0,1,1,0,13.0,0.0,No,15,Low friction
APL-2026-000716,2026-05-11,2026-05-12,2026-05-12,2026-05-13,2026-05-21,2026-05-22,Claims Payment,Standard,PAY-01,TM-01,TM-01,Closed,Partially Overturned,30,Yes,No,No,0,0,RC-05,Yes,11.0,1,0,1,8.0,1.0,Yes,0,Low friction
APL-2026-001507,2026-09-02,2026-09-02,2026-09-04,2026-09-04,2026-09-11,2026-09-11,Clinical,Standard,PAY-01,TM-02,TM-02,Closed,Upheld,14,Yes,No,No,0,0,RC-11,Yes,9.0,0,2,0,7.0,0.0,Yes,0,Low friction
APL-2026-002630,2026-05-28,2026-05-29,2026-06-02,2026-06-05,2026-06-19,2026-06-19,Authorization,Standard,PAY-03,TM-04,TM-04,Closed,Partially Overturned,7,No,Yes,No,0,0,RC-05,Yes,22.0,1,4,3,14.0,0.0,No,25,Moderate friction
APL-2026-000150,2026-08-03,2026-08-04,2026-08-04,2026-08-04,2026-08-14,2026-08-14,Administrative,Standard,PAY-05,TM-01,TM-01,Closed,Upheld,30,No,No,No,0,0,RC-05,Yes,11.0,1,0,0,10.0,0.0,Yes,25,Moderate friction
APL-2026-003013,2026-05-26,2026-05-26,2026-05-27,2026-05-28,2026-05-29,2026-06-01,Administrative,Standard,PAY-06,TM-07,TM-07,Closed,Overturned,30,Yes,No,No,0,0,RC-14,Yes,6.0,0,1,1,1.0,3.0,Yes,10,Low friction
APL-2026-002912,2026-06-07,2026-06-07,2026-06-07,2026-06-07,2026-06-24,2026-06-24,Clinical,Standard,PAY-05,TM-02,TM-02,Closed,Overturned,14,No,Yes,Yes,0,8,RC-01,Yes,17.0,0,0,0,17.0,0.0,No,60,Critical friction
APL-2026-001869,2026-03-02,2026-03-03,2026-03-04,2026-03-06,2026-03-17,2026-03-18,Authorization,Standard,PAY-02,TM-04,TM-07,Closed,Overturned,7,Yes,No,No,1,0,RC-04,No,16.0,1,1,2,11.0,1.0,No,30,Moderate friction
APL-2026-000487,2026-02-10,2026-02-11,2026-02-12,2026-02-12,2026-02-13,2026-02-17,Clinical,Standard,PAY-01,TM-02,TM-02,Closed,Upheld,14,Yes,No,No,0,0,RC-13,Yes,7.0,1,1,0,1.0,4.0,Yes,10,Low friction
APL-2026-000299,2026-05-04,2026-05-04,2026-05-04,2026-05-07,2026-05-08,2026-05-11,Pharmacy,Standard,PAY-07,TM-05,TM-05,Closed,Overturned,7,Yes,No,No,0,0,RC-03,Yes,7.0,0,0,3,1.0,3.0,Yes,10,Low friction
APL-2026-000889,2026-01-08,2026-01-08,2026-01-08,2026-01-08,2026-01-19,2026-01-21,Claims Payment,Standard,PAY-03,TM-07,TM-07,Closed,Upheld,30,Yes,No,No,0,0,RC-05,Yes,13.0,0,0,0,11.0,2.0,Yes,0,Low friction
APL-2026-000256,2026-02-16,2026-02-17,2026-02-18,2026-02-18,2026-02-27,2026-03-02,Authorization,Low,PAY-01,TM-04,TM-04,Closed,Upheld,7,Yes,No,No,0,0,RC-03,Yes,14.0,1,1,0,9.0,3.0,No,10,Low friction
APL-2026-002937,2026-06-12,2026-06-15,2026-06-16,2026-06-17,2026-06-18,2026-06-19,Authorization,Standard,PAY-01,TM-04,TM-04,Closed,Overturned,7,Yes,No,No,0,0,RC-14,Yes,7.0,3,1,1,1.0,1.0,Yes,0,Low friction
APL-2026-003367,2026-09-15,2026-09-16,2026-09-18,2026-09-18,2026-09-25,2026-09-25,Administrative,Standard,PAY-03,TM-07,TM-07,Closed,Partially Overturned,30,Yes,No,No,0,0,RC-06,Yes,10.0,1,2,0,7.0,0.0,Yes,0,Low friction
APL-2026-000098,2026-09-22,2026-09-23,2026-09-29,2026-09-30,,,Authorization,Standard,PAY-04,TM-04,TM-04,Pending Information,,7,Yes,No,No,0,0,RC-05,Yes,,1,6,1,,,,0,Low friction
APL-2026-002860,2026-07-25,2026-07-25,2026-08-04,2026-08-05,2026-08-21,2026-08-28,Clinical,Standard,PAY-01,TM-02,TM-05,Closed,Partially Overturned,14,Yes,No,No,1,0,RC-02,No,34.0,0,10,1,16.0,7.0,No,40,High friction
APL-2026-003991,2026-03-05,2026-03-05,2026-03-06,2026-03-10,2026-03-11,2026-03-11,Clinical,Standard,PAY-02,TM-03,TM-03,Closed,Upheld,14,Yes,No,No,0,0,RC-06,Yes,6.0,0,1,4,1.0,0.0,Yes,0,Low friction
APL-2026-000508,2026-09-09,2026-09-11,2026-09-14,2026-09-15,2026-09-25,2026-09-28,Clinical,Standard,PAY-06,TM-07,TM-07,Closed,Partially Overturned,14,Yes,No,No,0,0,RC-08,Yes,19.0,2,3,1,10.0,3.0,No,10,Low friction
APL-2026-000765,2026-06-28,2026-06-30,2026-06-30,2026-06-30,2026-07-07,2026-07-08,Clinical,Urgent,PAY-03,TM-07,TM-07,Closed,Overturned,7,Yes,No,No,0,0,RC-03,Yes,10.0,2,0,0,7.0,1.0,No,0,Low friction
APL-2026-002099,2026-06-03,2026-06-05,2026-06-08,2026-06-11,2026-06-16,2026-06-16,Administrative,Standard,PAY-04,TM-01,TM-01,Closed,Overturned,30,No,No,No,0,2,RC-02,Yes,13.0,2,3,3,5.0,0.0,Yes,25,Moderate friction
APL-2026-002134,2026-07-02,2026-07-06,2026-07-06,2026-07-06,2026-07-10,2026-07-14,Administrative,Low,PAY-01,TM-01,TM-05,Closed,Upheld,30,Yes,No,No,1,0,RC-01,Yes,12.0,4,0,0,4.0,4.0,Yes,20,Moderate friction
APL-2026-002864,2026-02-25,2026-02-25,2026-03-02,2026-03-03,2026-03-06,2026-03-09,Authorization,Standard,PAY-01,TM-04,TM-03,Closed,Upheld,7,Yes,No,No,1,0,RC-04,No,12.0,0,5,1,3.0,3.0,No,40,High friction
APL-2026-000687,2026-09-30,2026-09-30,2026-10-02,2026-10-05,,,Clinical,Urgent,PAY-03,TM-07,TM-07,Pending Information,,7,No,No,No,0,0,RC-06,Yes,,0,2,3,,,,25,Moderate friction
APL-2026-001932,2026-04-23,2026-04-27,2026-04-27,2026-04-28,2026-05-04,2026-05-04,Authorization,Urgent,PAY-01,TM-04,TM-04,Closed,Upheld,7,Yes,No,No,0,0,RC-01,Yes,11.0,4,0,1,6.0,0.0,No,0,Low friction
APL-2026-001610,2026-03-20,2026-03-20,2026-03-23,2026-03-24,2026-04-03,2026-04-03,Authorization,Standard,PAY-04,TM-04,TM-04,Closed,Overturned,7,No,No,No,0,5,RC-01,Yes,14.0,0,3,1,10.0,0.0,No,25,Moderate friction
APL-2026-003342,2026-08-14,2026-08-14,2026-08-18,2026-08-19,2026-08-20,2026-08-20,Authorization,Standard,PAY-02,TM-04,TM-04,Closed,Upheld,7,Yes,No,No,0,0,RC-06,Yes,6.0,0,4,1,1.0,0.0,Yes,0,Low friction
APL-2026-000032,2026-06-05,2026-06-08,2026-06-09,2026-06-11,2026-06-15,2026-06-16,Administrative,Low,PAY-04,TM-01,TM-01,Closed,Upheld,30,Yes,No,No,0,0,RC-07,Yes,11.0,3,1,2,4.0,1.0,Yes,0,Low friction
APL-2026-002843,2026-01-13,2026-01-15,2026-01-16,2026-01-19,2026-01-22,2026-01-22,Clinical,Standard,PAY-06,TM-07,TM-07,Closed,Upheld,14,Yes,No,No,0,0,RC-03,Yes,9.0,2,1,3,3.0,0.0,Yes,0,Low friction
APL-2026-001699,2026-08-19,2026-08-20,2026-08-21,2026-08-25,2026-09-09,2026-09-10,Clinical,Standard,PAY-02,TM-03,TM-03,Closed,Upheld,14,Yes,No,No,0,0,RC-04,Yes,22.0,1,1,4,15.0,1.0,No,0,Low friction
APL-2026-000811,2026-07-11,2026-07-11,2026-07-16,2026-07-21,2026-08-19,2026-08-20,Authorization,Standard,PAY-05,TM-04,TM-04,Closed,Upheld,7,No,No,No,0,13,RC-01,Yes,40.0,0,5,5,29.0,1.0,No,45,High friction
APL-2026-003358,2026-04-23,2026-04-23,2026-04-24,2026-04-27,2026-05-19,2026-05-20,Clinical,Standard,PAY-02,TM-03,TM-03,Closed,Upheld,14,No,No,Yes,0,10,RC-05,Yes,27.0,0,1,3,22.0,1.0,No,60,Critical friction
APL-2026-003525,2026-03-10,2026-03-11,2026-03-11,2026-03-12,2026-03-17,2026-03-18,Administrative,Standard,PAY-03,TM-07,TM-07,Closed,Upheld,30,Yes,No,No,0,0,RC-09,Yes,8.0,1,0,1,5.0,1.0,Yes,0,Low friction
APL-2026-001289,2026-05-29,2026-05-29,2026-06-01,2026-06-02,2026-06-10,2026-06-12,Administrative,Standard,PAY-03,TM-07,TM-07,Closed,Overturned,30,Yes,Yes,No,0,0,RC-05,Yes,14.0,0,3,1,8.0,2.0,Yes,0,Low friction
APL-2026-000240,2026-05-13,2026-05-15,2026-05-20,2026-05-20,2026-06-04,2026-06-08,Clinical,Standard,PAY-04,TM-02,TM-04,Closed,Upheld,14,No,No,No,2,5,RC-04,No,26.0,2,5,0,15.0,4.0,No,75,Critical friction
APL-2026-003539,2026-02-27,2026-03-03,2026-03-04,2026-03-05,2026-03-13,2026-03-17,Clinical,Standard,PAY-02,TM-03,TM-03,Closed,Overturned,14,Yes,No,No,0,0,RC-09,Yes,18.0,4,1,1,8.0,4.0,No,10,Low friction
APL-2026-000185,2026-03-03,2026-03-03,2026-03-04,2026-03-05,2026-03-06,2026-03-06,Administrative,Standard,PAY-03,TM-07,TM-07,Closed,Upheld,30,Yes,No,No,0,0,RC-07,Yes,3.0,0,1,1,1.0,0.0,Yes,0,Low friction
APL-2026-001600,2026-03-03,2026-03-03,2026-03-04,2026-03-06,2026-03-17,2026-03-19,Clinical,Standard,PAY-03,TM-07,TM-07,Closed,Partially Overturned,14,No,No,No,0,4,RC-07,Yes,16.0,0,1,2,11.0,2.0,No,25,Moderate friction
APL-2026-000797,2026-03-18,2026-03-18,2026-03-20,2026-03-23,2026-03-25,2026-03-25,Administrative,Standard,PAY-04,TM-01,TM-01,Closed,Overturned,30,Yes,No,No,0,0,RC-09,Yes,7.0,0,2,3,2.0,0.0,Yes,0,Low friction
APL-2026-003640,2026-02-28,2026-03-02,2026-03-02,2026-03-02,2026-03-09,2026-03-10,Authorization,Standard,PAY-06,TM-04,TM-04,Closed,Upheld,7,Yes,No,No,0,0,RC-03,Yes,10.0,2,0,0,7.0,1.0,No,0,Low friction
APL-2026-003398,2026-03-23,2026-03-23,2026-03-23,2026-03-23,2026-03-25,2026-03-26,Clinical,Urgent,PAY-01,TM-03,TM-03,Closed,Upheld,7,Yes,No,No,0,0,RC-10,Yes,3.0,0,0,0,2.0,1.0,Yes,0,Low friction
APL-2026-001602,2026-06-19,2026-06-19,2026-06-22,2026-06-24,2026-07-14,2026-07-14,Administrative,Low,PAY-01,TM-01,TM-01,Closed,Partially Overturned,30,No,Yes,No,0,4,RC-03,Yes,25.0,0,3,2,20.0,0.0,Yes,25,Moderate friction
APL-2026-002925,2026-01-09,2026-01-12,2026-01-12,2026-01-12,2026-01-26,2026-01-26,Clinical,Urgent,PAY-03,TM-07,TM-07,Closed,Upheld,7,No,No,No,0,9,RC-12,Yes,17.0,3,0,0,14.0,0.0,No,45,High friction
APL-2026-000904,2026-01-27,2026-01-29,2026-02-04,2026-02-04,2026-02-13,2026-02-13,Clinical,Standard,PAY-04,TM-02,TM-01,Closed,Overturned,14,Yes,No,No,2,0,RC-15,No,17.0,2,6,0,9.0,0.0,No,40,High friction
APL-2026-003464,2026-03-24,2026-03-24,2026-03-24,2026-03-24,2026-04-14,2026-04-16,Clinical,Urgent,PAY-03,TM-07,TM-07,Closed,Upheld,7,No,No,No,0,4,RC-01,Yes,23.0,0,0,0,21.0,2.0,No,25,Moderate friction
APL-2026-001560,2026-04-04,2026-04-04,2026-04-04,2026-04-06,2026-04-17,2026-04-17,Authorization,Low,PAY-01,TM-04,TM-04,Closed,Partially Overturned,7,Yes,No,No,0,0,RC-01,Yes,13.0,0,0,2,11.0,0.0,No,0,Low friction
APL-2026-001843,2026-03-22,2026-03-23,2026-03-25,2026-03-26,2026-04-03,2026-04-03,Clinical,Standard,PAY-06,TM-07,TM-07,Closed,Upheld,14,Yes,No,No,0,0,RC-09,Yes,12.0,1,2,1,8.0,0.0,Yes,0,Low friction
APL-2026-001312,2026-05-18,2026-05-18,2026-05-27,2026-05-28,2026-06-17,2026-06-17,Pharmacy,Low,PAY-01,TM-05,TM-02,Closed,Upheld,7,No,No,No,1,6,RC-12,No,30.0,0,9,1,20.0,0.0,No,75,Critical friction
APL-2026-003349,2026-01-06,2026-01-06,2026-01-08,2026-01-08,2026-01-14,2026-01-21,Clinical,Standard,PAY-02,TM-03,TM-08,Closed,Partially Overturned,14,Yes,No,No,1,0,RC-04,No,15.0,0,2,0,6.0,7.0,No,40,High friction
APL-2026-001071,2026-04-15,2026-04-16,2026-04-27,2026-04-27,2026-05-11,2026-05-11,Clinical,Standard,PAY-03,TM-07,TM-08,Closed,Overturned,14,No,No,Yes,1,5,RC-06,No,26.0,1,11,0,14.0,0.0,No,70,Critical friction
APL-2026-001223,2026-03-10,2026-03-10,2026-03-11,2026-03-12,2026-03-24,2026-03-24,Clinical,Standard,PAY-05,TM-03,TM-08,Closed,Overturned,14,No,No,No,1,3,RC-06,Yes,14.0,0,1,1,12.0,0.0,Yes,35,Moderate friction
APL-2026-000804,2026-01-14,2026-01-16,2026-01-16,2026-01-19,2026-02-12,2026-02-16,Clinical,Standard,PAY-05,TM-02,TM-02,Closed,Upheld,14,No,Yes,Yes,0,13,RC-01,Yes,33.0,2,0,3,24.0,4.0,No,70,Critical friction
APL-2026-001861,2026-08-17,2026-08-17,2026-08-18,2026-08-19,2026-08-24,2026-08-26,Claims Payment,Low,PAY-05,TM-01,TM-01,Closed,Upheld,30,Yes,No,No,0,0,RC-07,Yes,9.0,0,1,1,5.0,2.0,Yes,0,Low friction
APL-2026-003207,2026-09-25,2026-09-25,2026-09-25,2026-09-25,,,Clinical,Standard,PAY-05,TM-02,TM-02,In Review,,14,Yes,No,Yes,0,0,RC-10,Yes,,0,0,0,,,,15,Low friction
APL-2026-003220,2026-06-19,2026-06-19,2026-06-22,2026-06-24,2026-07-01,2026-07-02,Authorization,Standard,PAY-07,TM-04,TM-04,Closed,Overturned,7,Yes,No,No,0,0,RC-04,Yes,13.0,0,3,2,7.0,1.0,No,0,Low friction
APL-2026-003061,2026-08-12,2026-08-14,2026-08-17,2026-08-20,2026-08-26,2026-08-27,Clinical,Low,PAY-02,TM-02,TM-02,Closed,Overturned,14,Yes,No,No,0,0,RC-02,Yes,15.0,2,3,3,6.0,1.0,No,0,Low friction
APL-2026-000701,2026-01-29,2026-01-29,2026-01-29,2026-01-30,2026-02-11,2026-02-11,Pharmacy,Standard,PAY-07,TM-05,TM-01,Closed,Overturned,7,Yes,No,No,1,0,RC-01,Yes,13.0,0,0,1,12.0,0.0,No,10,Low friction
APL-2026-002438,2026-02-26,2026-02-26,2026-02-27,2026-03-02,2026-03-13,2026-03-13,Pharmacy,Low,PAY-04,TM-05,TM-05,Closed,Upheld,7,Yes,No,No,0,0,RC-02,Yes,15.0,0,1,3,11.0,0.0,No,0,Low friction
APL-2026-003208,2026-04-01,2026-04-01,2026-04-01,2026-04-02,2026-05-26,2026-05-27,Clinical,Standard,PAY-01,TM-03,TM-03,Closed,Upheld,14,No,No,No,0,30,RC-05,Yes,56.0,0,0,1,54.0,1.0,No,45,High friction
APL-2026-000479,2026-03-15,2026-03-17,2026-03-19,2026-03-24,2026-04-06,2026-04-06,Clinical,Standard,PAY-01,TM-03,TM-05,Closed,Upheld,14,Yes,No,No,2,0,RC-02,No,22.0,2,2,5,13.0,0.0,No,40,High friction
APL-2026-000344,2026-07-01,2026-07-01,2026-07-02,2026-07-02,2026-07-13,2026-07-14,Authorization,Standard,PAY-01,TM-04,TM-04,Closed,Partially Overturned,7,Yes,No,Yes,0,0,RC-03,Yes,13.0,0,1,0,11.0,1.0,No,15,Low friction
APL-2026-001331,2026-07-02,2026-07-02,2026-07-08,2026-07-10,2026-07-14,2026-07-14,Clinical,Standard,PAY-06,TM-07,TM-07,Closed,Upheld,14,Yes,No,No,0,0,RC-07,Yes,12.0,0,6,2,4.0,0.0,Yes,0,Low friction
APL-2026-002904,2026-02-05,2026-02-05,2026-02-09,2026-02-10,2026-02-11,2026-02-12,Administrative,Urgent,PAY-05,TM-01,TM-01,Closed,Overturned,7,Yes,No,No,0,0,RC-09,Yes,7.0,0,4,1,1.0,1.0,Yes,0,Low friction
APL-2026-000543,2026-04-08,2026-04-08,2026-04-09,2026-04-10,2026-04-21,2026-04-21,Clinical,Low,PAY-01,TM-02,TM-02,Closed,Overturned,14,Yes,No,No,0,0,RC-03,Yes,13.0,0,1,1,11.0,0.0,Yes,0,Low friction
APL-2026-002250,2026-05-21,2026-05-21,2026-05-25,2026-05-27,2026-06-10,2026-06-11,Pharmacy,Standard,PAY-06,TM-05,TM-05,Closed,Upheld,7,No,No,No,0,7,RC-14,Yes,21.0,0,4,2,14.0,1.0,No,45,High friction
APL-2026-002573,2026-03-09,2026-03-09,2026-03-09,2026-03-10,2026-03-23,2026-03-23,Clinical,Low,PAY-03,TM-07,TM-07,Closed,Partially Overturned,14,Yes,No,No,0,0,RC-03,Yes,14.0,0,0,1,13.0,0.0,Yes,0,Low friction
APL-2026-003892,2026-03-30,2026-03-31,2026-04-01,2026-04-02,2026-04-06,2026-04-13,Clinical,Low,PAY-03,TM-07,TM-07,Closed,Partially Overturned,14,Yes,No,No,0,0,RC-03,Yes,14.0,1,1,1,4.0,7.0,Yes,10,Low friction
APL-2026-002115,2026-07-07,2026-07-07,2026-07-08,2026-07-08,2026-07-10,2026-07-17,Authorization,Urgent,PAY-02,TM-04,TM-04,Closed,Upheld,7,No,Yes,No,0,0,RC-06,Yes,10.0,0,1,0,2.0,7.0,No,35,Moderate friction
APL-2026-001126,2026-07-06,2026-07-06,2026-07-06,2026-07-08,2026-07-13,2026-07-13,Claims Payment,Urgent,PAY-06,TM-07,TM-05,Closed,Partially Overturned,7,Yes,No,No,1,0,RC-05,Yes,7.0,0,0,2,5.0,0.0,Yes,10,Low friction
APL-2026-000863,2026-07-31,2026-08-04,2026-08-04,2026-08-04,2026-08-11,2026-08-11,Claims Payment,Standard,PAY-06,TM-07,TM-07,Closed,Upheld,30,Yes,Yes,No,0,0,RC-12,Yes,11.0,4,0,0,7.0,0.0,Yes,0,Low friction
APL-2026-002928,2026-04-03,2026-04-07,2026-04-09,2026-04-13,2026-04-24,2026-04-24,Authorization,Standard,PAY-04,TM-04,TM-05,Closed,Upheld,7,No,Yes,No,1,5,RC-01,Yes,21.0,4,2,4,11.0,0.0,No,35,Moderate friction
APL-2026-000939,2026-03-28,2026-03-28,2026-03-30,2026-03-31,2026-04-03,2026-04-10,Authorization,Urgent,PAY-05,TM-04,TM-04,Closed,Overturned,7,Yes,No,No,0,0,RC-04,Yes,13.0,0,2,1,3.0,7.0,No,10,Low friction
APL-2026-001616,2026-05-21,2026-05-25,2026-05-28,2026-06-01,2026-06-16,2026-06-18,Authorization,Standard,PAY-04,TM-04,TM-01,Closed,Partially Overturned,7,No,No,No,1,4,RC-05,No,28.0,4,3,4,15.0,2.0,No,55,High friction
APL-2026-001577,2026-09-27,2026-09-27,2026-09-28,2026-09-28,,,Clinical,Low,PAY-01,TM-02,TM-02,Escalated,,14,Yes,No,No,0,0,RC-07,Yes,,0,1,0,,,,0,Low friction
APL-2026-002666,2026-08-29,2026-08-29,2026-08-31,2026-09-01,2026-09-09,2026-09-09,Administrative,Standard,PAY-01,TM-01,TM-01,Closed,Overturned,30,Yes,No,No,0,0,RC-12,Yes,11.0,0,2,1,8.0,0.0,Yes,0,Low friction
APL-2026-000358,2026-02-19,2026-02-19,2026-02-23,2026-02-24,2026-03-10,2026-03-10,Clinical,Urgent,PAY-01,TM-02,TM-05,Closed,Upheld,7,Yes,No,No,1,0,RC-04,No,19.0,0,4,1,14.0,0.0,No,30,Moderate friction
APL-2026-002688,2026-09-04,2026-09-07,2026-09-09,2026-09-10,2026-09-22,2026-09-23,Authorization,Low,PAY-02,TM-04,TM-04,Closed,Overturned,7,Yes,No,No,0,0,RC-11,Yes,19.0,3,2,1,12.0,1.0,No,0,Low friction
APL-2026-003634,2026-04-14,2026-04-16,2026-04-20,2026-04-20,2026-04-24,2026-04-24,Claims Payment,Standard,PAY-03,TM-07,TM-02,Closed,Upheld,30,No,No,No,1,0,RC-04,No,10.0,2,4,0,4.0,0.0,Yes,55,High friction
APL-2026-002150,2026-04-26,2026-04-26,2026-04-26,2026-04-29,2026-05-07,2026-05-11,Authorization,Standard,PAY-04,TM-04,TM-05,Closed,Upheld,7,Yes,No,No,1,0,RC-03,Yes,15.0,0,0,3,8.0,4.0,No,20,Moderate friction
APL-2026-000536,2026-08-22,2026-08-24,2026-08-24,2026-08-26,2026-09-01,2026-09-01,Clinical,Standard,PAY-03,TM-07,TM-07,Closed,Overturned,14,Yes,No,No,0,0,RC-01,Yes,10.0,2,0,2,6.0,0.0,Yes,0,Low friction
APL-2026-001541,2026-09-06,2026-09-06,2026-09-10,2026-09-10,2026-09-11,2026-09-14,Administrative,Standard,PAY-04,TM-01,TM-01,Closed,Upheld,30,Yes,No,No,0,0,RC-07,Yes,8.0,0,4,0,1.0,3.0,Yes,10,Low friction
APL-2026-001925,2026-08-01,2026-08-01,2026-08-03,2026-08-04,2026-08-05,2026-08-07,Administrative,Standard,PAY-02,TM-01,TM-01,Closed,Upheld,30,Yes,No,No,0,0,RC-02,Yes,6.0,0,2,1,1.0,2.0,Yes,0,Low friction
APL-2026-002894,2026-06-24,2026-06-25,2026-07-06,2026-07-06,2026-07-17,2026-07-24,Administrative,Low,PAY-03,TM-07,TM-06,Closed,Partially Overturned,30,Yes,No,No,1,0,RC-04,No,30.0,1,11,0,11.0,7.0,Yes,40,High friction
APL-2026-003576,2026-02-17,2026-02-17,2026-02-17,2026-02-20,2026-02-26,2026-03-02,Clinical,Standard,PAY-03,TM-07,TM-05,Closed,Upheld,14,Yes,No,No,1,0,RC-07,Yes,13.0,0,0,3,6.0,4.0,Yes,20,Moderate friction
APL-2026-001280,2026-06-17,2026-06-19,2026-06-22,2026-06-23,2026-07-02,2026-07-02,Clinical,Urgent,PAY-05,TM-03,TM-03,Closed,Overturned,7,Yes,No,Yes,0,0,RC-01,Yes,15.0,2,3,1,9.0,0.0,No,15,Low friction
APL-2026-002286,2026-09-13,2026-09-13,2026-09-15,2026-09-15,,,Clinical,Standard,PAY-03,TM-07,TM-04,In Review,,14,No,Yes,No,1,8,RC-01,No,,0,2,0,,,,75,Critical friction
APL-2026-001378,2026-08-01,2026-08-03,2026-08-04,2026-08-04,2026-08-07,2026-08-14,Administrative,Urgent,PAY-03,TM-07,TM-07,Closed,Upheld,7,Yes,No,No,0,0,RC-04,Yes,13.0,2,1,0,3.0,7.0,No,10,Low friction
APL-2026-001123,2026-06-11,2026-06-12,2026-06-16,2026-06-16,2026-06-29,2026-06-29,Claims Payment,Standard,PAY-01,TM-01,TM-04,Closed,Upheld,30,Yes,No,No,2,0,RC-01,No,18.0,1,4,0,13.0,0.0,Yes,40,High friction
APL-2026-003569,2026-07-27,2026-07-27,2026-07-28,2026-07-28,2026-08-07,2026-08-10,Clinical,Standard,PAY-01,TM-02,TM-02,Closed,Upheld,14,Yes,No,No,0,0,RC-01,Yes,14.0,0,1,0,10.0,3.0,Yes,10,Low friction
APL-2026-001442,2026-08-20,2026-08-20,2026-08-26,2026-08-31,2026-09-11,2026-09-11,Authorization,Standard,PAY-04,TM-04,TM-04,Closed,Overturned,7,Yes,No,No,0,0,RC-05,Yes,22.0,0,6,5,11.0,0.0,No,0,Low friction
APL-2026-002766,2026-07-11,2026-07-11,2026-07-13,2026-07-14,2026-07-23,2026-07-23,Pharmacy,Standard,PAY-03,TM-05,TM-05,Closed,Upheld,7,No,Yes,No,0,3,RC-09,Yes,12.0,0,2,1,9.0,0.0,No,25,Moderate friction
APL-2026-001768,2026-04-18,2026-04-21,2026-04-27,2026-04-29,2026-05-08,2026-05-08,Administrative,Urgent,PAY-02,TM-01,TM-01,Closed,Partially Overturned,7,Yes,No,No,0,0,RC-09,Yes,20.0,3,6,2,9.0,0.0,No,0,Low friction
APL-2026-001860,2026-05-28,2026-05-28,2026-05-28,2026-06-02,2026-06-09,2026-06-09,Administrative,Low,PAY-01,TM-01,TM-01,Closed,Partially Overturned,30,Yes,No,No,0,0,RC-02,Yes,12.0,0,0,5,7.0,0.0,Yes,0,Low friction
APL-2026-002997,2026-01-15,2026-01-16,2026-01-20,2026-01-21,2026-02-18,2026-02-19,Administrative,Standard,PAY-03,TM-07,TM-07,Closed,Overturned,30,No,No,Yes,0,13,RC-06,Yes,35.0,1,4,1,28.0,1.0,No,60,Critical friction
APL-2026-003563,2026-05-30,2026-05-30,2026-06-02,2026-06-02,2026-06-04,2026-06-04,Authorization,Standard,PAY-01,TM-04,TM-04,Closed,Upheld,7,Yes,No,No,0,0,RC-05,Yes,5.0,0,3,0,2.0,0.0,Yes,0,Low friction
APL-2026-001568,2026-03-06,2026-03-06,2026-03-12,2026-03-17,2026-04-10,2026-04-13,Administrative,Standard,PAY-02,TM-01,TM-08,Closed,Upheld,30,No,No,No,2,5,RC-03,No,38.0,0,6,5,24.0,3.0,No,75,Critical friction
APL-2026-000233,2026-05-14,2026-05-14,2026-05-18,2026-05-19,2026-05-20,2026-05-20,Administrative,Low,PAY-05,TM-01,TM-01,Closed,Upheld,30,Yes,No,No,0,0,RC-08,Yes,6.0,0,4,1,1.0,0.0,Yes,0,Low friction
APL-2026-000681,2026-03-12,2026-03-12,2026-03-16,2026-03-18,2026-03-26,2026-03-30,Clinical,Low,PAY-01,TM-03,TM-03,Closed,Upheld,14,No,Yes,No,0,0,RC-04,Yes,18.0,0,4,2,8.0,4.0,No,35,Moderate friction
APL-2026-002077,2026-07-31,2026-07-31,2026-08-05,2026-08-06,2026-08-11,2026-08-18,Clinical,Standard,PAY-05,TM-02,TM-07,Closed,Upheld,14,Yes,No,No,1,0,RC-04,No,18.0,0,5,1,5.0,7.0,No,40,High friction
APL-2026-002985,2026-03-01,2026-03-01,2026-03-03,2026-03-04,2026-03-10,2026-03-11,Claims Payment,Low,PAY-01,TM-01,TM-01,Closed,Overturned,30,Yes,No,No,0,0,RC-01,Yes,10.0,0,2,1,6.0,1.0,Yes,0,Low friction
APL-2026-000312,2026-01-26,2026-01-26,2026-01-30,2026-01-30,2026-02-03,2026-02-10,Claims Payment,Standard,PAY-01,TM-01,TM-01,Closed,Upheld,30,Yes,No,No,0,0,RC-12,Yes,15.0,0,4,0,4.0,7.0,Yes,10,Low friction
APL-2026-001044,2026-05-14,2026-05-14,2026-05-14,2026-05-14,2026-05-22,2026-05-26,Clinical,Low,PAY-02,TM-02,TM-02,Closed,Overturned,14,Yes,No,No,0,0,RC-05,Yes,12.0,0,0,0,8.0,4.0,Yes,10,Low friction
APL-2026-003323,2026-06-10,2026-06-11,2026-06-11,2026-06-16,2026-06-25,2026-06-26,Authorization,Low,PAY-05,TM-04,TM-04,Closed,Upheld,7,No,Yes,No,0,3,RC-02,Yes,16.0,1,0,5,9.0,1.0,No,25,Moderate friction
APL-2026-003583,2026-07-03,2026-07-03,2026-07-06,2026-07-06,2026-07-08,2026-07-15,Clinical,Standard,PAY-05,TM-02,TM-02,Closed,Overturned,14,Yes,No,No,0,0,RC-01,Yes,12.0,0,3,0,2.0,7.0,Yes,10,Low friction
APL-2026-001451,2026-05-11,2026-05-12,2026-05-14,2026-05-14,2026-05-18,2026-05-20,Administrative,Standard,PAY-01,TM-01,TM-01,Closed,Upheld,30,Yes,No,No,0,0,RC-04,Yes,9.0,1,2,0,4.0,2.0,Yes,0,Low friction
APL-2026-000488,2026-09-10,2026-09-11,2026-09-11,2026-09-14,2026-09-15,2026-09-15,Clinical,Standard,PAY-02,TM-03,TM-03,Closed,Upheld,14,Yes,No,No,0,0,RC-03,Yes,5.0,1,0,3,1.0,0.0,Yes,0,Low friction
APL-2026-001536,2026-07-18,2026-07-18,2026-07-20,2026-07-20,2026-07-24,2026-07-24,Clinical,Standard,PAY-01,TM-03,TM-03,Closed,Upheld,14,Yes,No,No,0,0,RC-12,Yes,6.0,0,2,0,4.0,0.0,Yes,0,Low friction
APL-2026-003466,2026-05-04,2026-05-04,2026-05-06,2026-05-11,2026-05-14,2026-05-21,Administrative,Low,PAY-04,TM-01,TM-01,Closed,Upheld,30,Yes,No,No,0,0,RC-03,Yes,17.0,0,2,5,3.0,7.0,Yes,10,Low friction
APL-2026-001864,2026-07-11,2026-07-13,2026-07-15,2026-07-15,2026-07-23,2026-07-23,Administrative,Standard,PAY-05,TM-01,TM-01,Closed,Overturned,30,No,Yes,No,0,0,RC-05,Yes,12.0,2,2,0,8.0,0.0,Yes,25,Moderate friction
APL-2026-002614,2026-07-02,2026-07-03,2026-07-06,2026-07-08,2026-07-09,2026-07-10,Claims Payment,Urgent,PAY-01,TM-01,TM-01,Closed,Upheld,7,Yes,No,No,0,0,RC-09,Yes,8.0,1,3,2,1.0,1.0,No,0,Low friction
APL-2026-001671,2026-04-30,2026-05-01,2026-05-04,2026-05-07,2026-05-11,2026-05-12,Clinical,Urgent,PAY-04,TM-03,TM-03,Closed,Overturned,7,Yes,No,No,0,0,RC-04,Yes,12.0,1,3,3,4.0,1.0,No,0,Low friction
APL-2026-000380,2026-01-21,2026-01-21,2026-01-22,2026-01-22,2026-02-05,2026-02-06,Clinical,Standard,PAY-05,TM-03,TM-01,Closed,Upheld,14,Yes,No,Yes,1,0,RC-15,No,16.0,0,1,0,14.0,1.0,No,45,High friction
APL-2026-000690,2026-04-11,2026-04-13,2026-04-17,2026-04-20,2026-04-23,2026-04-24,Authorization,Standard,PAY-04,TM-04,TM-04,Closed,Overturned,7,Yes,No,No,0,0,RC-04,Yes,13.0,2,4,3,3.0,1.0,No,0,Low friction
APL-2026-001222,2026-07-02,2026-07-02,2026-07-03,2026-07-08,2026-07-09,2026-07-13,Pharmacy,Standard,PAY-01,TM-05,TM-05,Closed,Upheld,7,Yes,No,No,0,0,RC-01,Yes,11.0,0,1,5,1.0,4.0,No,10,Low friction
APL-2026-003526,2026-02-17,2026-02-19,2026-02-23,2026-02-26,2026-03-02,2026-03-03,Administrative,Standard,PAY-02,TM-01,TM-01,Closed,Upheld,30,Yes,No,No,0,0,RC-01,Yes,14.0,2,4,3,4.0,1.0,Yes,0,Low friction
APL-2026-001238,2026-03-28,2026-03-30,2026-04-01,2026-04-02,2026-04-09,2026-04-09,Clinical,Standard,PAY-07,TM-02,TM-04,Closed,Upheld,14,Yes,No,No,1,0,RC-06,Yes,12.0,2,2,1,7.0,0.0,Yes,10,Low friction
APL-2026-003571,2026-04-26,2026-04-26,2026-04-27,2026-04-30,2026-05-01,2026-05-05,Clinical,Standard,PAY-02,TM-02,TM-02,Closed,Upheld,14,Yes,No,No,0,0,RC-01,Yes,9.0,0,1,3,1.0,4.0,Yes,10,Low friction
APL-2026-003293,2026-09-22,2026-09-22,2026-09-24,2026-09-25,,,Authorization,Standard,PAY-04,TM-04,TM-01,Pending Information,,7,Yes,No,No,1,0,RC-15,No,,0,2,1,,,,30,Moderate friction
APL-2026-001288,2026-03-20,2026-03-24,2026-03-26,2026-03-27,2026-04-01,2026-04-01,Authorization,Standard,PAY-01,TM-04,TM-04,Closed,Upheld,7,Yes,No,No,0,0,RC-06,Yes,12.0,4,2,1,5.0,0.0,No,0,Low friction
APL-2026-001184,2026-07-23,2026-07-23,2026-07-27,2026-07-28,2026-08-07,2026-08-07,Administrative,Urgent,PAY-06,TM-07,TM-01,Closed,Partially Overturned,7,Yes,No,No,1,0,RC-12,No,15.0,0,4,1,10.0,0.0,No,30,Moderate friction
APL-2026-000664,2026-06-27,2026-06-27,2026-07-02,2026-07-03,2026-07-06,2026-07-07,Clinical,Urgent,PAY-01,TM-02,TM-02,Closed,Overturned,7,Yes,No,No,0,0,RC-01,Yes,10.0,0,5,1,3.0,1.0,No,0,Low friction
APL-2026-001709,2026-08-01,2026-08-03,2026-08-05,2026-08-07,2026-08-17,2026-08-17,Administrative,Urgent,PAY-07,TM-01,TM-01,Closed,Upheld,7,Yes,No,No,0,0,RC-02,Yes,16.0,2,2,2,10.0,0.0,No,0,Low friction
APL-2026-002120,2026-03-10,2026-03-11,2026-03-11,2026-03-16,2026-03-24,2026-03-25,Clinical,Urgent,PAY-03,TM-07,TM-03,Closed,Overturned,7,Yes,No,No,1,0,RC-03,Yes,15.0,1,0,5,8.0,1.0,No,10,Low friction
APL-2026-003164,2026-06-13,2026-06-13,2026-06-15,2026-06-16,2026-07-15,2026-07-17,Administrative,Standard,PAY-03,TM-07,TM-07,Closed,Upheld,30,No,No,Yes,0,17,RC-10,Yes,34.0,0,2,1,29.0,2.0,No,60,Critical friction
APL-2026-002338,2026-04-06,2026-04-06,2026-04-07,2026-04-09,2026-04-10,2026-04-10,Clinical,Standard,PAY-02,TM-03,TM-03,Closed,Overturned,14,Yes,No,No,0,0,RC-11,Yes,4.0,0,1,2,1.0,0.0,Yes,0,Low friction
APL-2026-000950,2026-04-20,2026-04-22,2026-04-28,2026-04-30,2026-05-28,2026-06-04,Authorization,Urgent,PAY-01,TM-04,TM-04,Closed,Upheld,7,No,No,Yes,0,11,RC-08,Yes,45.0,2,6,2,28.0,7.0,No,70,Critical friction
APL-2026-002187,2026-07-19,2026-07-19,2026-07-19,2026-07-20,2026-07-29,2026-07-30,Clinical,Standard,PAY-01,TM-02,TM-02,Closed,Upheld,14,Yes,No,Yes,0,0,RC-12,Yes,11.0,0,0,1,9.0,1.0,Yes,15,Low friction
APL-2026-001505,2026-09-07,2026-09-08,2026-09-09,2026-09-10,2026-09-18,2026-09-18,Clinical,Standard,PAY-02,TM-03,TM-03,Closed,Overturned,14,Yes,Yes,No,0,0,RC-03,Yes,11.0,1,1,1,8.0,0.0,Yes,0,Low friction
APL-2026-000514,2026-07-11,2026-07-11,2026-07-13,2026-07-14,2026-07-22,2026-07-22,Clinical,Standard,PAY-03,TM-07,TM-07,Closed,Overturned,14,Yes,No,No,0,0,RC-02,Yes,11.0,0,2,1,8.0,0.0,Yes,0,Low friction
APL-2026-000634,2026-03-09,2026-03-09,2026-03-13,2026-03-13,2026-03-27,2026-03-31,Administrative,Standard,PAY-04,TM-01,TM-08,Closed,Overturned,30,Yes,No,No,1,0,RC-09,No,22.0,0,4,0,14.0,4.0,Yes,40,High friction
APL-2026-003030,2026-01-23,2026-01-23,2026-01-27,2026-01-27,2026-01-30,2026-01-30,Clinical,Low,PAY-04,TM-03,TM-03,Closed,Upheld,14,Yes,No,No,0,0,RC-14,Yes,7.0,0,4,0,3.0,0.0,Yes,0,Low friction
APL-2026-001041,2026-01-28,2026-01-28,2026-01-28,2026-02-02,2026-02-18,2026-02-18,Clinical,Standard,PAY-04,TM-02,TM-02,Closed,Upheld,14,Yes,No,No,0,0,RC-04,Yes,21.0,0,0,5,16.0,0.0,No,0,Low friction
APL-2026-002118,2026-08-17,2026-08-17,2026-08-17,2026-08-20,2026-08-28,2026-08-31,Authorization,Standard,PAY-05,TM-04,TM-01,Closed,Overturned,7,Yes,No,No,1,0,RC-05,Yes,14.0,0,0,3,8.0,3.0,No,20,Moderate friction
APL-2026-002819,2026-04-27,2026-04-27,2026-04-29,2026-04-30,2026-05-25,2026-05-25,Clinical,Urgent,PAY-07,TM-02,TM-04,Closed,Upheld,7,No,Yes,No,1,3,RC-03,No,28.0,0,2,1,25.0,0.0,No,55,High friction
APL-2026-002634,2026-08-15,2026-08-17,2026-08-21,2026-08-21,2026-09-07,2026-09-07,Administrative,Standard,PAY-01,TM-01,TM-01,Closed,Upheld,30,No,No,No,0,7,RC-05,Yes,23.0,2,4,0,17.0,0.0,Yes,45,High friction
APL-2026-000918,2026-03-16,2026-03-18,2026-03-19,2026-03-20,2026-04-02,2026-04-03,Administrative,Urgent,PAY-01,TM-01,TM-01,Closed,Upheld,7,No,No,No,0,8,RC-05,Yes,18.0,2,1,1,13.0,1.0,No,45,High friction
APL-2026-003809,2026-09-18,2026-09-18,2026-09-18,2026-09-18,2026-09-28,2026-09-29,Administrative,Low,PAY-02,TM-01,TM-03,Closed,Upheld,30,Yes,No,No,1,0,RC-06,Yes,11.0,0,0,0,10.0,1.0,Yes,10,Low friction
APL-2026-001188,2026-04-13,2026-04-14,2026-04-20,2026-04-21,2026-05-18,2026-05-19,Administrative,Urgent,PAY-06,TM-07,TM-05,Closed,Upheld,7,No,No,Yes,1,10,RC-02,Yes,36.0,1,6,1,27.0,1.0,No,70,Critical friction
APL-2026-000714,2026-01-01,2026-01-02,2026-01-02,2026-01-06,2026-01-07,2026-01-08,Clinical,Standard,PAY-03,TM-07,TM-07,Closed,Upheld,14,Yes,No,No,0,0,RC-12,Yes,7.0,1,0,4,1.0,1.0,Yes,0,Low friction
APL-2026-003507,2026-02-05,2026-02-06,2026-02-10,2026-02-10,2026-02-11,2026-02-13,Claims Payment,Standard,PAY-04,TM-01,TM-01,Closed,Overturned,30,Yes,No,No,0,0,RC-14,Yes,8.0,1,4,0,1.0,2.0,Yes,0,Low friction
APL-2026-002957,2026-09-17,2026-09-17,2026-09-18,2026-09-21,2026-09-22,2026-09-23,Clinical,Standard,PAY-01,TM-02,TM-02,Closed,Upheld,14,Yes,No,No,0,0,RC-05,Yes,6.0,0,1,3,1.0,1.0,Yes,0,Low friction
APL-2026-002404,2026-06-22,2026-06-23,2026-06-25,2026-06-25,2026-07-03,2026-07-03,Clinical,Urgent,PAY-03,TM-07,TM-07,Closed,Upheld,7,Yes,No,No,0,0,RC-09,Yes,11.0,1,2,0,8.0,0.0,No,0,Low friction
APL-2026-001590,2026-05-22,2026-05-26,2026-05-27,2026-05-27,2026-05-29,2026-05-29,Pharmacy,Standard,PAY-05,TM-05,TM-05,Closed,Partially Overturned,7,Yes,No,No,0,0,RC-12,Yes,7.0,4,1,0,2.0,0.0,Yes,0,Low friction
APL-2026-003669,2026-05-14,2026-05-18,2026-05-19,2026-05-19,2026-05-20,2026-05-20,Administrative,Standard,PAY-03,TM-07,TM-07,Closed,Upheld,30,Yes,No,No,0,0,RC-01,Yes,6.0,4,1,0,1.0,0.0,Yes,0,Low friction
APL-2026-001039,2026-04-22,2026-04-22,2026-04-22,2026-04-27,2026-04-28,2026-04-28,Administrative,Standard,PAY-04,TM-01,TM-01,Closed,Upheld,30,Yes,No,No,0,0,RC-02,Yes,6.0,0,0,5,1.0,0.0,Yes,0,Low friction
APL-2026-003480,2026-04-14,2026-04-14,2026-04-15,2026-04-20,2026-05-01,2026-05-04,Administrative,Standard,PAY-01,TM-01,TM-04,Closed,Overturned,30,Yes,No,No,1,0,RC-02,Yes,20.0,0,1,5,11.0,3.0,Yes,20,Moderate friction
APL-2026-000908,2026-06-18,2026-06-22,2026-06-24,2026-06-25,2026-06-30,2026-07-02,Claims Payment,Standard,PAY-01,TM-01,TM-04,Closed,Overturned,30,Yes,No,No,1,0,RC-04,No,14.0,4,2,1,5.0,2.0,Yes,30,Moderate friction
APL-2026-001883,2026-04-23,2026-04-24,2026-04-27,2026-04-30,2026-05-06,2026-05-06,Clinical,Standard,PAY-05,TM-02,TM-02,Closed,Upheld,14,No,No,No,0,3,RC-05,Yes,13.0,1,3,3,6.0,0.0,Yes,25,Moderate friction
APL-2026-000572,2026-07-01,2026-07-02,2026-07-07,2026-07-09,2026-07-27,2026-07-28,Clinical,Urgent,PAY-02,TM-02,TM-01,Closed,Overturned,7,No,Yes,No,2,0,RC-05,No,27.0,1,5,2,18.0,1.0,No,65,Critical friction
APL-2026-000315,2026-07-31,2026-07-31,2026-08-03,2026-08-03,2026-08-11,2026-08-12,Administrative,Standard,PAY-07,TM-01,TM-03,Closed,Upheld,30,Yes,No,No,1,0,RC-04,Yes,12.0,0,3,0,8.0,1.0,Yes,10,Low friction
APL-2026-003756,2026-03-22,2026-03-23,2026-03-25,2026-03-26,2026-03-27,2026-03-27,Administrative,Urgent,PAY-07,TM-01,TM-01,Closed,Partially Overturned,7,Yes,No,No,0,0,RC-08,Yes,5.0,1,2,1,1.0,0.0,Yes,0,Low friction
APL-2026-001195,2026-06-07,2026-06-07,2026-06-08,2026-06-09,2026-06-17,2026-06-17,Clinical,Standard,PAY-06,TM-07,TM-07,Closed,Partially Overturned,14,Yes,No,No,0,0,RC-01,Yes,10.0,0,1,1,8.0,0.0,Yes,0,Low friction
APL-2026-002281,2026-03-25,2026-03-27,2026-03-30,2026-03-31,2026-04-01,2026-04-03,Administrative,Urgent,PAY-02,TM-01,TM-01,Closed,Upheld,7,Yes,No,No,0,0,RC-11,Yes,9.0,2,3,1,1.0,2.0,No,0,Low friction
APL-2026-002789,2026-09-04,2026-09-04,2026-09-04,2026-09-09,2026-09-22,2026-09-24,Administrative,Standard,PAY-06,TM-07,TM-07,Closed,Upheld,30,No,No,No,0,1,RC-12,Yes,20.0,0,0,5,13.0,2.0,Yes,25,Moderate friction
APL-2026-000442,2026-06-23,2026-06-24,2026-06-24,2026-06-26,2026-07-01,2026-07-01,Clinical,Standard,PAY-07,TM-03,TM-03,Closed,Upheld,14,Yes,Yes,No,0,0,RC-09,Yes,8.0,1,0,2,5.0,0.0,Yes,0,Low friction
APL-2026-003242,2026-06-17,2026-06-17,2026-06-17,2026-06-17,2026-06-19,2026-06-23,Clinical,Low,PAY-07,TM-02,TM-02,Closed,Overturned,14,Yes,No,No,0,0,RC-06,Yes,6.0,0,0,0,2.0,4.0,Yes,10,Low friction
APL-2026-002339,2026-01-17,2026-01-17,2026-01-17,2026-01-17,2026-01-20,2026-01-21,Pharmacy,Urgent,PAY-01,TM-05,TM-05,Closed,Overturned,7,No,No,No,0,0,RC-05,Yes,4.0,0,0,0,3.0,1.0,Yes,25,Moderate friction
APL-2026-003185,2026-01-14,2026-01-16,2026-01-19,2026-01-20,2026-01-27,2026-02-03,Administrative,Urgent,PAY-04,TM-01,TM-01,Closed,Overturned,7,Yes,Yes,No,0,0,RC-03,Yes,20.0,2,3,1,7.0,7.0,No,10,Low friction
APL-2026-000615,2026-07-16,2026-07-16,2026-07-21,2026-07-24,2026-08-07,2026-08-11,Authorization,Low,PAY-01,TM-04,TM-08,Closed,Upheld,7,No,Yes,No,2,0,RC-04,No,26.0,0,5,3,14.0,4.0,No,75,Critical friction
APL-2026-003072,2026-03-25,2026-03-25,2026-03-27,2026-03-31,2026-04-10,2026-04-10,Administrative,Standard,PAY-03,TM-07,TM-03,Closed,Upheld,30,Yes,No,No,1,0,RC-04,No,16.0,0,2,4,10.0,0.0,Yes,30,Moderate friction
APL-2026-003933,2026-01-12,2026-01-14,2026-01-14,2026-01-14,2026-01-15,2026-01-15,Administrative,Standard,PAY-01,TM-01,TM-01,Closed,Overturned,30,Yes,No,No,0,0,RC-04,Yes,3.0,2,0,0,1.0,0.0,Yes,0,Low friction
APL-2026-003967,2026-02-01,2026-02-03,2026-02-03,2026-02-05,2026-02-17,2026-02-17,Administrative,Standard,PAY-04,TM-01,TM-01,Closed,Overturned,30,Yes,No,No,0,0,RC-08,Yes,16.0,2,0,2,12.0,0.0,Yes,0,Low friction
APL-2026-000282,2026-07-12,2026-07-13,2026-07-16,2026-07-17,2026-07-24,2026-07-27,Authorization,Standard,PAY-01,TM-04,TM-07,Closed,Overturned,7,Yes,No,No,1,0,RC-04,No,15.0,1,3,1,7.0,3.0,No,40,High friction
APL-2026-001831,2026-09-07,2026-09-07,2026-09-09,2026-09-10,2026-09-14,2026-09-15,Clinical,Standard,PAY-07,TM-03,TM-03,Closed,Partially Overturned,14,Yes,No,No,0,0,RC-03,Yes,8.0,0,2,1,4.0,1.0,Yes,0,Low friction
APL-2026-000163,2026-09-28,2026-09-28,2026-09-28,2026-09-28,,,Clinical,Standard,PAY-04,TM-02,TM-02,In Review,,14,No,Yes,Yes,0,15,RC-03,Yes,,0,0,0,,,,60,Critical friction
APL-2026-001751,2026-05-25,2026-05-26,2026-05-26,2026-05-29,2026-06-12,2026-06-15,Clinical,Urgent,PAY-03,TM-07,TM-07,Closed,Overturned,7,No,No,No,0,0,RC-12,Yes,21.0,1,0,3,14.0,3.0,No,35,Moderate friction
APL-2026-001644,2026-08-10,2026-08-11,2026-08-12,2026-08-14,,,Clinical,Standard,PAY-01,TM-03,TM-07,Escalated,,14,No,No,No,1,36,RC-03,Yes,,1,1,2,,,,55,High friction
APL-2026-002427,2026-06-28,2026-06-29,2026-07-01,2026-07-06,2026-07-20,2026-07-20,Clinical,Standard,PAY-01,TM-02,TM-04,Closed,Overturned,14,No,No,No,2,4,RC-04,No,22.0,1,2,5,14.0,0.0,No,65,Critical friction
APL-2026-001686,2026-06-29,2026-06-29,2026-07-03,2026-07-03,2026-07-08,2026-07-10,Authorization,Low,PAY-04,TM-04,TM-08,Closed,Overturned,7,Yes,No,No,1,0,RC-04,No,11.0,0,4,0,5.0,2.0,No,30,Moderate friction
APL-2026-000101,2026-05-07,2026-05-07,2026-05-08,2026-05-12,2026-05-18,2026-05-19,Pharmacy,Standard,PAY-04,TM-05,TM-05,Closed,Partially Overturned,7,Yes,No,No,0,0,RC-04,Yes,12.0,0,1,4,6.0,1.0,No,0,Low friction
APL-2026-002202,2026-07-31,2026-07-31,2026-08-03,2026-08-04,2026-08-13,2026-08-13,Clinical,Standard,PAY-01,TM-03,TM-03,Closed,Upheld,14,Yes,No,No,0,0,RC-03,Yes,13.0,0,3,1,9.0,0.0,Yes,0,Low friction
APL-2026-002505,2026-09-21,2026-09-21,2026-09-21,2026-09-23,,,Authorization,Standard,PAY-05,TM-04,TM-04,In Review,,7,Yes,No,No,0,0,RC-02,Yes,,0,0,2,,,,0,Low friction
APL-2026-003347,2026-02-24,2026-02-25,2026-02-26,2026-02-26,2026-03-09,2026-03-09,Clinical,Standard,PAY-01,TM-02,TM-02,Closed,Upheld,14,Yes,Yes,No,0,0,RC-06,Yes,13.0,1,1,0,11.0,0.0,Yes,0,Low friction
APL-2026-003335,2026-07-02,2026-07-02,2026-07-06,2026-07-06,2026-07-15,2026-07-22,Clinical,Standard,PAY-06,TM-07,TM-07,Closed,Partially Overturned,14,Yes,No,No,0,0,RC-09,Yes,20.0,0,4,0,9.0,7.0,No,10,Low friction
APL-2026-003704,2026-04-17,2026-04-20,2026-04-24,2026-04-27,2026-05-05,2026-05-06,Clinical,Standard,PAY-04,TM-02,TM-07,Closed,Upheld,14,Yes,Yes,No,1,0,RC-12,No,19.0,3,4,3,8.0,1.0,No,30,Moderate friction
APL-2026-000409,2026-03-09,2026-03-09,2026-03-10,2026-03-11,2026-03-13,2026-03-13,Clinical,Standard,PAY-03,TM-07,TM-07,Closed,Overturned,14,Yes,No,No,0,0,RC-12,Yes,4.0,0,1,1,2.0,0.0,Yes,0,Low friction
APL-2026-001383,2026-03-09,2026-03-10,2026-03-12,2026-03-16,2026-03-26,2026-04-02,Clinical,Urgent,PAY-04,TM-03,TM-03,Closed,Overturned,7,No,Yes,No,0,0,RC-01,Yes,24.0,1,2,4,10.0,7.0,No,35,Moderate friction
APL-2026-002000,2026-08-19,2026-08-19,2026-08-19,2026-08-19,2026-08-25,2026-08-26,Clinical,Urgent,PAY-02,TM-02,TM-02,Closed,Partially Overturned,7,Yes,No,No,0,0,RC-03,Yes,7.0,0,0,0,6.0,1.0,Yes,0,Low friction
APL-2026-002135,2026-05-27,2026-05-28,2026-05-29,2026-06-01,2026-06-05,2026-06-08,Claims Payment,Standard,PAY-03,TM-07,TM-07,Closed,Partially Overturned,30,Yes,No,No,0,0,RC-10,Yes,12.0,1,1,3,4.0,3.0,Yes,10,Low friction
APL-2026-003263,2026-09-20,2026-09-22,2026-09-22,2026-09-25,,,Claims Payment,Standard,PAY-02,TM-01,TM-01,Escalated,,30,Yes,No,No,0,0,RC-01,Yes,,2,0,3,,,,0,Low friction
APL-2026-002011,2026-07-13,2026-07-14,2026-07-16,2026-07-17,2026-07-28,2026-07-30,Clinical,Standard,PAY-01,TM-02,TM-02,Closed,Overturned,14,Yes,No,No,0,0,RC-07,Yes,17.0,1,2,1,11.0,2.0,No,0,Low friction
APL-2026-000403,2026-03-16,2026-03-16,2026-03-17,2026-03-18,2026-03-19,2026-03-26,Claims Payment,Standard,PAY-02,TM-01,TM-01,Closed,Overturned,30,Yes,No,No,0,0,RC-05,Yes,10.0,0,1,1,1.0,7.0,Yes,10,Low friction
APL-2026-000994,2026-04-13,2026-04-13,2026-04-13,2026-04-14,2026-04-29,2026-04-29,Pharmacy,Standard,PAY-03,TM-05,TM-05,Closed,Partially Overturned,7,Yes,No,No,0,0,RC-09,Yes,16.0,0,0,1,15.0,0.0,No,0,Low friction
APL-2026-001959,2026-04-25,2026-04-27,2026-04-28,2026-04-29,2026-05-22,2026-05-25,Clinical,Urgent,PAY-02,TM-02,TM-02,Closed,Partially Overturned,7,Yes,No,Yes,0,0,RC-10,Yes,30.0,2,1,1,23.0,3.0,No,25,Moderate friction
APL-2026-002916,2026-02-15,2026-02-15,2026-02-15,2026-02-15,2026-02-19,2026-02-23,Administrative,Standard,PAY-03,TM-07,TM-07,Closed,Overturned,30,Yes,No,No,0,0,RC-09,Yes,8.0,0,0,0,4.0,4.0,Yes,10,Low friction
APL-2026-003673,2026-02-02,2026-02-03,2026-02-09,2026-02-10,2026-02-18,2026-02-18,Authorization,Standard,PAY-04,TM-04,TM-04,Closed,Upheld,7,Yes,No,No,0,0,RC-03,Yes,16.0,1,6,1,8.0,0.0,No,0,Low friction
APL-2026-001095,2026-06-21,2026-06-23,2026-06-29,2026-07-01,2026-07-06,2026-07-06,Pharmacy,Standard,PAY-04,TM-05,TM-05,Closed,Partially Overturned,7,Yes,No,No,0,0,RC-10,Yes,15.0,2,6,2,5.0,0.0,No,0,Low friction
APL-2026-001235,2026-01-10,2026-01-13,2026-01-14,2026-01-16,2026-01-21,2026-01-22,Administrative,Standard,PAY-03,TM-07,TM-07,Closed,Overturned,30,Yes,No,No,0,0,RC-04,Yes,12.0,3,1,2,5.0,1.0,Yes,0,Low friction
APL-2026-001440,2026-07-13,2026-07-13,2026-07-13,2026-07-15,2026-07-16,2026-07-20,Authorization,Low,PAY-02,TM-04,TM-04,Closed,Upheld,7,Yes,No,No,0,0,RC-03,Yes,7.0,0,0,2,1.0,4.0,Yes,10,Low friction
APL-2026-003531,2026-04-13,2026-04-13,2026-04-15,2026-04-16,2026-04-24,2026-04-27,Clinical,Standard,PAY-03,TM-07,TM-07,Closed,Upheld,14,Yes,No,No,0,0,RC-02,Yes,14.0,0,2,1,8.0,3.0,Yes,10,Low friction
APL-2026-003825,2026-09-18,2026-09-21,2026-09-22,2026-09-25,2026-09-28,2026-09-28,Administrative,Standard,PAY-01,TM-01,TM-01,Closed,Upheld,30,Yes,No,No,0,0,RC-05,Yes,10.0,3,1,3,3.0,0.0,Yes,0,Low friction
APL-2026-000044,2026-09-21,2026-09-23,2026-09-24,2026-09-25,2026-09-30,2026-09-30,Authorization,Standard,PAY-02,TM-04,TM-04,Closed,Overturned,7,No,No,No,0,0,RC-07,Yes,9.0,2,1,1,5.0,0.0,No,25,Moderate friction
APL-2026-001738,2026-03-07,2026-03-07,2026-03-10,2026-03-11,2026-03-18,2026-03-18,Clinical,Low,PAY-05,TM-02,TM-02,Closed,Partially Overturned,14,Yes,No,No,0,0,RC-01,Yes,11.0,0,3,1,7.0,0.0,Yes,0,Low friction
APL-2026-003955,2026-01-12,2026-01-12,2026-01-13,2026-01-16,2026-01-22,2026-01-22,Administrative,Standard,PAY-03,TM-07,TM-04,Closed,Overturned,30,Yes,No,No,1,0,RC-08,Yes,10.0,0,1,3,6.0,0.0,Yes,10,Low friction
APL-2026-001452,2026-06-16,2026-06-16,2026-06-16,2026-06-16,2026-06-23,2026-06-23,Administrative,Standard,PAY-06,TM-07,TM-07,Closed,Upheld,30,Yes,No,No,0,0,RC-04,Yes,7.0,0,0,0,7.0,0.0,Yes,0,Low friction
APL-2026-000140,2026-07-26,2026-07-28,2026-07-29,2026-07-30,2026-08-04,2026-08-05,Authorization,Standard,PAY-06,TM-04,TM-04,Closed,Upheld,7,Yes,No,No,0,0,RC-02,Yes,10.0,2,1,1,5.0,1.0,No,0,Low friction
APL-2026-003437,2026-03-31,2026-04-01,2026-04-02,2026-04-03,2026-04-16,2026-04-16,Clinical,Urgent,PAY-07,TM-03,TM-03,Closed,Upheld,7,No,No,Yes,0,0,RC-06,Yes,16.0,1,1,1,13.0,0.0,No,40,High friction
APL-2026-003815,2026-06-29,2026-06-30,2026-06-30,2026-07-01,2026-07-13,2026-07-13,Authorization,Standard,PAY-02,TM-04,TM-04,Closed,Upheld,7,No,No,No,0,0,RC-01,Yes,14.0,1,0,1,12.0,0.0,No,25,Moderate friction
APL-2026-002010,2026-08-27,2026-08-28,2026-09-01,2026-09-03,,,Clinical,Standard,PAY-01,TM-02,TM-02,In Review,,14,No,No,Yes,0,19,RC-01,Yes,,1,4,2,,,,60,Critical friction
APL-2026-000249,2026-02-21,2026-02-21,2026-02-23,2026-02-24,2026-02-25,2026-02-25,Claims Payment,Standard,PAY-07,TM-01,TM-01,Closed,Partially Overturned,30,Yes,No,No,0,0,RC-06,Yes,4.0,0,2,1,1.0,0.0,Yes,0,Low friction
APL-2026-001348,2026-09-13,2026-09-13,2026-09-13,2026-09-13,2026-09-22,2026-09-23,Clinical,Low,PAY-02,TM-03,TM-03,Closed,Upheld,14,Yes,No,No,0,0,RC-13,Yes,10.0,0,0,0,9.0,1.0,Yes,0,Low friction
APL-2026-000961,2026-05-30,2026-05-30,2026-06-02,2026-06-02,2026-06-04,2026-06-08,Administrative,Standard,PAY-04,TM-01,TM-01,Closed,Partially Overturned,30,Yes,No,No,0,0,RC-09,Yes,9.0,0,3,0,2.0,4.0,Yes,10,Low friction
APL-2026-001980,2026-05-01,2026-05-01,2026-05-04,2026-05-05,2026-05-07,2026-05-07,Administrative,Standard,PAY-04,TM-01,TM-01,Closed,Upheld,30,Yes,No,No,0,0,RC-09,Yes,6.0,0,3,1,2.0,0.0,Yes,0,Low friction
APL-2026-003656,2026-09-30,2026-10-01,2026-10-05,2026-10-05,,,Clinical,Standard,PAY-01,TM-02,TM-04,Escalated,,14,No,Yes,No,1,9,RC-09,Yes,,1,4,0,,,,55,High friction
APL-2026-002507,2026-07-03,2026-07-03,2026-07-03,2026-07-06,2026-07-14,2026-07-14,Administrative,Standard,PAY-01,TM-01,TM-01,Closed,Partially Overturned,30,Yes,No,No,0,0,RC-09,Yes,11.0,0,0,3,8.0,0.0,Yes,0,Low friction
APL-2026-003849,2026-04-04,2026-04-04,2026-04-04,2026-04-04,2026-04-14,2026-04-14,Pharmacy,Low,PAY-03,TM-05,TM-05,Closed,Upheld,7,Yes,No,No,0,0,RC-06,Yes,10.0,0,0,0,10.0,0.0,No,0,Low friction
APL-2026-003168,2026-05-14,2026-05-14,2026-05-15,2026-05-15,2026-05-29,2026-05-29,Authorization,Urgent,PAY-01,TM-04,TM-04,Closed,Partially Overturned,7,No,No,No,0,5,RC-15,Yes,15.0,0,1,0,14.0,0.0,No,25,Moderate friction
APL-2026-003607,2026-05-06,2026-05-06,2026-05-12,2026-05-13,2026-05-26,2026-05-28,Clinical,Standard,PAY-01,TM-02,TM-02,Closed,Upheld,14,No,Yes,No,0,3,RC-12,Yes,22.0,0,6,1,13.0,2.0,No,25,Moderate friction
APL-2026-002087,2026-03-25,2026-03-25,2026-04-01,2026-04-01,2026-04-09,2026-04-10,Clinical,Standard,PAY-03,TM-07,TM-03,Closed,Partially Overturned,14,Yes,No,No,1,0,RC-05,No,16.0,0,7,0,8.0,1.0,No,30,Moderate friction
APL-2026-003625,2026-04-28,2026-04-28,2026-04-28,2026-04-29,2026-05-14,2026-05-14,Clinical,Standard,PAY-07,TM-02,TM-02,Closed,Overturned,14,Yes,No,No,0,0,RC-02,Yes,16.0,0,0,1,15.0,0.0,No,0,Low friction
APL-2026-002571,2026-06-29,2026-06-30,2026-07-01,2026-07-01,2026-07-03,2026-07-06,Authorization,Standard,PAY-04,TM-04,TM-04,Closed,Overturned,7,Yes,No,No,0,0,RC-06,Yes,7.0,1,1,0,2.0,3.0,Yes,10,Low friction
APL-2026-002991,2026-03-10,2026-03-10,2026-03-10,2026-03-13,2026-03-18,2026-03-19,Authorization,Standard,PAY-02,TM-04,TM-04,Closed,Upheld,7,Yes,No,No,0,0,RC-05,Yes,9.0,0,0,3,5.0,1.0,No,0,Low friction
APL-2026-002107,2026-05-04,2026-05-05,2026-05-05,2026-05-05,2026-05-06,2026-05-06,Clinical,Urgent,PAY-01,TM-03,TM-03,Closed,Upheld,7,Yes,No,No,0,0,RC-06,Yes,2.0,1,0,0,1.0,0.0,Yes,0,Low friction
APL-2026-000771,2026-08-06,2026-08-07,2026-08-07,2026-08-11,2026-08-25,2026-08-25,Clinical,Urgent,PAY-04,TM-02,TM-02,Closed,Overturned,7,Yes,No,No,0,0,RC-06,Yes,19.0,1,0,4,14.0,0.0,No,0,Low friction
APL-2026-002380,2026-04-27,2026-04-27,2026-04-29,2026-04-29,2026-05-26,2026-05-28,Clinical,Standard,PAY-02,TM-03,TM-01,Closed,Partially Overturned,14,No,Yes,No,2,9,RC-04,No,31.0,0,2,0,27.0,2.0,No,85,Critical friction
APL-2026-000562,2026-06-19,2026-06-23,2026-06-24,2026-06-24,2026-06-25,2026-06-25,Administrative,Standard,PAY-06,TM-07,TM-07,Closed,Upheld,30,Yes,No,No,0,0,RC-15,Yes,6.0,4,1,0,1.0,0.0,Yes,0,Low friction
APL-2026-002377,2026-05-30,2026-06-02,2026-06-08,2026-06-11,2026-07-06,2026-07-08,Clinical,Urgent,PAY-02,TM-02,TM-02,Closed,Upheld,7,No,No,Yes,0,10,RC-08,Yes,39.0,3,6,3,25.0,2.0,No,60,Critical friction
APL-2026-002865,2026-01-21,2026-01-22,2026-01-26,2026-01-26,2026-01-27,2026-01-29,Clinical,Low,PAY-03,TM-07,TM-07,Closed,Overturned,14,Yes,No,No,0,0,RC-03,Yes,8.0,1,4,0,1.0,2.0,Yes,0,Low friction
APL-2026-003853,2026-08-27,2026-08-27,2026-08-31,2026-09-01,2026-09-14,2026-09-14,Clinical,Urgent,PAY-06,TM-07,TM-07,Closed,Upheld,7,Yes,No,No,0,0,RC-03,Yes,18.0,0,4,1,13.0,0.0,No,0,Low friction
APL-2026-001200,2026-04-28,2026-04-28,2026-04-30,2026-04-30,2026-05-12,2026-05-13,Pharmacy,Standard,PAY-03,TM-05,TM-05,Closed,Upheld,7,Yes,No,No,0,0,RC-08,Yes,15.0,0,2,0,12.0,1.0,No,0,Low friction
APL-2026-002175,2026-06-19,2026-06-23,2026-06-24,2026-06-25,2026-07-07,2026-07-08,Administrative,Standard,PAY-03,TM-07,TM-07,Closed,Partially Overturned,30,Yes,No,No,0,0,RC-08,Yes,19.0,4,1,1,12.0,1.0,Yes,0,Low friction
APL-2026-000519,2026-06-09,2026-06-10,2026-06-12,2026-06-16,2026-06-17,2026-06-17,Clinical,Standard,PAY-01,TM-03,TM-03,Closed,Upheld,14,No,No,No,0,0,RC-06,Yes,8.0,1,2,4,1.0,0.0,Yes,25,Moderate friction
APL-2026-001202,2026-09-15,2026-09-16,2026-09-17,2026-09-17,,,Administrative,Standard,PAY-01,TM-01,TM-05,Escalated,,30,No,Yes,No,3,0,RC-04,No,,1,1,0,,,,75,Critical friction
APL-2026-000012,2026-01-30,2026-02-02,2026-02-04,2026-02-05,2026-02-06,2026-02-06,Claims Payment,Low,PAY-02,TM-01,TM-01,Closed,Upheld,30,Yes,No,No,0,0,RC-07,Yes,7.0,3,2,1,1.0,0.0,Yes,0,Low friction
APL-2026-002815,2026-05-22,2026-05-22,2026-05-26,2026-05-28,2026-06-01,2026-06-01,Clinical,Standard,PAY-04,TM-03,TM-03,Closed,Overturned,14,Yes,No,No,0,0,RC-12,Yes,10.0,0,4,2,4.0,0.0,Yes,0,Low friction
APL-2026-001058,2026-03-08,2026-03-08,2026-03-08,2026-03-08,2026-03-16,2026-03-18,Clinical,Low,PAY-05,TM-02,TM-02,Closed,Upheld,14,Yes,No,No,0,0,RC-05,Yes,10.0,0,0,0,8.0,2.0,Yes,0,Low friction
APL-2026-002288,2026-08-10,2026-08-10,2026-08-11,2026-08-14,2026-08-20,2026-08-21,Authorization,Standard,PAY-05,TM-04,TM-04,Closed,Upheld,7,Yes,No,No,0,0,RC-03,Yes,11.0,0,1,3,6.0,1.0,No,0,Low friction
APL-2026-003076,2026-09-11,2026-09-11,2026-09-11,2026-09-15,2026-09-21,2026-09-21,Claims Payment,Standard,PAY-01,TM-01,TM-01,Closed,Overturned,30,Yes,No,No,0,0,RC-13,Yes,10.0,0,0,4,6.0,0.0,Yes,0,Low friction
APL-2026-000041,2026-01-23,2026-01-26,2026-01-27,2026-01-27,2026-01-28,2026-01-28,Clinical,Standard,PAY-03,TM-07,TM-07,Closed,Upheld,14,Yes,No,No,0,0,RC-05,Yes,5.0,3,1,0,1.0,0.0,Yes,0,Low friction
APL-2026-000284,2026-04-01,2026-04-03,2026-04-09,2026-04-14,2026-04-15,2026-04-17,Clinical,Low,PAY-07,TM-02,TM-02,Closed,Overturned,14,Yes,No,No,0,0,RC-05,Yes,16.0,2,6,5,1.0,2.0,No,0,Low friction
APL-2026-002682,2026-01-31,2026-01-31,2026-02-03,2026-02-06,2026-03-13,2026-03-16,Administrative,Urgent,PAY-03,TM-07,TM-05,Closed,Partially Overturned,7,No,No,Yes,1,13,RC-04,No,44.0,0,3,3,35.0,3.0,No,100,Critical friction
APL-2026-002053,2026-09-26,2026-09-26,2026-09-29,2026-10-01,,,Clinical,Standard,PAY-05,TM-03,TM-03,In Review,,14,Yes,No,No,0,0,RC-01,Yes,,0,3,2,,,,0,Low friction
APL-2026-000709,2026-02-20,2026-02-20,2026-02-26,2026-03-03,2026-03-05,2026-03-12,Clinical,Urgent,PAY-04,TM-03,TM-03,Closed,Upheld,7,No,No,No,0,0,RC-12,Yes,20.0,0,6,5,2.0,7.0,No,35,Moderate friction
APL-2026-001736,2026-09-07,2026-09-07,2026-09-09,2026-09-09,2026-09-16,2026-09-17,Administrative,Low,PAY-05,TM-01,TM-01,Closed,Upheld,30,No,No,No,0,4,RC-12,Yes,10.0,0,2,0,7.0,1.0,Yes,25,Moderate friction
APL-2026-001664,2026-01-08,2026-01-08,2026-01-12,2026-01-13,2026-02-02,2026-02-02,Clinical,Standard,PAY-07,TM-02,TM-02,Closed,Overturned,14,No,Yes,No,0,11,RC-09,Yes,25.0,0,4,1,20.0,0.0,No,45,High friction
APL-2026-001916,2026-08-28,2026-08-28,2026-08-31,2026-09-02,2026-09-18,2026-09-18,Authorization,Low,PAY-04,TM-04,TM-04,Closed,Upheld,7,Yes,No,No,0,0,RC-09,Yes,21.0,0,3,2,16.0,0.0,No,0,Low friction
APL-2026-003509,2026-01-12,2026-01-13,2026-01-13,2026-01-13,2026-01-29,2026-01-29,Clinical,Standard,PAY-03,TM-07,TM-07,Closed,Upheld,14,No,No,No,0,8,RC-10,Yes,17.0,1,0,0,16.0,0.0,No,45,High friction
APL-2026-001460,2026-01-06,2026-01-08,2026-01-08,2026-01-12,2026-01-16,2026-01-16,Authorization,Urgent,PAY-01,TM-04,TM-04,Closed,Overturned,7,Yes,No,No,0,0,RC-03,Yes,10.0,2,0,4,4.0,0.0,No,0,Low friction
APL-2026-001776,2026-07-05,2026-07-07,2026-07-07,2026-07-08,2026-07-13,2026-07-15,Pharmacy,Standard,PAY-01,TM-05,TM-05,Closed,Upheld,7,Yes,No,No,0,0,RC-09,Yes,10.0,2,0,1,5.0,2.0,No,0,Low friction
APL-2026-000760,2026-04-26,2026-04-26,2026-05-01,2026-05-01,2026-05-28,2026-05-29,Clinical,Standard,PAY-02,TM-03,TM-07,Closed,Overturned,14,Yes,No,No,2,0,RC-15,No,33.0,0,5,0,27.0,1.0,No,40,High friction
APL-2026-002336,2026-09-23,2026-09-25,2026-09-25,2026-09-29,,,Clinical,Urgent,PAY-01,TM-02,TM-02,Pending Information,,7,Yes,No,No,0,0,RC-04,Yes,,2,0,4,,,,0,Low friction
APL-2026-000280,2026-02-12,2026-02-12,2026-02-16,2026-02-19,2026-03-17,2026-03-19,Pharmacy,Low,PAY-02,TM-05,TM-05,Closed,Upheld,7,No,Yes,Yes,0,9,RC-12,Yes,35.0,0,4,3,26.0,2.0,No,60,Critical friction
APL-2026-000206,2026-08-27,2026-08-27,2026-08-27,2026-08-27,2026-09-24,2026-09-24,Pharmacy,Low,PAY-01,TM-05,TM-05,Closed,Upheld,7,No,Yes,No,0,10,RC-12,Yes,28.0,0,0,0,28.0,0.0,No,45,High friction
APL-2026-000120,2026-08-05,2026-08-07,2026-08-07,2026-08-10,2026-08-19,2026-08-19,Administrative,Low,PAY-03,TM-07,TM-07,Closed,Overturned,30,Yes,No,No,0,0,RC-02,Yes,14.0,2,0,3,9.0,0.0,Yes,0,Low friction
APL-2026-002753,2026-04-02,2026-04-02,2026-04-03,2026-04-06,2026-04-07,2026-04-09,Administrative,Urgent,PAY-04,TM-01,TM-01,Closed,Upheld,7,Yes,No,No,0,0,RC-05,Yes,7.0,0,1,3,1.0,2.0,Yes,0,Low friction
APL-2026-003243,2026-04-11,2026-04-11,2026-04-11,2026-04-14,2026-04-16,2026-04-16,Pharmacy,Standard,PAY-02,TM-05,TM-05,Closed,Upheld,7,Yes,No,No,0,0,RC-15,Yes,5.0,0,0,3,2.0,0.0,Yes,0,Low friction
APL-2026-000027,2026-02-01,2026-02-03,2026-02-04,2026-02-04,2026-02-09,2026-02-10,Clinical,Standard,PAY-03,TM-07,TM-07,Closed,Overturned,14,Yes,No,No,0,0,RC-06,Yes,9.0,2,1,0,5.0,1.0,Yes,0,Low friction
APL-2026-000897,2026-03-27,2026-03-27,2026-03-30,2026-04-02,2026-04-06,2026-04-07,Administrative,Low,PAY-02,TM-01,TM-01,Closed,Upheld,30,Yes,No,No,0,0,RC-02,Yes,11.0,0,3,3,4.0,1.0,Yes,0,Low friction
APL-2026-000816,2026-01-30,2026-01-30,2026-02-02,2026-02-02,2026-02-16,2026-02-18,Clinical,Standard,PAY-04,TM-02,TM-02,Closed,Partially Overturned,14,Yes,Yes,No,0,0,RC-11,Yes,19.0,0,3,0,14.0,2.0,No,0,Low friction
APL-2026-000086,2026-08-07,2026-08-10,2026-08-11,2026-08-11,2026-08-19,2026-08-19,Claims Payment,Standard,PAY-02,TM-01,TM-01,Closed,Partially Overturned,30,No,No,No,0,2,RC-01,Yes,12.0,3,1,0,8.0,0.0,Yes,25,Moderate friction
APL-2026-001546,2026-09-09,2026-09-10,2026-09-10,2026-09-15,,,Administrative,Urgent,PAY-06,TM-07,TM-07,Pending Information,,7,No,No,No,0,3,RC-12,Yes,,1,0,5,,,,25,Moderate friction
APL-2026-003289,2026-07-25,2026-07-27,2026-07-27,2026-07-30,2026-08-07,2026-08-10,Administrative,Standard,PAY-02,TM-01,TM-01,Closed,Upheld,30,No,No,No,0,0,RC-05,Yes,16.0,2,0,3,8.0,3.0,Yes,35,Moderate friction
APL-2026-002344,2026-08-13,2026-08-17,2026-08-18,2026-08-21,2026-09-03,2026-09-03,Clinical,Urgent,PAY-04,TM-02,TM-02,Closed,Partially Overturned,7,Yes,No,Yes,0,0,RC-02,Yes,21.0,4,1,3,13.0,0.0,No,15,Low friction
APL-2026-003479,2026-04-27,2026-04-29,2026-04-29,2026-05-04,2026-05-12,2026-05-13,Administrative,Standard,PAY-03,TM-07,TM-07,Closed,Upheld,30,Yes,No,No,0,0,RC-06,Yes,16.0,2,0,5,8.0,1.0,Yes,0,Low friction
APL-2026-002754,2026-09-09,2026-09-10,2026-09-11,2026-09-11,2026-09-14,2026-09-15,Pharmacy,Urgent,PAY-02,TM-05,TM-05,Closed,Overturned,7,Yes,No,No,0,0,RC-03,Yes,6.0,1,1,0,3.0,1.0,Yes,0,Low friction
APL-2026-002152,2026-02-12,2026-02-12,2026-02-13,2026-02-17,2026-02-19,2026-02-23,Clinical,Standard,PAY-06,TM-07,TM-07,Closed,Upheld,14,Yes,No,No,0,0,RC-09,Yes,11.0,0,1,4,2.0,4.0,Yes,10,Low friction
APL-2026-002394,2026-04-25,2026-04-25,2026-04-27,2026-04-28,2026-05-05,2026-05-05,Clinical,Standard,PAY-02,TM-03,TM-03,Closed,Upheld,14,No,Yes,No,0,0,RC-01,Yes,10.0,0,2,1,7.0,0.0,Yes,25,Moderate friction
APL-2026-002557,2026-06-18,2026-06-18,2026-06-18,2026-06-23,2026-06-24,2026-06-26,Authorization,Standard,PAY-03,TM-04,TM-04,Closed,Partially Overturned,7,Yes,No,No,0,0,RC-07,Yes,8.0,0,0,5,1.0,2.0,No,0,Low friction
APL-2026-000306,2026-05-02,2026-05-04,2026-05-05,2026-05-05,2026-05-13,2026-05-20,Claims Payment,Standard,PAY-02,TM-01,TM-01,Closed,Overturned,30,Yes,No,No,0,0,RC-01,Yes,18.0,2,1,0,8.0,7.0,Yes,10,Low friction
APL-2026-000080,2026-02-14,2026-02-14,2026-02-14,2026-02-14,2026-02-24,2026-02-24,Administrative,Standard,PAY-01,TM-01,TM-01,Closed,Upheld,30,Yes,No,No,0,0,RC-03,Yes,10.0,0,0,0,10.0,0.0,Yes,0,Low friction
APL-2026-000876,2026-08-06,2026-08-10,2026-08-13,2026-08-14,2026-08-28,2026-08-28,Claims Payment,Standard,PAY-07,TM-01,TM-06,Closed,Overturned,30,Yes,Yes,No,2,0,RC-04,No,22.0,4,3,1,14.0,0.0,Yes,40,High friction
APL-2026-000148,2026-03-03,2026-03-04,2026-03-05,2026-03-06,2026-03-11,2026-03-11,Clinical,Standard,PAY-02,TM-03,TM-03,Closed,Partially Overturned,14,Yes,No,No,0,0,RC-09,Yes,8.0,1,1,1,5.0,0.0,Yes,0,Low friction
APL-2026-003017,2026-01-03,2026-01-03,2026-01-03,2026-01-05,2026-01-14,2026-01-14,Authorization,Standard,PAY-03,TM-04,TM-04,Closed,Partially Overturned,7,Yes,No,No,0,0,RC-01,Yes,11.0,0,0,2,9.0,0.0,No,0,Low friction
APL-2026-001701,2026-09-22,2026-09-22,2026-09-23,2026-09-25,,,Administrative,Standard,PAY-02,TM-01,TM-01,Escalated,,30,Yes,No,No,0,0,RC-01,Yes,,0,1,2,,,,0,Low friction
APL-2026-001094,2026-06-13,2026-06-15,2026-06-19,2026-06-22,2026-06-30,2026-07-01,Administrative,Standard,PAY-02,TM-01,TM-01,Closed,Upheld,30,Yes,No,No,0,0,RC-03,Yes,18.0,2,4,3,8.0,1.0,Yes,0,Low friction
APL-2026-002646,2026-05-20,2026-05-22,2026-05-25,2026-05-25,2026-06-11,2026-06-11,Clinical,Low,PAY-02,TM-02,TM-02,Closed,Partially Overturned,14,No,Yes,No,0,7,RC-05,Yes,22.0,2,3,0,17.0,0.0,No,45,High friction
APL-2026-001851,2026-02-19,2026-02-20,2026-02-23,2026-02-24,2026-03-05,2026-03-06,Authorization,Low,PAY-02,TM-04,TM-04,Closed,Partially Overturned,7,Yes,No,No,0,0,RC-07,Yes,15.0,1,3,1,9.0,1.0,No,0,Low friction
APL-2026-002003,2026-07-24,2026-07-27,2026-08-03,2026-08-04,2026-08-10,2026-08-10,Clinical,Standard,PAY-03,TM-07,TM-04,Closed,Partially Overturned,14,Yes,No,No,1,0,RC-04,No,17.0,3,7,1,6.0,0.0,No,30,Moderate friction
APL-2026-002478,2026-06-12,2026-06-12,2026-06-12,2026-06-16,2026-07-01,2026-07-02,Clinical,Low,PAY-07,TM-03,TM-03,Closed,Overturned,14,No,Yes,No,0,6,RC-12,Yes,20.0,0,0,4,15.0,1.0,No,45,High friction
APL-2026-000528,2026-05-04,2026-05-05,2026-05-07,2026-05-11,2026-05-18,2026-05-18,Administrative,Standard,PAY-07,TM-01,TM-01,Closed,Overturned,30,Yes,No,No,0,0,RC-05,Yes,14.0,1,2,4,7.0,0.0,Yes,0,Low friction
APL-2026-003184,2026-09-18,2026-09-22,2026-09-22,2026-09-23,,,Authorization,Standard,PAY-01,TM-04,TM-04,In Review,,7,Yes,No,No,0,0,RC-12,Yes,,4,0,1,,,,0,Low friction
APL-2026-002597,2026-06-06,2026-06-06,2026-06-06,2026-06-08,2026-06-17,2026-06-18,Administrative,Standard,PAY-01,TM-01,TM-01,Closed,Partially Overturned,30,Yes,No,No,0,0,RC-05,Yes,12.0,0,0,2,9.0,1.0,Yes,0,Low friction
APL-2026-002506,2026-03-30,2026-03-30,2026-03-31,2026-03-31,2026-04-09,2026-04-09,Pharmacy,Low,PAY-02,TM-05,TM-05,Closed,Upheld,7,Yes,No,No,0,0,RC-05,Yes,10.0,0,1,0,9.0,0.0,No,0,Low friction
APL-2026-002725,2026-06-09,2026-06-09,2026-06-11,2026-06-15,2026-06-26,2026-06-26,Pharmacy,Standard,PAY-06,TM-05,TM-05,Closed,Upheld,7,Yes,No,No,0,0,RC-11,Yes,17.0,0,2,4,11.0,0.0,No,0,Low friction
APL-2026-000800,2026-02-01,2026-02-03,2026-02-05,2026-02-09,2026-02-10,2026-02-17,Pharmacy,Low,PAY-01,TM-05,TM-05,Closed,Upheld,7,Yes,No,No,0,0,RC-04,Yes,16.0,2,2,4,1.0,7.0,No,10,Low friction
APL-2026-000566,2026-03-31,2026-04-01,2026-04-03,2026-04-03,2026-04-07,2026-04-09,Clinical,Standard,PAY-01,TM-03,TM-03,Closed,Upheld,14,Yes,No,No,0,0,RC-06,Yes,9.0,1,2,0,4.0,2.0,Yes,0,Low friction
APL-2026-000244,2026-06-08,2026-06-08,2026-06-12,2026-06-15,2026-06-16,2026-06-18,Clinical,Standard,PAY-01,TM-02,TM-02,Closed,Partially Overturned,14,Yes,No,No,0,0,RC-05,Yes,10.0,0,4,3,1.0,2.0,Yes,0,Low friction
APL-2026-001088,2026-09-24,2026-09-24,2026-09-24,2026-09-29,,,Pharmacy,Urgent,PAY-03,TM-05,TM-05,Escalated,,7,Yes,No,No,0,0,RC-14,Yes,,0,0,5,,,,0,Low friction
APL-2026-000311,2026-08-29,2026-08-29,2026-09-01,2026-09-01,2026-09-02,2026-09-02,Administrative,Standard,PAY-05,TM-01,TM-01,Closed,Upheld,30,Yes,No,No,0,0,RC-03,Yes,4.0,0,3,0,1.0,0.0,Yes,0,Low friction
APL-2026-002411,2026-06-11,2026-06-11,2026-06-15,2026-06-17,2026-06-23,2026-06-23,Clinical,Standard,PAY-04,TM-03,TM-03,Closed,Upheld,14,Yes,No,Yes,0,0,RC-02,Yes,12.0,0,4,2,6.0,0.0,Yes,15,Low friction
APL-2026-000382,2026-01-29,2026-01-30,2026-02-04,2026-02-09,2026-02-26,2026-02-26,Authorization,Standard,PAY-04,TM-04,TM-06,Closed,Upheld,7,Yes,No,No,3,0,RC-13,No,28.0,1,5,5,17.0,0.0,No,50,High friction
APL-2026-002044,2026-05-10,2026-05-10,2026-05-14,2026-05-18,2026-06-16,2026-06-23,Clinical,Low,PAY-03,TM-07,TM-01,Closed,Partially Overturned,14,No,No,Yes,3,6,RC-05,No,44.0,0,4,4,29.0,7.0,No,120,Critical friction
APL-2026-003091,2026-09-06,2026-09-07,2026-09-07,2026-09-07,2026-09-08,2026-09-09,Clinical,Standard,PAY-04,TM-03,TM-03,Closed,Upheld,14,Yes,No,No,0,0,RC-12,Yes,3.0,1,0,0,1.0,1.0,Yes,0,Low friction
APL-2026-002488,2026-05-16,2026-05-18,2026-05-18,2026-05-21,2026-05-29,2026-05-29,Administrative,Low,PAY-05,TM-01,TM-04,Closed,Upheld,30,Yes,No,No,1,0,RC-02,Yes,13.0,2,0,3,8.0,0.0,Yes,10,Low friction
APL-2026-001702,2026-01-13,2026-01-15,2026-01-15,2026-01-19,2026-02-03,2026-02-05,Clinical,Standard,PAY-06,TM-07,TM-03,Closed,Upheld,14,No,No,Yes,1,3,RC-12,Yes,23.0,2,0,4,15.0,2.0,No,50,High friction
APL-2026-000520,2026-06-11,2026-06-12,2026-06-15,2026-06-16,2026-07-10,2026-07-13,Clinical,Standard,PAY-04,TM-02,TM-06,Closed,Upheld,14,No,Yes,No,1,9,RC-04,No,32.0,1,3,1,24.0,3.0,No,85,Critical friction
APL-2026-001103,2026-01-26,2026-01-26,2026-01-26,2026-01-28,2026-02-17,2026-02-17,Authorization,Urgent,PAY-01,TM-04,TM-04,Closed,Upheld,7,Yes,No,No,0,0,RC-03,Yes,22.0,0,0,2,20.0,0.0,No,0,Low friction
APL-2026-001086,2026-04-23,2026-04-24,2026-04-27,2026-04-29,2026-05-07,2026-05-07,Pharmacy,Standard,PAY-05,TM-05,TM-06,Closed,Upheld,7,No,No,No,1,0,RC-12,Yes,14.0,1,3,2,8.0,0.0,No,35,Moderate friction
APL-2026-002933,2026-03-07,2026-03-09,2026-03-13,2026-03-13,2026-03-23,2026-03-25,Clinical,Standard,PAY-07,TM-03,TM-03,Closed,Partially Overturned,14,Yes,Yes,No,0,0,RC-01,Yes,18.0,2,4,0,10.0,2.0,No,0,Low friction
APL-2026-003617,2026-06-21,2026-06-21,2026-06-23,2026-06-23,2026-06-25,2026-06-26,Authorization,Standard,PAY-07,TM-04,TM-04,Closed,Upheld,7,Yes,No,No,0,0,RC-07,Yes,5.0,0,2,0,2.0,1.0,Yes,0,Low friction
APL-2026-001595,2026-07-27,2026-07-27,2026-07-28,2026-07-28,2026-08-06,2026-08-07,Clinical,Standard,PAY-05,TM-02,TM-02,Closed,Upheld,14,Yes,No,No,0,0,RC-02,Yes,11.0,0,1,0,9.0,1.0,Yes,0,Low friction
APL-2026-003487,2026-01-28,2026-01-28,2026-01-29,2026-02-02,2026-02-09,2026-02-09,Administrative,Low,PAY-06,TM-07,TM-05,Closed,Upheld,30,Yes,No,No,1,0,RC-03,Yes,12.0,0,1,4,7.0,0.0,Yes,10,Low friction
APL-2026-000493,2026-06-08,2026-06-09,2026-06-11,2026-06-16,2026-06-19,2026-06-19,Claims Payment,Standard,PAY-03,TM-07,TM-01,Closed,Overturned,30,Yes,No,No,1,0,RC-03,Yes,11.0,1,2,5,3.0,0.0,Yes,10,Low friction
APL-2026-001796,2026-07-28,2026-07-28,2026-07-28,2026-07-28,2026-08-03,2026-08-04,Clinical,Urgent,PAY-05,TM-03,TM-03,Closed,Upheld,7,Yes,No,No,0,0,RC-03,Yes,7.0,0,0,0,6.0,1.0,Yes,0,Low friction
APL-2026-000579,2026-02-12,2026-02-12,2026-02-12,2026-02-12,2026-03-03,2026-03-04,Pharmacy,Standard,PAY-01,TM-05,TM-05,Closed,Overturned,7,No,Yes,No,0,7,RC-14,Yes,20.0,0,0,0,19.0,1.0,No,45,High friction
APL-2026-003028,2026-08-17,2026-08-18,2026-08-18,2026-08-20,2026-08-25,2026-08-25,Authorization,Standard,PAY-04,TM-04,TM-02,Closed,Partially Overturned,7,Yes,No,No,1,0,RC-09,Yes,8.0,1,0,2,5.0,0.0,No,10,Low friction
APL-2026-001803,2026-09-02,2026-09-02,2026-09-04,2026-09-08,2026-09-24,2026-09-25,Administrative,Standard,PAY-04,TM-01,TM-01,Closed,Upheld,30,No,No,No,0,7,RC-11,Yes,23.0,0,2,4,16.0,1.0,Yes,45,High friction
APL-2026-002148,2026-04-21,2026-04-21,2026-04-28,2026-05-01,2026-05-22,2026-05-25,Administrative,Low,PAY-06,TM-07,TM-04,Closed,Upheld,30,No,No,Yes,1,6,RC-01,No,34.0,0,7,3,21.0,3.0,No,100,Critical friction
APL-2026-000607,2026-08-16,2026-08-16,2026-08-17,2026-08-17,2026-08-21,2026-08-21,Administrative,Standard,PAY-01,TM-01,TM-01,Closed,Upheld,30,Yes,No,No,0,0,RC-04,Yes,5.0,0,1,0,4.0,0.0,Yes,0,Low friction
APL-2026-002659,2026-06-17,2026-06-19,2026-06-22,2026-06-22,2026-06-29,2026-06-29,Administrative,Standard,PAY-01,TM-01,TM-02,Closed,Overturned,30,Yes,No,No,1,0,RC-02,Yes,12.0,2,3,0,7.0,0.0,Yes,10,Low friction
APL-2026-003560,2026-07-10,2026-07-10,2026-07-16,2026-07-17,2026-07-22,2026-07-22,Clinical,Low,PAY-02,TM-02,TM-02,Closed,Overturned,14,Yes,No,No,0,0,RC-08,Yes,12.0,0,6,1,5.0,0.0,Yes,0,Low friction
APL-2026-001730,2026-07-30,2026-07-31,2026-08-03,2026-08-03,2026-08-11,2026-08-11,Authorization,Standard,PAY-04,TM-04,TM-04,Closed,Overturned,7,Yes,No,No,0,0,RC-06,Yes,12.0,1,3,0,8.0,0.0,No,0,Low friction
APL-2026-000643,2026-08-13,2026-08-13,2026-08-13,2026-08-17,2026-08-26,2026-08-26,Authorization,Standard,PAY-03,TM-04,TM-07,Closed,Partially Overturned,7,Yes,No,No,1,0,RC-01,Yes,13.0,0,0,4,9.0,0.0,No,10,Low friction
APL-2026-002872,2026-09-29,2026-09-29,2026-09-30,2026-10-02,,,Administrative,Standard,PAY-01,TM-01,TM-01,Pending Information,,30,Yes,No,Yes,0,0,RC-01,Yes,,0,1,2,,,,15,Low friction
APL-2026-003131,2026-02-14,2026-02-14,2026-02-19,2026-02-19,2026-02-20,2026-02-23,Claims Payment,Standard,PAY-05,TM-01,TM-01,Closed,Overturned,30,Yes,No,No,0,0,RC-06,Yes,9.0,0,5,0,1.0,3.0,Yes,10,Low friction
APL-2026-001747,2026-07-20,2026-07-20,2026-07-24,2026-07-24,2026-07-27,2026-07-28,Pharmacy,Standard,PAY-01,TM-05,TM-05,Closed,Upheld,7,Yes,No,No,0,0,RC-09,Yes,8.0,0,4,0,3.0,1.0,No,0,Low friction
APL-2026-002191,2026-06-02,2026-06-03,2026-06-03,2026-06-04,2026-06-15,2026-06-16,Pharmacy,Standard,PAY-04,TM-05,TM-05,Closed,Upheld,7,No,No,No,0,6,RC-05,Yes,14.0,1,0,1,11.0,1.0,No,45,High friction
APL-2026-003806,2026-07-11,2026-07-11,2026-07-13,2026-07-15,2026-07-31,2026-08-03,Pharmacy,Standard,PAY-07,TM-05,TM-03,Closed,Upheld,7,Yes,No,No,1,0,RC-07,Yes,23.0,0,2,2,16.0,3.0,No,20,Moderate friction
APL-2026-002875,2026-07-02,2026-07-06,2026-07-07,2026-07-10,2026-07-14,2026-07-14,Authorization,Low,PAY-04,TM-04,TM-04,Closed,Upheld,7,Yes,No,No,0,0,RC-02,Yes,12.0,4,1,3,4.0,0.0,No,0,Low friction
APL-2026-002423,2026-01-03,2026-01-03,2026-01-07,2026-01-08,2026-01-23,2026-01-30,Authorization,Standard,PAY-01,TM-04,TM-01,Closed,Partially Overturned,7,Yes,Yes,No,2,0,RC-04,No,27.0,0,4,1,15.0,7.0,No,50,High friction
APL-2026-003968,2026-07-27,2026-07-27,2026-07-29,2026-08-03,2026-08-04,2026-08-05,Clinical,Standard,PAY-02,TM-03,TM-03,Closed,Upheld,14,Yes,No,No,0,0,RC-09,Yes,9.0,0,2,5,1.0,1.0,Yes,0,Low friction
APL-2026-002796,2026-08-04,2026-08-05,2026-08-05,2026-08-10,2026-08-25,2026-08-25,Clinical,Standard,PAY-05,TM-02,TM-02,Closed,Overturned,14,No,Yes,No,0,5,RC-01,Yes,21.0,1,0,5,15.0,0.0,No,25,Moderate friction
APL-2026-003972,2026-09-18,2026-09-21,2026-09-25,2026-09-25,,,Clinical,Low,PAY-01,TM-02,TM-02,Pending Information,,14,No,No,Yes,0,2,RC-12,Yes,,3,4,0,,,,40,High friction
APL-2026-002972,2026-06-04,2026-06-04,2026-06-08,2026-06-11,2026-06-30,2026-07-01,Clinical,Standard,PAY-01,TM-03,TM-03,Closed,Overturned,14,Yes,No,No,0,0,RC-07,Yes,27.0,0,4,3,19.0,1.0,No,0,Low friction
APL-2026-000145,2026-05-24,2026-05-25,2026-05-27,2026-05-29,2026-06-15,2026-06-22,Clinical,Standard,PAY-04,TM-02,TM-02,Closed,Upheld,14,No,No,Yes,0,3,RC-09,Yes,29.0,1,2,2,17.0,7.0,No,50,High friction
APL-2026-003966,2026-07-09,2026-07-13,2026-07-13,2026-07-14,2026-07-15,2026-07-17,Administrative,Standard,PAY-01,TM-01,TM-01,Closed,Overturned,30,Yes,No,No,0,0,RC-04,Yes,8.0,4,0,1,1.0,2.0,Yes,0,Low friction
APL-2026-000521,2026-08-21,2026-08-21,2026-08-21,2026-08-21,2026-09-15,2026-09-17,Clinical,Standard,PAY-03,TM-07,TM-07,Closed,Partially Overturned,14,No,No,Yes,0,11,RC-01,Yes,27.0,0,0,0,25.0,2.0,No,60,Critical friction
APL-2026-002923,2026-05-16,2026-05-16,2026-05-16,2026-05-18,2026-05-20,2026-05-20,Claims Payment,Standard,PAY-01,TM-01,TM-01,Closed,Partially Overturned,30,Yes,No,No,0,0,RC-01,Yes,4.0,0,0,2,2.0,0.0,Yes,0,Low friction
APL-2026-003018,2026-04-03,2026-04-03,2026-04-03,2026-04-07,2026-04-09,2026-04-09,Claims Payment,Standard,PAY-01,TM-01,TM-01,Closed,Overturned,30,Yes,No,No,0,0,RC-09,Yes,6.0,0,0,4,2.0,0.0,Yes,0,Low friction
APL-2026-000538,2026-03-05,2026-03-05,2026-03-06,2026-03-06,2026-03-10,2026-03-11,Claims Payment,Standard,PAY-06,TM-07,TM-07,Closed,Overturned,30,Yes,No,No,0,0,RC-04,Yes,6.0,0,1,0,4.0,1.0,Yes,0,Low friction
APL-2026-003813,2026-03-20,2026-03-23,2026-03-25,2026-03-30,2026-04-08,2026-04-15,Administrative,Standard,PAY-03,TM-07,TM-05,Closed,Overturned,30,Yes,No,No,1,0,RC-10,Yes,26.0,3,2,5,9.0,7.0,Yes,20,Moderate friction
APL-2026-003613,2026-07-27,2026-07-27,2026-07-28,2026-07-30,2026-08-06,2026-08-07,Clinical,Standard,PAY-03,TM-07,TM-07,Closed,Partially Overturned,14,Yes,No,No,0,0,RC-11,Yes,11.0,0,1,2,7.0,1.0,Yes,0,Low friction
APL-2026-000954,2026-07-13,2026-07-13,2026-07-13,2026-07-13,2026-08-31,2026-09-02,Administrative,Urgent,PAY-03,TM-07,TM-07,Closed,Overturned,7,No,No,No,0,25,RC-07,Yes,51.0,0,0,0,49.0,2.0,No,45,High friction
APL-2026-003206,2026-09-06,2026-09-07,2026-09-09,2026-09-09,2026-09-10,2026-09-11,Clinical,Standard,PAY-01,TM-03,TM-03,Closed,Upheld,14,Yes,No,No,0,0,RC-04,Yes,5.0,1,2,0,1.0,1.0,Yes,0,Low friction
APL-2026-001543,2026-05-03,2026-05-03,2026-05-03,2026-05-05,2026-05-25,2026-05-26,Clinical,Standard,PAY-01,TM-02,TM-02,Closed,Upheld,14,No,No,No,0,11,RC-12,Yes,23.0,0,0,2,20.0,1.0,No,45,High friction
APL-2026-000921,2026-02-28,2026-03-03,2026-03-03,2026-03-03,2026-03-12,2026-03-12,Clinical,Standard,PAY-03,TM-07,TM-07,Closed,Partially Overturned,14,No,No,No,0,0,RC-12,Yes,12.0,3,0,0,9.0,0.0,Yes,25,Moderate friction
APL-2026-000780,2026-05-08,2026-05-08,2026-05-14,2026-05-14,2026-05-29,2026-05-29,Administrative,Urgent,PAY-06,TM-07,TM-07,Closed,Upheld,7,Yes,Yes,Yes,0,0,RC-01,Yes,21.0,0,6,0,15.0,0.0,No,15,Low friction
APL-2026-000451,2026-08-31,2026-09-01,2026-09-02,2026-09-03,2026-09-04,2026-09-07,Administrative,Low,PAY-06,TM-07,TM-07,Closed,Upheld,30,No,No,No,0,0,RC-01,Yes,7.0,1,1,1,1.0,3.0,Yes,35,Moderate friction
APL-2026-001681,2026-01-05,2026-01-05,2026-01-06,2026-01-09,2026-01-16,2026-01-19,Clinical,Standard,PAY-01,TM-02,TM-02,Closed,Upheld,14,Yes,Yes,No,0,0,RC-01,Yes,14.0,0,1,3,7.0,3.0,Yes,10,Low friction
APL-2026-000931,2026-03-21,2026-03-23,2026-03-23,2026-03-24,2026-03-26,2026-03-30,Authorization,Standard,PAY-02,TM-04,TM-04,Closed,Upheld,7,Yes,No,No,0,0,RC-04,Yes,9.0,2,0,1,2.0,4.0,No,10,Low friction
APL-2026-003719,2026-02-20,2026-02-20,2026-02-23,2026-02-23,2026-02-27,2026-03-02,Clinical,Standard,PAY-06,TM-07,TM-06,Closed,Overturned,14,Yes,No,No,1,0,RC-05,Yes,10.0,0,3,0,4.0,3.0,Yes,20,Moderate friction
APL-2026-001798,2026-01-27,2026-01-27,2026-01-28,2026-01-30,2026-02-10,2026-02-17,Clinical,Standard,PAY-04,TM-02,TM-02,Closed,Overturned,14,No,No,Yes,0,0,RC-05,Yes,21.0,0,1,2,11.0,7.0,No,50,High friction
APL-2026-002489,2026-02-27,2026-02-27,2026-03-03,2026-03-03,2026-03-04,2026-03-04,Clinical,Urgent,PAY-07,TM-02,TM-02,Closed,Upheld,7,Yes,No,No,0,0,RC-13,Yes,5.0,0,4,0,1.0,0.0,Yes,0,Low friction
APL-2026-003838,2026-04-26,2026-04-26,2026-04-26,2026-04-27,2026-05-11,2026-05-12,Administrative,Standard,PAY-03,TM-07,TM-04,Closed,Upheld,30,Yes,No,Yes,1,0,RC-07,Yes,16.0,0,0,1,14.0,1.0,Yes,25,Moderate friction
APL-2026-002022,2026-09-14,2026-09-14,2026-09-14,2026-09-16,2026-09-18,2026-09-18,Clinical,Standard,PAY-06,TM-07,TM-07,Closed,Overturned,14,No,Yes,No,0,0,RC-08,Yes,4.0,0,0,2,2.0,0.0,Yes,25,Moderate friction
APL-2026-000434,2026-07-23,2026-07-27,2026-07-29,2026-07-30,2026-08-12,2026-08-12,Authorization,Standard,PAY-04,TM-04,TM-04,Closed,Overturned,7,No,No,No,0,7,RC-10,Yes,20.0,4,2,1,13.0,0.0,No,45,High friction
APL-2026-000395,2026-04-08,2026-04-10,2026-04-16,2026-04-16,2026-04-22,2026-04-24,Authorization,Standard,PAY-04,TM-04,TM-04,Closed,Upheld,7,Yes,No,No,0,0,RC-03,Yes,16.0,2,6,0,6.0,2.0,No,0,Low friction
APL-2026-003317,2026-08-25,2026-08-27,2026-08-28,2026-08-31,2026-09-07,2026-09-09,Clinical,Low,PAY-05,TM-02,TM-06,Closed,Overturned,14,Yes,No,No,1,0,RC-04,Yes,15.0,2,1,3,7.0,2.0,No,10,Low friction
APL-2026-000759,2026-05-29,2026-06-01,2026-06-02,2026-06-03,2026-06-04,2026-06-04,Authorization,Standard,PAY-02,TM-04,TM-04,Closed,Overturned,7,Yes,No,No,0,0,RC-05,Yes,6.0,3,1,1,1.0,0.0,Yes,0,Low friction
APL-2026-002470,2026-07-04,2026-07-06,2026-07-08,2026-07-13,2026-07-15,2026-07-17,Clinical,Urgent,PAY-03,TM-07,TM-07,Closed,Partially Overturned,7,Yes,No,No,0,0,RC-07,Yes,13.0,2,2,5,2.0,2.0,No,0,Low friction
APL-2026-003965,2026-05-10,2026-05-10,2026-05-18,2026-05-19,2026-05-28,2026-05-29,Claims Payment,Standard,PAY-01,TM-01,TM-07,Closed,Partially Overturned,30,Yes,No,No,1,0,RC-01,No,19.0,0,8,1,9.0,1.0,Yes,30,Moderate friction
APL-2026-003847,2026-06-13,2026-06-16,2026-06-17,2026-06-22,2026-06-30,2026-07-02,Pharmacy,Standard,PAY-02,TM-05,TM-05,Closed,Overturned,7,Yes,No,No,0,0,RC-02,Yes,19.0,3,1,5,8.0,2.0,No,0,Low friction
APL-2026-001438,2026-09-29,2026-09-29,2026-10-05,2026-10-05,,,Clinical,Standard,PAY-05,TM-03,TM-03,Pending Information,,14,No,Yes,No,0,2,RC-04,Yes,,0,6,0,,,,25,Moderate friction
APL-2026-003532,2026-09-20,2026-09-20,2026-09-24,2026-09-24,,,Authorization,Urgent,PAY-01,TM-04,TM-04,In Review,,7,Yes,No,No,0,0,RC-01,Yes,,0,4,0,,,,0,Low friction
APL-2026-000983,2026-05-30,2026-06-01,2026-06-01,2026-06-02,2026-06-04,2026-06-04,Clinical,Standard,PAY-07,TM-03,TM-03,Closed,Overturned,14,Yes,No,No,0,0,RC-13,Yes,5.0,2,0,1,2.0,0.0,Yes,0,Low friction
APL-2026-003444,2026-05-03,2026-05-03,2026-05-03,2026-05-03,2026-05-12,2026-05-12,Authorization,Low,PAY-02,TM-04,TM-04,Closed,Upheld,7,Yes,No,No,0,0,RC-03,Yes,9.0,0,0,0,9.0,0.0,No,0,Low friction
APL-2026-001061,2026-02-04,2026-02-05,2026-02-16,2026-02-16,2026-03-17,2026-03-17,Administrative,Standard,PAY-02,TM-01,TM-07,Closed,Upheld,30,No,Yes,No,1,9,RC-03,No,41.0,1,11,0,29.0,0.0,No,75,Critical friction
APL-2026-002262,2026-06-11,2026-06-11,2026-06-17,2026-06-22,2026-06-30,2026-06-30,Authorization,Standard,PAY-04,TM-04,TM-01,Closed,Upheld,7,Yes,No,No,1,0,RC-10,Yes,19.0,0,6,5,8.0,0.0,No,10,Low friction
APL-2026-001914,2026-02-24,2026-02-24,2026-02-25,2026-02-26,2026-03-26,2026-03-30,Administrative,Standard,PAY-02,TM-01,TM-01,Closed,Overturned,30,Yes,No,No,0,0,RC-11,Yes,34.0,0,1,1,28.0,4.0,No,10,Low friction
APL-2026-003324,2026-05-09,2026-05-11,2026-05-15,2026-05-15,2026-05-18,2026-05-19,Claims Payment,Standard,PAY-05,TM-01,TM-01,Closed,Overturned,30,Yes,No,No,0,0,RC-02,Yes,10.0,2,4,0,3.0,1.0,Yes,0,Low friction
APL-2026-002511,2026-07-07,2026-07-08,2026-07-08,2026-07-09,2026-07-23,2026-07-23,Clinical,Urgent,PAY-06,TM-07,TM-07,Closed,Partially Overturned,7,No,Yes,No,0,3,RC-13,Yes,16.0,1,0,1,14.0,0.0,No,25,Moderate friction
APL-2026-000034,2026-04-29,2026-04-29,2026-04-29,2026-04-29,2026-05-04,2026-05-05,Authorization,Standard,PAY-04,TM-04,TM-04,Closed,Upheld,7,Yes,No,No,0,0,RC-05,Yes,6.0,0,0,0,5.0,1.0,Yes,0,Low friction
APL-2026-002954,2026-07-24,2026-07-24,2026-07-24,2026-07-27,2026-08-18,2026-08-25,Clinical,Standard,PAY-01,TM-02,TM-02,Closed,Upheld,14,No,No,Yes,0,10,RC-04,Yes,32.0,0,0,3,22.0,7.0,No,70,Critical friction
APL-2026-000115,2026-08-25,2026-08-25,2026-08-25,2026-08-26,2026-09-07,2026-09-09,Clinical,Standard,PAY-01,TM-03,TM-03,Closed,Overturned,14,Yes,No,No,0,0,RC-09,Yes,15.0,0,0,1,12.0,2.0,No,0,Low friction
APL-2026-003533,2026-04-06,2026-04-07,2026-04-07,2026-04-08,2026-04-09,2026-04-09,Clinical,Standard,PAY-01,TM-03,TM-03,Closed,Overturned,14,Yes,No,No,0,0,RC-10,Yes,3.0,1,0,1,1.0,0.0,Yes,0,Low friction
APL-2026-000207,2026-09-12,2026-09-12,2026-09-14,2026-09-16,2026-09-30,2026-09-30,Authorization,Low,PAY-02,TM-04,TM-04,Closed,Partially Overturned,7,No,Yes,Yes,0,5,RC-12,Yes,18.0,0,2,2,14.0,0.0,No,40,High friction
APL-2026-002755,2026-01-03,2026-01-05,2026-01-06,2026-01-06,2026-01-19,2026-01-20,Clinical,Urgent,PAY-04,TM-02,TM-02,Closed,Overturned,7,Yes,No,No,0,0,RC-05,Yes,17.0,2,1,0,13.0,1.0,No,0,Low friction
APL-2026-002429,2026-04-14,2026-04-15,2026-04-17,2026-04-22,2026-05-11,2026-05-11,Clinical,Low,PAY-05,TM-03,TM-04,Closed,Upheld,14,No,No,No,1,6,RC-05,Yes,27.0,1,2,5,19.0,0.0,No,55,High friction
APL-2026-001182,2026-01-17,2026-01-19,2026-01-20,2026-01-21,2026-01-23,2026-01-26,Authorization,Standard,PAY-03,TM-04,TM-04,Closed,Upheld,7,Yes,No,No,0,0,RC-05,Yes,9.0,2,1,1,2.0,3.0,No,10,Low friction
APL-2026-000749,2026-05-21,2026-05-22,2026-05-22,2026-05-26,2026-05-27,2026-05-28,Clinical,Low,PAY-04,TM-02,TM-02,Closed,Upheld,14,Yes,No,No,0,0,RC-01,Yes,7.0,1,0,4,1.0,1.0,Yes,0,Low friction
APL-2026-001539,2026-06-27,2026-06-27,2026-07-02,2026-07-02,2026-07-10,2026-07-10,Authorization,Urgent,PAY-05,TM-04,TM-04,Closed,Upheld,7,No,Yes,No,0,0,RC-01,Yes,13.0,0,5,0,8.0,0.0,No,25,Moderate friction
APL-2026-002039,2026-03-21,2026-03-21,2026-03-24,2026-03-25,2026-03-31,2026-04-02,Administrative,Low,PAY-02,TM-01,TM-01,Closed,Upheld,30,No,No,No,0,0,RC-01,Yes,12.0,0,3,1,6.0,2.0,Yes,25,Moderate friction
APL-2026-002798,2026-09-04,2026-09-04,2026-09-07,2026-09-07,2026-09-15,2026-09-17,Pharmacy,Standard,PAY-02,TM-05,TM-05,Closed,Overturned,7,Yes,No,Yes,0,0,RC-08,Yes,13.0,0,3,0,8.0,2.0,No,15,Low friction
APL-2026-000949,2026-08-11,2026-08-11,2026-08-11,2026-08-12,2026-08-25,2026-08-26,Administrative,Standard,PAY-02,TM-01,TM-01,Closed,Upheld,30,Yes,No,No,0,0,RC-14,Yes,15.0,0,0,1,13.0,1.0,Yes,0,Low friction
APL-2026-002944,2026-08-24,2026-08-25,2026-08-27,2026-08-31,2026-09-03,2026-09-03,Clinical,Urgent,PAY-02,TM-03,TM-03,Closed,Overturned,7,Yes,No,No,0,0,RC-05,Yes,10.0,1,2,4,3.0,0.0,No,0,Low friction
APL-2026-000928,2026-01-20,2026-01-22,2026-01-22,2026-01-26,2026-01-30,2026-02-03,Clinical,Standard,PAY-03,TM-07,TM-06,Closed,Upheld,14,Yes,No,No,1,0,RC-05,Yes,14.0,2,0,4,4.0,4.0,Yes,20,Moderate friction
APL-2026-002881,2026-09-03,2026-09-07,2026-09-08,2026-09-11,2026-09-24,2026-09-24,Administrative,Low,PAY-05,TM-01,TM-01,Closed,Upheld,30,Yes,No,No,0,0,RC-10,Yes,21.0,4,1,3,13.0,0.0,Yes,0,Low friction
APL-2026-001323,2026-04-16,2026-04-16,2026-04-20,2026-04-21,2026-04-24,2026-04-24,Authorization,Urgent,PAY-03,TM-04,TM-03,Closed,Upheld,7,Yes,No,No,1,0,RC-04,No,8.0,0,4,1,3.0,0.0,No,30,Moderate friction
APL-2026-003496,2026-06-17,2026-06-17,2026-06-22,2026-06-22,2026-07-10,2026-07-13,Administrative,Standard,PAY-01,TM-01,TM-05,Closed,Upheld,30,Yes,No,No,1,0,RC-14,No,26.0,0,5,0,18.0,3.0,Yes,40,High friction
APL-2026-001841,2026-08-06,2026-08-06,2026-08-06,2026-08-07,2026-08-24,2026-08-26,Clinical,Urgent,PAY-02,TM-03,TM-03,Closed,Overturned,7,Yes,No,No,0,0,RC-03,Yes,20.0,0,0,1,17.0,2.0,No,0,Low friction
APL-2026-002554,2026-01-07,2026-01-09,2026-01-09,2026-01-12,2026-01-16,2026-01-19,Clinical,Standard,PAY-03,TM-07,TM-07,Closed,Upheld,14,No,No,No,0,3,RC-05,Yes,12.0,2,0,3,4.0,3.0,Yes,35,Moderate friction
APL-2026-001509,2026-01-21,2026-01-22,2026-01-22,2026-01-23,2026-01-26,2026-01-28,Clinical,Standard,PAY-03,TM-07,TM-07,Closed,Upheld,14,No,No,No,0,0,RC-01,Yes,7.0,1,0,1,3.0,2.0,Yes,25,Moderate friction
APL-2026-000021,2026-05-24,2026-05-26,2026-05-27,2026-05-27,2026-06-03,2026-06-03,Clinical,Urgent,PAY-02,TM-03,TM-03,Closed,Partially Overturned,7,No,No,Yes,0,0,RC-06,Yes,10.0,2,1,0,7.0,0.0,No,40,High friction
APL-2026-003585,2026-04-29,2026-04-30,2026-05-01,2026-05-05,2026-05-15,2026-05-15,Authorization,Standard,PAY-02,TM-04,TM-04,Closed,Overturned,7,Yes,Yes,No,0,0,RC-10,Yes,16.0,1,1,4,10.0,0.0,No,0,Low friction
APL-2026-000869,2026-04-01,2026-04-01,2026-04-02,2026-04-06,2026-04-14,2026-04-15,Clinical,Standard,PAY-02,TM-02,TM-05,Closed,Upheld,14,Yes,No,No,1,0,RC-14,Yes,14.0,0,1,4,8.0,1.0,Yes,10,Low friction
APL-2026-003515,2026-02-23,2026-02-24,2026-02-26,2026-02-26,2026-03-05,2026-03-05,Authorization,Standard,PAY-03,TM-04,TM-01,Closed,Upheld,7,Yes,No,No,1,0,RC-04,No,10.0,1,2,0,7.0,0.0,No,30,Moderate friction
APL-2026-000122,2026-04-23,2026-04-24,2026-04-24,2026-04-27,2026-05-11,2026-05-11,Clinical,Standard,PAY-03,TM-07,TM-07,Closed,Overturned,14,Yes,No,No,0,0,RC-04,Yes,18.0,1,0,3,14.0,0.0,No,0,Low friction
APL-2026-000635,2026-05-26,2026-05-26,2026-05-27,2026-05-29,2026-06-01,2026-06-01,Authorization,Standard,PAY-07,TM-04,TM-04,Closed,Upheld,7,Yes,No,No,0,0,RC-12,Yes,6.0,0,1,2,3.0,0.0,Yes,0,Low friction
APL-2026-000200,2026-08-26,2026-08-26,2026-08-27,2026-08-28,2026-09-10,2026-09-17,Claims Payment,Standard,PAY-06,TM-07,TM-08,Closed,Upheld,30,Yes,No,No,1,0,RC-01,Yes,22.0,0,1,1,13.0,7.0,Yes,20,Moderate friction
APL-2026-000221,2026-09-21,2026-09-21,2026-09-21,2026-09-24,2026-09-28,2026-09-28,Administrative,Standard,PAY-06,TM-07,TM-07,Closed,Overturned,30,Yes,No,No,0,0,RC-03,Yes,7.0,0,0,3,4.0,0.0,Yes,0,Low friction
APL-2026-000704,2026-08-25,2026-08-25,2026-08-25,2026-08-28,2026-09-07,2026-09-08,Authorization,Standard,PAY-04,TM-04,TM-02,Closed,Upheld,7,Yes,No,No,1,0,RC-05,Yes,14.0,0,0,3,10.0,1.0,No,10,Low friction
APL-2026-002477,2026-06-05,2026-06-05,2026-06-09,2026-06-11,2026-06-17,2026-06-18,Clinical,Low,PAY-04,TM-03,TM-06,Closed,Upheld,14,Yes,No,No,1,0,RC-06,Yes,13.0,0,4,2,6.0,1.0,Yes,10,Low friction
APL-2026-000580,2026-08-18,2026-08-19,2026-08-19,2026-08-19,2026-08-31,2026-09-01,Authorization,Low,PAY-02,TM-04,TM-04,Closed,Upheld,7,No,No,No,0,4,RC-05,Yes,14.0,1,0,0,12.0,1.0,No,25,Moderate friction
APL-2026-001873,2026-04-15,2026-04-15,2026-04-16,2026-04-17,2026-05-01,2026-05-01,Clinical,Urgent,PAY-02,TM-02,TM-02,Closed,Overturned,7,Yes,No,No,0,0,RC-02,Yes,16.0,0,1,1,14.0,0.0,No,0,Low friction
APL-2026-003594,2026-05-17,2026-05-17,2026-05-18,2026-05-20,2026-05-25,2026-05-25,Administrative,Standard,PAY-01,TM-01,TM-08,Closed,Upheld,30,Yes,No,No,1,0,RC-02,Yes,8.0,0,1,2,5.0,0.0,Yes,10,Low friction
APL-2026-000745,2026-05-21,2026-05-22,2026-05-25,2026-05-27,2026-06-04,2026-06-04,Clinical,Standard,PAY-01,TM-02,TM-02,Closed,Upheld,14,Yes,No,No,0,0,RC-05,Yes,14.0,1,3,2,8.0,0.0,Yes,0,Low friction
APL-2026-002426,2026-05-06,2026-05-06,2026-05-12,2026-05-15,2026-05-19,2026-05-19,Clinical,Standard,PAY-07,TM-03,TM-03,Closed,Partially Overturned,14,No,No,No,0,0,RC-03,Yes,13.0,0,6,3,4.0,0.0,Yes,25,Moderate friction
APL-2026-000037,2026-07-18,2026-07-18,2026-07-23,2026-07-23,2026-08-04,2026-08-05,Administrative,Standard,PAY-01,TM-01,TM-01,Closed,Partially Overturned,30,Yes,No,No,0,0,RC-06,Yes,18.0,0,5,0,12.0,1.0,Yes,0,Low friction
APL-2026-000305,2026-01-03,2026-01-05,2026-01-05,2026-01-05,2026-01-14,2026-01-14,Authorization,Standard,PAY-05,TM-04,TM-04,Closed,Upheld,7,Yes,No,No,0,0,RC-08,Yes,11.0,2,0,0,9.0,0.0,No,0,Low friction
APL-2026-001050,2026-08-08,2026-08-10,2026-08-10,2026-08-11,2026-08-19,2026-08-20,Clinical,Low,PAY-01,TM-03,TM-08,Closed,Partially Overturned,14,Yes,No,No,1,0,RC-13,Yes,12.0,2,0,1,8.0,1.0,Yes,10,Low friction
APL-2026-000522,2026-03-10,2026-03-11,2026-03-17,2026-03-20,2026-04-01,2026-04-02,Clinical,Urgent,PAY-05,TM-02,TM-07,Closed,Upheld,7,No,No,No,1,3,RC-06,Yes,23.0,1,6,3,12.0,1.0,No,35,Moderate friction
APL-2026-003908,2026-02-25,2026-02-27,2026-03-02,2026-03-03,2026-03-04,2026-03-04,Clinical,Standard,PAY-01,TM-02,TM-02,Closed,Upheld,14,Yes,No,No,0,0,RC-05,Yes,7.0,2,3,1,1.0,0.0,Yes,0,Low friction
APL-2026-000019,2026-07-17,2026-07-17,2026-07-22,2026-07-24,2026-08-04,2026-08-06,Pharmacy,Low,PAY-04,TM-05,TM-08,Closed,Overturned,7,Yes,Yes,No,1,0,RC-12,No,20.0,0,5,2,11.0,2.0,No,30,Moderate friction
APL-2026-000665,2026-06-18,2026-06-22,2026-06-26,2026-06-26,2026-07-15,2026-07-15,Clinical,Standard,PAY-01,TM-02,TM-06,Closed,Upheld,14,No,Yes,No,1,0,RC-01,No,27.0,4,4,0,19.0,0.0,No,55,High friction
APL-2026-002219,2026-01-04,2026-01-04,2026-01-06,2026-01-07,2026-01-21,2026-01-22,Clinical,Low,PAY-01,TM-03,TM-03,Closed,Upheld,14,No,No,No,0,6,RC-01,Yes,18.0,0,2,1,14.0,1.0,No,45,High friction
APL-2026-001097,2026-06-11,2026-06-11,2026-06-15,2026-06-15,2026-06-22,2026-06-24,Administrative,Urgent,PAY-03,TM-07,TM-06,Closed,Upheld,7,Yes,No,No,1,0,RC-05,Yes,13.0,0,4,0,7.0,2.0,No,10,Low friction
APL-2026-002182,2026-06-26,2026-06-26,2026-06-29,2026-06-29,2026-07-27,2026-07-28,Pharmacy,Urgent,PAY-07,TM-05,TM-05,Closed,Upheld,7,No,Yes,Yes,0,7,RC-01,Yes,32.0,0,3,0,28.0,1.0,No,60,Critical friction
APL-2026-003894,2026-02-28,2026-03-03,2026-03-09,2026-03-09,2026-03-10,2026-03-11,Administrative,Low,PAY-02,TM-01,TM-01,Closed,Overturned,30,Yes,No,No,0,0,RC-09,Yes,11.0,3,6,0,1.0,1.0,Yes,0,Low friction
APL-2026-000047,2026-07-15,2026-07-16,2026-07-17,2026-07-20,2026-07-23,2026-07-24,Administrative,Standard,PAY-07,TM-01,TM-01,Closed,Upheld,30,Yes,No,No,0,0,RC-04,Yes,9.0,1,1,3,3.0,1.0,Yes,0,Low friction
APL-2026-001164,2026-03-02,2026-03-03,2026-03-03,2026-03-04,2026-03-09,2026-03-10,Clinical,Standard,PAY-05,TM-03,TM-03,Closed,Partially Overturned,14,Yes,No,No,0,0,RC-08,Yes,8.0,1,0,1,5.0,1.0,Yes,0,Low friction
APL-2026-001146,2026-01-25,2026-01-26,2026-01-27,2026-01-27,2026-02-10,2026-02-11,Pharmacy,Low,PAY-04,TM-05,TM-05,Closed,Partially Overturned,7,Yes,No,No,0,0,RC-11,Yes,17.0,1,1,0,14.0,1.0,No,0,Low friction
APL-2026-000613,2026-01-29,2026-01-29,2026-01-29,2026-01-29,2026-02-06,2026-02-10,Clinical,Low,PAY-04,TM-03,TM-08,Closed,Overturned,14,No,No,No,1,3,RC-04,Yes,12.0,0,0,0,8.0,4.0,Yes,45,High friction
APL-2026-002224,2026-08-19,2026-08-21,2026-08-21,2026-08-24,2026-08-25,2026-08-25,Administrative,Low,PAY-02,TM-01,TM-01,Closed,Overturned,30,Yes,No,No,0,0,RC-02,Yes,6.0,2,0,3,1.0,0.0,Yes,0,Low friction
APL-2026-002467,2026-06-02,2026-06-02,2026-06-03,2026-06-05,2026-06-11,2026-06-11,Pharmacy,Standard,PAY-04,TM-05,TM-05,Closed,Upheld,7,Yes,No,No,0,0,RC-02,Yes,9.0,0,1,2,6.0,0.0,No,0,Low friction
APL-2026-000867,2026-06-08,2026-06-09,2026-06-12,2026-06-12,2026-07-02,2026-07-02,Authorization,Standard,PAY-05,TM-04,TM-07,Closed,Upheld,7,No,Yes,No,2,3,RC-07,No,24.0,1,3,0,20.0,0.0,No,65,Critical friction
APL-2026-000486,2026-03-07,2026-03-07,2026-03-07,2026-03-10,2026-03-16,2026-03-18,Clinical,Standard,PAY-04,TM-03,TM-01,Closed,Overturned,14,Yes,No,No,1,0,RC-07,Yes,11.0,0,0,3,6.0,2.0,Yes,10,Low friction
APL-2026-001723,2026-06-19,2026-06-19,2026-06-25,2026-06-30,2026-07-03,2026-07-10,Administrative,Standard,PAY-05,TM-01,TM-01,Closed,Upheld,30,Yes,No,No,0,0,RC-07,Yes,21.0,0,6,5,3.0,7.0,Yes,10,Low friction
APL-2026-003619,2026-09-16,2026-09-17,2026-09-17,2026-09-18,2026-09-22,2026-09-24,Clinical,Standard,PAY-01,TM-03,TM-03,Closed,Upheld,14,Yes,No,No,0,0,RC-04,Yes,8.0,1,0,1,4.0,2.0,Yes,0,Low friction
APL-2026-001495,2026-03-19,2026-03-19,2026-03-20,2026-03-20,2026-04-01,2026-04-01,Administrative,Standard,PAY-06,TM-07,TM-07,Closed,Partially Overturned,30,Yes,No,No,0,0,RC-03,Yes,13.0,0,1,0,12.0,0.0,Yes,0,Low friction
APL-2026-003087,2026-07-02,2026-07-02,2026-07-02,2026-07-02,2026-07-08,2026-07-08,Administrative,Standard,PAY-04,TM-01,TM-01,Closed,Upheld,30,Yes,No,No,0,0,RC-13,Yes,6.0,0,0,0,6.0,0.0,Yes,0,Low friction
APL-2026-002832,2026-05-12,2026-05-12,2026-05-13,2026-05-15,2026-05-18,2026-05-18,Administrative,Low,PAY-05,TM-01,TM-01,Closed,Partially Overturned,30,Yes,No,No,0,0,RC-03,Yes,6.0,0,1,2,3.0,0.0,Yes,0,Low friction
APL-2026-003259,2026-01-26,2026-01-26,2026-01-28,2026-01-30,2026-02-03,2026-02-03,Claims Payment,Standard,PAY-05,TM-01,TM-01,Closed,Upheld,30,Yes,No,No,0,0,RC-03,Yes,8.0,0,2,2,4.0,0.0,Yes,0,Low friction
APL-2026-000523,2026-08-20,2026-08-21,2026-08-24,2026-08-25,2026-09-11,2026-09-11,Clinical,Standard,PAY-03,TM-07,TM-07,Closed,Overturned,14,No,No,Yes,0,7,RC-04,Yes,22.0,1,3,1,17.0,0.0,No,60,Critical friction
APL-2026-001589,2026-09-04,2026-09-07,2026-09-11,2026-09-11,2026-09-22,2026-09-23,Authorization,Urgent,PAY-02,TM-04,TM-04,Closed,Partially Overturned,7,Yes,No,Yes,0,0,RC-01,Yes,19.0,3,4,0,11.0,1.0,No,15,Low friction
APL-2026-002935,2026-04-12,2026-04-12,2026-04-14,2026-04-15,2026-04-20,2026-04-20,Pharmacy,Standard,PAY-03,TM-05,TM-05,Closed,Overturned,7,Yes,No,No,0,0,RC-02,Yes,8.0,0,2,1,5.0,0.0,No,0,Low friction
APL-2026-003261,2026-08-19,2026-08-19,2026-08-20,2026-08-24,2026-08-27,2026-08-27,Clinical,Standard,PAY-01,TM-03,TM-03,Closed,Overturned,14,Yes,No,No,0,0,RC-02,Yes,8.0,0,1,4,3.0,0.0,Yes,0,Low friction
APL-2026-000079,2026-02-15,2026-02-15,2026-02-16,2026-02-18,2026-02-25,2026-02-27,Clinical,Standard,PAY-03,TM-07,TM-07,Closed,Overturned,14,No,Yes,No,0,1,RC-05,Yes,12.0,0,1,2,7.0,2.0,Yes,25,Moderate friction
APL-2026-003727,2026-08-20,2026-08-20,2026-08-24,2026-08-26,2026-08-31,2026-09-01,Authorization,Standard,PAY-06,TM-04,TM-07,Closed,Partially Overturned,7,Yes,No,No,1,0,RC-02,Yes,12.0,0,4,2,5.0,1.0,No,10,Low friction
APL-2026-002947,2026-07-31,2026-07-31,2026-08-04,2026-08-06,2026-08-17,2026-08-24,Authorization,Standard,PAY-04,TM-04,TM-04,Closed,Upheld,7,Yes,Yes,No,0,0,RC-01,Yes,24.0,0,4,2,11.0,7.0,No,10,Low friction
APL-2026-002583,2026-04-23,2026-04-24,2026-04-30,2026-05-01,2026-05-13,2026-05-20,Administrative,Low,PAY-01,TM-01,TM-04,Closed,Partially Overturned,30,Yes,No,No,3,0,RC-08,No,27.0,1,6,1,12.0,7.0,Yes,60,Critical friction
APL-2026-002721,2026-06-02,2026-06-02,2026-06-02,2026-06-03,2026-06-10,2026-06-12,Clinical,Standard,PAY-01,TM-02,TM-02,Closed,Upheld,14,Yes,No,No,0,0,RC-11,Yes,10.0,0,0,1,7.0,2.0,Yes,0,Low friction
APL-2026-001218,2026-06-15,2026-06-17,2026-06-18,2026-06-19,2026-06-24,2026-06-24,Clinical,Standard,PAY-01,TM-02,TM-02,Closed,Partially Overturned,14,Yes,No,No,0,0,RC-03,Yes,9.0,2,1,1,5.0,0.0,Yes,0,Low friction
APL-2026-003974,2026-06-04,2026-06-04,2026-06-05,2026-06-09,2026-06-10,2026-06-10,Authorization,Low,PAY-01,TM-04,TM-04,Closed,Partially Overturned,7,Yes,No,No,0,0,RC-09,Yes,6.0,0,1,4,1.0,0.0,Yes,0,Low friction
APL-2026-001875,2026-08-18,2026-08-19,2026-08-25,2026-08-26,2026-09-18,2026-09-22,Administrative,Standard,PAY-03,TM-07,TM-01,Closed,Upheld,30,Yes,Yes,No,2,0,RC-02,No,35.0,1,6,1,23.0,4.0,No,50,High friction
APL-2026-003913,2026-01-03,2026-01-03,2026-01-08,2026-01-09,2026-01-20,2026-01-20,Authorization,Urgent,PAY-04,TM-04,TM-04,Closed,Upheld,7,Yes,No,Yes,0,0,RC-10,Yes,17.0,0,5,1,11.0,0.0,No,15,Low friction
APL-2026-003353,2026-04-20,2026-04-20,2026-04-21,2026-04-21,2026-04-23,2026-04-30,Administrative,Standard,PAY-01,TM-01,TM-01,Closed,Overturned,30,Yes,No,No,0,0,RC-08,Yes,10.0,0,1,0,2.0,7.0,Yes,10,Low friction
APL-2026-003595,2026-08-29,2026-09-01,2026-09-01,2026-09-02,2026-09-07,2026-09-07,Administrative,Urgent,PAY-05,TM-01,TM-01,Closed,Overturned,7,Yes,No,No,0,0,RC-01,Yes,9.0,3,0,1,5.0,0.0,No,0,Low friction
APL-2026-001911,2026-06-08,2026-06-08,2026-06-09,2026-06-12,2026-06-15,2026-06-16,Administrative,Standard,PAY-02,TM-01,TM-01,Closed,Upheld,30,Yes,No,No,0,0,RC-14,Yes,8.0,0,1,3,3.0,1.0,Yes,0,Low friction
APL-2026-002986,2026-07-22,2026-07-24,2026-07-30,2026-07-31,2026-08-04,2026-08-04,Administrative,Standard,PAY-02,TM-01,TM-01,Closed,Partially Overturned,30,Yes,No,No,0,0,RC-07,Yes,13.0,2,6,1,4.0,0.0,Yes,0,Low friction
APL-2026-003067,2026-06-16,2026-06-17,2026-06-18,2026-06-18,2026-06-29,2026-06-29,Administrative,Standard,PAY-02,TM-01,TM-01,Closed,Upheld,30,Yes,No,Yes,0,0,RC-04,Yes,13.0,1,1,0,11.0,0.0,Yes,15,Low friction
APL-2026-001684,2026-04-16,2026-04-17,2026-04-21,2026-04-23,2026-05-20,2026-05-20,Authorization,Standard,PAY-05,TM-04,TM-04,Closed,Upheld,7,Yes,Yes,No,0,0,RC-04,Yes,34.0,1,4,2,27.0,0.0,No,0,Low friction
APL-2026-001594,2026-06-10,2026-06-11,2026-06-12,2026-06-15,2026-06-16,2026-06-17,Authorization,Standard,PAY-06,TM-04,TM-04,Closed,Partially Overturned,7,Yes,No,No,0,0,RC-03,Yes,7.0,1,1,3,1.0,1.0,Yes,0,Low friction
APL-2026-002213,2026-03-07,2026-03-07,2026-03-09,2026-03-09,2026-03-20,2026-03-20,Claims Payment,Urgent,PAY-01,TM-01,TM-01,Closed,Partially Overturned,7,Yes,No,No,0,0,RC-01,Yes,13.0,0,2,0,11.0,0.0,No,0,Low friction
APL-2026-003564,2026-08-16,2026-08-16,2026-08-16,2026-08-18,2026-08-19,2026-08-20,Authorization,Standard,PAY-01,TM-04,TM-04,Closed,Overturned,7,Yes,No,No,0,0,RC-11,Yes,4.0,0,0,2,1.0,1.0,Yes,0,Low friction
APL-2026-001958,2026-07-12,2026-07-12,2026-07-12,2026-07-12,2026-07-16,2026-07-17,Clinical,Standard,PAY-01,TM-03,TM-03,Closed,Overturned,14,Yes,No,No,0,0,RC-08,Yes,5.0,0,0,0,4.0,1.0,Yes,0,Low friction
APL-2026-002243,2026-09-04,2026-09-04,2026-09-07,2026-09-08,2026-09-11,2026-09-11,Pharmacy,Low,PAY-06,TM-05,TM-05,Closed,Overturned,7,Yes,No,No,0,0,RC-07,Yes,7.0,0,3,1,3.0,0.0,Yes,0,Low friction
APL-2026-001697,2026-05-13,2026-05-15,2026-05-18,2026-05-21,2026-06-10,2026-06-12,Administrative,Standard,PAY-03,TM-07,TM-07,Closed,Upheld,30,No,Yes,Yes,0,4,RC-05,Yes,30.0,2,3,3,20.0,2.0,Yes,40,High friction
APL-2026-003751,2026-04-20,2026-04-21,2026-04-23,2026-04-23,2026-04-29,2026-04-29,Administrative,Standard,PAY-01,TM-01,TM-01,Closed,Overturned,30,Yes,No,No,0,0,RC-12,Yes,9.0,1,2,0,6.0,0.0,Yes,0,Low friction
APL-2026-000753,2026-06-07,2026-06-07,2026-06-11,2026-06-12,2026-06-29,2026-06-29,Claims Payment,Low,PAY-02,TM-01,TM-01,Closed,Upheld,30,Yes,No,Yes,0,0,RC-08,Yes,22.0,0,4,1,17.0,0.0,Yes,15,Low friction
APL-2026-003006,2026-05-01,2026-05-04,2026-05-04,2026-05-06,2026-05-11,2026-05-12,Clinical,Standard,PAY-05,TM-02,TM-02,Closed,Partially Overturned,14,Yes,No,No,0,0,RC-11,Yes,11.0,3,0,2,5.0,1.0,Yes,0,Low friction
APL-2026-001678,2026-06-02,2026-06-02,2026-06-03,2026-06-04,2026-06-10,2026-06-11,Administrative,Low,PAY-01,TM-01,TM-01,Closed,Overturned,30,Yes,No,No,0,0,RC-05,Yes,9.0,0,1,1,6.0,1.0,Yes,0,Low friction
APL-2026-002884,2026-03-09,2026-03-10,2026-03-11,2026-03-11,2026-03-12,2026-03-12,Clinical,Standard,PAY-02,TM-02,TM-02,Closed,Overturned,14,Yes,No,No,0,0,RC-01,Yes,3.0,1,1,0,1.0,0.0,Yes,0,Low friction
APL-2026-002878,2026-02-23,2026-02-24,2026-03-02,2026-03-03,2026-03-09,2026-03-09,Clinical,Low,PAY-02,TM-03,TM-03,Closed,Upheld,14,Yes,No,No,0,0,RC-03,Yes,14.0,1,6,1,6.0,0.0,Yes,0,Low friction
APL-2026-003332,2026-09-17,2026-09-21,2026-09-23,2026-09-23,,,Administrative,Urgent,PAY-01,TM-01,TM-07,Escalated,,7,No,Yes,Yes,2,19,RC-05,No,,4,2,0,,,,100,Critical friction
APL-2026-003366,2026-08-09,2026-08-09,2026-08-10,2026-08-10,2026-08-14,2026-08-14,Authorization,Urgent,PAY-01,TM-04,TM-06,Closed,Upheld,7,Yes,No,No,1,0,RC-11,Yes,5.0,0,1,0,4.0,0.0,Yes,10,Low friction
APL-2026-003186,2026-05-04,2026-05-05,2026-05-05,2026-05-06,2026-05-13,2026-05-15,Administrative,Standard,PAY-01,TM-01,TM-01,Closed,Overturned,30,Yes,No,No,0,0,RC-01,Yes,11.0,1,0,1,7.0,2.0,Yes,0,Low friction
APL-2026-003541,2026-09-14,2026-09-15,2026-09-16,2026-09-16,2026-09-23,2026-09-23,Pharmacy,Low,PAY-03,TM-05,TM-05,Closed,Partially Overturned,7,No,No,No,0,2,RC-12,Yes,9.0,1,1,0,7.0,0.0,No,25,Moderate friction
APL-2026-003078,2026-01-05,2026-01-05,2026-01-09,2026-01-12,2026-01-14,2026-01-15,Claims Payment,Urgent,PAY-07,TM-01,TM-01,Closed,Overturned,7,Yes,No,No,0,0,RC-05,Yes,10.0,0,4,3,2.0,1.0,No,0,Low friction
APL-2026-001476,2026-07-17,2026-07-20,2026-07-20,2026-07-21,2026-08-07,2026-08-14,Clinical,Standard,PAY-02,TM-02,TM-02,Closed,Overturned,14,No,Yes,No,0,4,RC-12,Yes,28.0,3,0,1,17.0,7.0,No,35,Moderate friction
APL-2026-002823,2026-09-05,2026-09-05,2026-09-07,2026-09-08,2026-09-14,2026-09-15,Administrative,Standard,PAY-03,TM-07,TM-07,Closed,Upheld,30,Yes,No,No,0,0,RC-08,Yes,10.0,0,2,1,6.0,1.0,Yes,0,Low friction
APL-2026-003904,2026-07-19,2026-07-19,2026-07-21,2026-07-22,2026-07-30,2026-07-30,Clinical,Standard,PAY-03,TM-07,TM-07,Closed,Partially Overturned,14,Yes,No,No,0,0,RC-09,Yes,11.0,0,2,1,8.0,0.0,Yes,0,Low friction
APL-2026-002667,2026-01-14,2026-01-15,2026-01-19,2026-01-21,2026-01-26,2026-01-28,Authorization,Standard,PAY-05,TM-04,TM-04,Closed,Upheld,7,Yes,No,No,0,0,RC-02,Yes,14.0,1,4,2,5.0,2.0,No,0,Low friction
APL-2026-000003,2026-04-15,2026-04-15,2026-04-15,2026-04-16,2026-04-20,2026-04-20,Administrative,Standard,PAY-01,TM-01,TM-01,Closed,Upheld,30,Yes,No,No,0,0,RC-01,Yes,5.0,0,0,1,4.0,0.0,Yes,0,Low friction
APL-2026-001068,2026-07-24,2026-07-27,2026-07-27,2026-07-29,2026-07-30,2026-07-31,Pharmacy,Urgent,PAY-01,TM-05,TM-05,Closed,Upheld,7,Yes,No,No,0,0,RC-01,Yes,7.0,3,0,2,1.0,1.0,Yes,0,Low friction
APL-2026-000181,2026-03-29,2026-03-29,2026-03-31,2026-04-01,2026-05-22,2026-05-26,Authorization,Standard,PAY-02,TM-04,TM-04,Closed,Partially Overturned,7,No,No,No,0,15,RC-01,Yes,58.0,0,2,1,51.0,4.0,No,55,High friction
APL-2026-000147,2026-06-10,2026-06-11,2026-06-17,2026-06-17,2026-06-24,2026-06-24,Administrative,Urgent,PAY-02,TM-01,TM-01,Closed,Upheld,7,No,No,No,0,2,RC-05,Yes,14.0,1,6,0,7.0,0.0,No,25,Moderate friction
APL-2026-000630,2026-04-22,2026-04-22,2026-04-27,2026-04-27,2026-04-30,2026-04-30,Clinical,Standard,PAY-03,TM-07,TM-05,Closed,Partially Overturned,14,Yes,No,No,1,0,RC-05,No,8.0,0,5,0,3.0,0.0,Yes,30,Moderate friction
APL-2026-000402,2026-09-02,2026-09-02,2026-09-02,2026-09-03,2026-09-10,2026-09-11,Clinical,Standard,PAY-02,TM-03,TM-03,Closed,Upheld,14,Yes,Yes,No,0,0,RC-05,Yes,9.0,0,0,1,7.0,1.0,Yes,0,Low friction
APL-2026-001105,2026-03-20,2026-03-20,2026-03-20,2026-03-25,2026-03-31,2026-03-31,Authorization,Standard,PAY-02,TM-04,TM-04,Closed,Upheld,7,Yes,No,No,0,0,RC-01,Yes,11.0,0,0,5,6.0,0.0,No,0,Low friction
APL-2026-001450,2026-06-16,2026-06-17,2026-06-18,2026-06-23,2026-06-24,2026-06-24,Administrative,Standard,PAY-04,TM-01,TM-01,Closed,Upheld,30,Yes,No,No,0,0,RC-11,Yes,8.0,1,1,5,1.0,0.0,Yes,0,Low friction
APL-2026-002590,2026-07-13,2026-07-15,2026-07-16,2026-07-21,2026-07-24,2026-07-24,Administrative,Standard,PAY-02,TM-01,TM-01,Closed,Partially Overturned,30,Yes,No,No,0,0,RC-02,Yes,11.0,2,1,5,3.0,0.0,Yes,0,Low friction
APL-2026-000173,2026-06-02,2026-06-04,2026-06-05,2026-06-05,2026-06-11,2026-06-12,Clinical,Urgent,PAY-01,TM-03,TM-03,Closed,Overturned,7,Yes,Yes,No,0,0,RC-09,Yes,10.0,2,1,0,6.0,1.0,No,0,Low friction
APL-2026-002870,2026-02-18,2026-02-18,2026-02-20,2026-02-25,2026-03-11,2026-03-11,Clinical,Urgent,PAY-02,TM-03,TM-01,Closed,Partially Overturned,7,No,No,No,3,0,RC-04,No,21.0,0,2,5,14.0,0.0,No,75,Critical friction
APL-2026-000668,2026-06-07,2026-06-08,2026-06-08,2026-06-11,2026-06-15,2026-06-16,Administrative,Low,PAY-01,TM-01,TM-01,Closed,Upheld,30,Yes,No,No,0,0,RC-03,Yes,9.0,1,0,3,4.0,1.0,Yes,0,Low friction
APL-2026-002734,2026-05-03,2026-05-04,2026-05-05,2026-05-08,2026-05-27,2026-05-28,Claims Payment,Standard,PAY-01,TM-01,TM-01,Closed,Upheld,30,No,Yes,No,0,5,RC-05,Yes,25.0,1,1,3,19.0,1.0,Yes,25,Moderate friction
APL-2026-001814,2026-06-17,2026-06-17,2026-06-19,2026-06-22,2026-06-30,2026-07-01,Clinical,Urgent,PAY-03,TM-07,TM-07,Closed,Overturned,7,Yes,No,No,0,0,RC-07,Yes,14.0,0,2,3,8.0,1.0,No,0,Low friction
APL-2026-002826,2026-01-26,2026-01-27,2026-01-27,2026-01-28,2026-02-10,2026-02-11,Clinical,Standard,PAY-07,TM-03,TM-03,Closed,Overturned,14,No,No,No,0,8,RC-05,Yes,16.0,1,0,1,13.0,1.0,No,45,High friction
APL-2026-002350,2026-04-06,2026-04-08,2026-04-09,2026-04-09,2026-04-14,2026-04-14,Authorization,Standard,PAY-05,TM-04,TM-04,Closed,Upheld,7,Yes,No,No,0,0,RC-04,Yes,8.0,2,1,0,5.0,0.0,No,0,Low friction
APL-2026-003597,2026-01-16,2026-01-16,2026-01-16,2026-01-19,2026-01-20,2026-01-20,Administrative,Urgent,PAY-03,TM-07,TM-07,Closed,Overturned,7,Yes,No,No,0,0,RC-08,Yes,4.0,0,0,3,1.0,0.0,Yes,0,Low friction
APL-2026-003666,2026-07-27,2026-07-27,2026-07-27,2026-07-28,2026-08-17,2026-08-17,Clinical,Low,PAY-04,TM-02,TM-02,Closed,Upheld,14,No,No,No,0,11,RC-02,Yes,21.0,0,0,1,20.0,0.0,No,45,High friction
APL-2026-003736,2026-06-23,2026-06-23,2026-06-24,2026-06-24,2026-06-30,2026-07-02,Clinical,Urgent,PAY-01,TM-02,TM-02,Closed,Partially Overturned,7,Yes,No,No,0,0,RC-07,Yes,9.0,0,1,0,6.0,2.0,No,0,Low friction
APL-2026-001005,2026-07-16,2026-07-17,2026-07-23,2026-07-24,2026-07-28,2026-08-04,Authorization,Urgent,PAY-04,TM-04,TM-04,Closed,Upheld,7,Yes,No,No,0,0,RC-02,Yes,19.0,1,6,1,4.0,7.0,No,10,Low friction
APL-2026-003865,2026-01-10,2026-01-10,2026-01-12,2026-01-14,2026-01-26,2026-01-27,Clinical,Standard,PAY-02,TM-02,TM-02,Closed,Overturned,14,Yes,No,No,0,0,RC-01,Yes,17.0,0,2,2,12.0,1.0,No,0,Low friction
APL-2026-000412,2026-01-08,2026-01-08,2026-01-08,2026-01-08,2026-02-10,2026-02-11,Clinical,Urgent,PAY-01,TM-03,TM-08,Closed,Overturned,7,No,Yes,No,1,14,RC-01,Yes,34.0,0,0,0,33.0,1.0,No,55,High friction
APL-2026-000259,2026-07-14,2026-07-16,2026-07-20,2026-07-21,2026-07-27,2026-07-27,Clinical,Standard,PAY-01,TM-02,TM-05,Closed,Upheld,14,Yes,No,No,1,0,RC-02,Yes,13.0,2,4,1,6.0,0.0,Yes,10,Low friction
APL-2026-003952,2026-05-13,2026-05-13,2026-05-15,2026-05-18,2026-06-16,2026-06-16,Administrative,Standard,PAY-01,TM-01,TM-05,Closed,Upheld,30,No,Yes,No,1,11,RC-05,No,34.0,0,2,3,29.0,0.0,No,75,Critical friction
APL-2026-002287,2026-01-07,2026-01-09,2026-01-09,2026-01-09,2026-01-13,2026-01-13,Administrative,Standard,PAY-03,TM-07,TM-07,Closed,Upheld,30,Yes,No,No,0,0,RC-08,Yes,6.0,2,0,0,4.0,0.0,Yes,0,Low friction
APL-2026-001607,2026-09-24,2026-09-24,2026-09-29,2026-10-02,,,Administrative,Standard,PAY-03,TM-07,TM-05,Escalated,,30,Yes,No,Yes,1,0,RC-04,No,,0,5,3,,,,45,High friction
APL-2026-002442,2026-03-22,2026-03-22,2026-03-24,2026-03-24,2026-03-26,2026-03-27,Authorization,Low,PAY-01,TM-04,TM-04,Closed,Upheld,7,Yes,No,No,0,0,RC-02,Yes,5.0,0,2,0,2.0,1.0,Yes,0,Low friction
APL-2026-002934,2026-05-03,2026-05-03,2026-05-04,2026-05-07,2026-05-27,2026-05-27,Authorization,Urgent,PAY-04,TM-04,TM-04,Closed,Overturned,7,No,No,Yes,0,8,RC-05,Yes,24.0,0,1,3,20.0,0.0,No,60,Critical friction
APL-2026-001524,2026-03-24,2026-03-25,2026-03-25,2026-03-25,2026-04-01,2026-04-01,Administrative,Standard,PAY-07,TM-01,TM-08,Closed,Overturned,30,Yes,No,No,1,0,RC-05,Yes,8.0,1,0,0,7.0,0.0,Yes,10,Low friction
APL-2026-001416,2026-07-26,2026-07-27,2026-07-28,2026-07-30,2026-08-04,2026-08-05,Clinical,Standard,PAY-03,TM-07,TM-07,Closed,Upheld,14,No,No,No,0,0,RC-05,Yes,10.0,1,1,2,5.0,1.0,Yes,25,Moderate friction
APL-2026-003559,2026-09-08,2026-09-10,2026-09-16,2026-09-17,2026-09-30,2026-09-30,Clinical,Urgent,PAY-06,TM-07,TM-05,Closed,Overturned,7,No,No,No,1,5,RC-04,No,22.0,2,6,1,13.0,0.0,No,55,High friction
APL-2026-000792,2026-04-08,2026-04-10,2026-04-10,2026-04-13,2026-04-14,2026-04-15,Authorization,Standard,PAY-02,TM-04,TM-04,Closed,Overturned,7,Yes,No,No,0,0,RC-01,Yes,7.0,2,0,3,1.0,1.0,Yes,0,Low friction
APL-2026-000531,2026-01-31,2026-02-02,2026-02-03,2026-02-04,2026-03-04,2026-03-04,Administrative,Urgent,PAY-06,TM-07,TM-07,Closed,Overturned,7,No,Yes,No,0,10,RC-01,Yes,32.0,2,1,1,28.0,0.0,No,45,High friction
APL-2026-003306,2026-01-25,2026-01-27,2026-02-02,2026-02-04,2026-02-17,2026-02-18,Administrative,Low,PAY-01,TM-01,TM-01,Closed,Overturned,30,Yes,No,No,0,0,RC-01,Yes,24.0,2,6,2,13.0,1.0,Yes,0,Low friction
APL-2026-003152,2026-04-28,2026-04-30,2026-05-01,2026-05-06,2026-05-26,2026-06-02,Clinical,Low,PAY-07,TM-03,TM-03,Closed,Partially Overturned,14,No,No,No,0,7,RC-05,Yes,35.0,2,1,5,20.0,7.0,No,55,High friction
APL-2026-003608,2026-09-04,2026-09-04,2026-09-04,2026-09-04,2026-09-15,2026-09-17,Clinical,Standard,PAY-01,TM-02,TM-02,Closed,Overturned,14,Yes,No,Yes,0,0,RC-08,Yes,13.0,0,0,0,11.0,2.0,Yes,15,Low friction
APL-2026-000966,2026-04-21,2026-04-21,2026-04-22,2026-04-22,2026-04-29,2026-04-30,Authorization,Standard,PAY-04,TM-04,TM-04,Closed,Overturned,7,Yes,No,No,0,0,RC-10,Yes,9.0,0,1,0,7.0,1.0,No,0,Low friction
APL-2026-000834,2026-03-13,2026-03-13,2026-03-13,2026-03-13,2026-03-26,2026-04-02,Pharmacy,Standard,PAY-01,TM-05,TM-05,Closed,Upheld,7,Yes,No,No,0,0,RC-10,Yes,20.0,0,0,0,13.0,7.0,No,10,Low friction
APL-2026-002276,2026-06-21,2026-06-21,2026-06-22,2026-06-22,2026-06-25,2026-06-25,Administrative,Standard,PAY-01,TM-01,TM-01,Closed,Upheld,30,Yes,Yes,No,0,0,RC-15,Yes,4.0,0,1,0,3.0,0.0,Yes,0,Low friction
APL-2026-001396,2026-05-15,2026-05-15,2026-05-15,2026-05-19,2026-05-26,2026-05-27,Clinical,Low,PAY-03,TM-07,TM-07,Closed,Upheld,14,Yes,No,No,0,0,RC-07,Yes,12.0,0,0,4,7.0,1.0,Yes,0,Low friction
APL-2026-003963,2026-01-18,2026-01-18,2026-01-18,2026-01-20,2026-01-23,2026-01-23,Administrative,Standard,PAY-07,TM-01,TM-01,Closed,Overturned,30,Yes,No,No,0,0,RC-03,Yes,5.0,0,0,2,3.0,0.0,Yes,0,Low friction
APL-2026-001434,2026-01-24,2026-01-26,2026-01-26,2026-01-29,2026-02-04,2026-02-05,Clinical,Standard,PAY-03,TM-07,TM-07,Closed,Upheld,14,Yes,No,No,0,0,RC-05,Yes,12.0,2,0,3,6.0,1.0,Yes,0,Low friction
APL-2026-000791,2026-06-09,2026-06-10,2026-06-10,2026-06-11,2026-06-23,2026-06-24,Clinical,Standard,PAY-01,TM-02,TM-02,Closed,Upheld,14,Yes,No,No,0,0,RC-07,Yes,15.0,1,0,1,12.0,1.0,No,0,Low friction
APL-2026-001785,2026-06-25,2026-06-25,2026-06-25,2026-06-29,2026-07-06,2026-07-07,Pharmacy,Standard,PAY-01,TM-05,TM-05,Closed,Upheld,7,Yes,No,No,0,0,RC-07,Yes,12.0,0,0,4,7.0,1.0,No,0,Low friction
APL-2026-003044,2026-02-04,2026-02-06,2026-02-09,2026-02-10,2026-02-17,2026-02-19,Clinical,Standard,PAY-06,TM-07,TM-01,Closed,Upheld,14,Yes,Yes,No,1,0,RC-02,No,15.0,2,3,1,7.0,2.0,No,30,Moderate friction
APL-2026-002665,2026-05-03,2026-05-03,2026-05-07,2026-05-11,2026-05-13,2026-05-15,Clinical,Standard,PAY-01,TM-03,TM-03,Closed,Upheld,14,Yes,No,No,0,0,RC-03,Yes,12.0,0,4,4,2.0,2.0,Yes,0,Low friction
APL-2026-001180,2026-05-25,2026-05-25,2026-05-26,2026-05-28,2026-06-25,2026-06-29,Administrative,Standard,PAY-02,TM-01,TM-03,Closed,Upheld,30,No,No,Yes,2,9,RC-04,No,35.0,0,1,2,28.0,4.0,No,110,Critical friction
APL-2026-003599,2026-05-30,2026-06-02,2026-06-04,2026-06-05,2026-06-08,2026-06-08,Clinical,Urgent,PAY-01,TM-03,TM-03,Closed,Upheld,7,No,No,No,0,0,RC-05,Yes,9.0,3,2,1,3.0,0.0,No,25,Moderate friction
APL-2026-002161,2026-05-23,2026-05-25,2026-05-29,2026-05-29,2026-06-10,2026-06-11,Pharmacy,Low,PAY-01,TM-05,TM-05,Closed,Partially Overturned,7,No,No,No,0,0,RC-01,Yes,19.0,2,4,0,12.0,1.0,No,25,Moderate friction
APL-2026-001145,2026-01-16,2026-01-16,2026-01-23,2026-01-23,2026-01-28,2026-01-28,Administrative,Low,PAY-01,TM-01,TM-02,Closed,Overturned,30,Yes,No,No,1,0,RC-04,No,12.0,0,7,0,5.0,0.0,Yes,30,Moderate friction
APL-2026-002606,2026-07-01,2026-07-03,2026-07-06,2026-07-09,2026-07-23,2026-07-23,Administrative,Urgent,PAY-05,TM-01,TM-01,Closed,Upheld,7,Yes,No,No,0,0,RC-11,Yes,22.0,2,3,3,14.0,0.0,No,0,Low friction
APL-2026-003396,2026-06-12,2026-06-15,2026-06-15,2026-06-16,2026-06-18,2026-06-25,Administrative,Standard,PAY-01,TM-01,TM-01,Closed,Upheld,30,Yes,No,No,0,0,RC-13,Yes,13.0,3,0,1,2.0,7.0,Yes,10,Low friction
APL-2026-003871,2026-06-19,2026-06-19,2026-06-22,2026-06-23,2026-07-09,2026-07-09,Pharmacy,Low,PAY-03,TM-05,TM-05,Closed,Upheld,7,No,No,Yes,0,6,RC-04,Yes,20.0,0,3,1,16.0,0.0,No,60,Critical friction
APL-2026-001973,2026-07-09,2026-07-10,2026-07-13,2026-07-16,2026-07-22,2026-07-22,Claims Payment,Standard,PAY-01,TM-01,TM-01,Closed,Partially Overturned,30,Yes,No,No,0,0,RC-03,Yes,13.0,1,3,3,6.0,0.0,Yes,0,Low friction
APL-2026-003785,2026-09-19,2026-09-22,2026-09-22,2026-09-23,,,Clinical,Urgent,PAY-01,TM-03,TM-03,Escalated,,7,Yes,Yes,No,0,0,RC-02,Yes,,3,0,1,,,,0,Low friction
APL-2026-003032,2026-07-13,2026-07-15,2026-07-16,2026-07-21,2026-07-29,2026-08-05,Administrative,Standard,PAY-06,TM-07,TM-07,Closed,Upheld,30,Yes,No,No,0,0,RC-03,Yes,23.0,2,1,5,8.0,7.0,Yes,10,Low friction
APL-2026-003118,2026-09-02,2026-09-03,2026-09-07,2026-09-07,,,Clinical,Standard,PAY-04,TM-02,TM-04,Pending Information,,14,No,No,Yes,1,8,RC-12,Yes,,1,4,0,,,,70,Critical friction
APL-2026-003219,2026-02-20,2026-02-20,2026-02-24,2026-02-24,2026-03-02,2026-03-04,Pharmacy,Standard,PAY-01,TM-05,TM-05,Closed,Upheld,7,Yes,No,No,0,0,RC-04,Yes,12.0,0,4,0,6.0,2.0,No,0,Low friction
APL-2026-001016,2026-02-13,2026-02-16,2026-02-16,2026-02-17,2026-02-20,2026-02-23,Clinical,Standard,PAY-02,TM-03,TM-03,Closed,Overturned,14,Yes,No,No,0,0,RC-05,Yes,10.0,3,0,1,3.0,3.0,Yes,10,Low friction
APL-2026-002014,2026-06-24,2026-06-24,2026-06-24,2026-06-25,2026-07-01,2026-07-01,Clinical,Low,PAY-01,TM-03,TM-03,Closed,Partially Overturned,14,Yes,No,No,0,0,RC-13,Yes,7.0,0,0,1,6.0,0.0,Yes,0,Low friction
APL-2026-002208,2026-05-07,2026-05-11,2026-05-15,2026-05-18,2026-06-09,2026-06-11,Claims Payment,Standard,PAY-06,TM-07,TM-08,Closed,Partially Overturned,30,No,No,No,2,8,RC-04,No,35.0,4,4,3,22.0,2.0,No,85,Critical friction
APL-2026-000703,2026-01-07,2026-01-07,2026-01-08,2026-01-08,2026-01-09,2026-01-12,Authorization,Low,PAY-02,TM-04,TM-04,Closed,Upheld,7,Yes,No,No,0,0,RC-01,Yes,5.0,0,1,0,1.0,3.0,Yes,10,Low friction
APL-2026-003063,2026-08-30,2026-08-30,2026-08-30,2026-08-31,2026-09-25,2026-09-28,Administrative,Standard,PAY-05,TM-01,TM-01,Closed,Overturned,30,Yes,No,No,0,0,RC-12,Yes,29.0,0,0,1,25.0,3.0,Yes,10,Low friction
APL-2026-001297,2026-08-19,2026-08-19,2026-08-20,2026-08-24,2026-08-28,2026-08-28,Clinical,Standard,PAY-06,TM-07,TM-07,Closed,Upheld,14,Yes,No,No,0,0,RC-07,Yes,9.0,0,1,4,4.0,0.0,Yes,0,Low friction
APL-2026-001953,2026-07-01,2026-07-02,2026-07-03,2026-07-03,2026-07-07,2026-07-07,Administrative,Standard,PAY-01,TM-01,TM-01,Closed,Upheld,30,No,Yes,No,0,0,RC-13,Yes,6.0,1,1,0,4.0,0.0,Yes,25,Moderate friction
APL-2026-000422,2026-09-05,2026-09-05,2026-09-08,2026-09-08,2026-09-16,2026-09-17,Clinical,Low,PAY-01,TM-03,TM-01,Closed,Overturned,14,Yes,No,No,1,0,RC-03,Yes,12.0,0,3,0,8.0,1.0,Yes,10,Low friction
APL-2026-003356,2026-07-10,2026-07-10,2026-07-14,2026-07-17,2026-08-03,2026-08-10,Clinical,Standard,PAY-03,TM-07,TM-02,Closed,Partially Overturned,14,Yes,No,No,3,0,RC-13,No,31.0,0,4,3,17.0,7.0,No,60,Critical friction
APL-2026-001488,2026-03-30,2026-04-01,2026-04-01,2026-04-01,2026-04-02,2026-04-02,Pharmacy,Standard,PAY-04,TM-05,TM-05,Closed,Overturned,7,Yes,No,No,0,0,RC-12,Yes,3.0,2,0,0,1.0,0.0,Yes,0,Low friction
APL-2026-000611,2026-07-11,2026-07-11,2026-07-11,2026-07-11,2026-07-14,2026-07-15,Clinical,Urgent,PAY-01,TM-02,TM-02,Closed,Upheld,7,Yes,No,No,0,0,RC-05,Yes,4.0,0,0,0,3.0,1.0,Yes,0,Low friction
APL-2026-002086,2026-02-28,2026-03-02,2026-03-04,2026-03-04,2026-03-09,2026-03-09,Administrative,Standard,PAY-05,TM-01,TM-01,Closed,Upheld,30,Yes,No,No,0,0,RC-09,Yes,9.0,2,2,0,5.0,0.0,Yes,0,Low friction
APL-2026-000475,2026-01-30,2026-02-02,2026-02-04,2026-02-09,2026-02-17,2026-02-18,Clinical,Standard,PAY-02,TM-02,TM-02,Closed,Upheld,14,Yes,No,Yes,0,0,RC-09,Yes,19.0,3,2,5,8.0,1.0,No,15,Low friction
APL-2026-000560,2026-05-31,2026-06-01,2026-06-01,2026-06-03,2026-06-10,2026-06-10,Authorization,Standard,PAY-06,TM-04,TM-04,Closed,Upheld,7,Yes,No,No,0,0,RC-05,Yes,10.0,1,0,2,7.0,0.0,No,0,Low friction
APL-2026-001924,2026-05-01,2026-05-04,2026-05-04,2026-05-06,2026-05-18,2026-05-19,Administrative,Standard,PAY-07,TM-01,TM-01,Closed,Overturned,30,No,No,No,0,7,RC-09,Yes,18.0,3,0,2,12.0,1.0,Yes,45,High friction
APL-2026-003588,2026-03-19,2026-03-19,2026-03-23,2026-03-26,2026-04-02,2026-04-09,Clinical,Urgent,PAY-05,TM-02,TM-06,Closed,Upheld,7,Yes,No,No,1,0,RC-11,Yes,21.0,0,4,3,7.0,7.0,No,20,Moderate friction
APL-2026-001580,2026-02-06,2026-02-09,2026-02-10,2026-02-11,2026-03-03,2026-03-03,Administrative,Standard,PAY-03,TM-07,TM-07,Closed,Upheld,30,No,Yes,Yes,0,7,RC-01,Yes,25.0,3,1,1,20.0,0.0,Yes,60,Critical friction
APL-2026-003308,2026-09-25,2026-09-25,2026-09-28,2026-09-29,,,Clinical,Standard,PAY-01,TM-02,TM-02,Pending Information,,14,No,No,No,0,5,RC-01,Yes,,0,3,1,,,,25,Moderate friction
APL-2026-002741,2026-01-07,2026-01-08,2026-01-12,2026-01-13,2026-01-19,2026-01-19,Administrative,Standard,PAY-02,TM-01,TM-01,Closed,Overturned,30,Yes,No,No,0,0,RC-06,Yes,12.0,1,4,1,6.0,0.0,Yes,0,Low friction
APL-2026-003817,2026-09-04,2026-09-04,2026-09-04,2026-09-09,2026-09-22,2026-09-22,Clinical,Standard,PAY-05,TM-02,TM-02,Closed,Upheld,14,Yes,No,No,0,0,RC-13,Yes,18.0,0,0,5,13.0,0.0,No,0,Low friction
APL-2026-001500,2026-01-08,2026-01-08,2026-01-08,2026-01-08,2026-01-22,2026-01-22,Clinical,Low,PAY-07,TM-03,TM-03,Closed,Upheld,14,No,No,No,0,9,RC-03,Yes,14.0,0,0,0,14.0,0.0,Yes,45,High friction
APL-2026-001140,2026-08-21,2026-08-25,2026-08-26,2026-08-27,2026-09-11,2026-09-11,Clinical,Standard,PAY-02,TM-02,TM-02,Closed,Upheld,14,Yes,No,No,0,0,RC-09,Yes,21.0,4,1,1,15.0,0.0,No,0,Low friction
APL-2026-002242,2026-06-26,2026-06-30,2026-07-06,2026-07-09,2026-07-17,2026-07-17,Clinical,Standard,PAY-02,TM-02,TM-07,Closed,Upheld,14,No,No,No,1,3,RC-04,No,21.0,4,6,3,8.0,0.0,No,55,High friction
APL-2026-002948,2026-04-19,2026-04-21,2026-04-22,2026-04-23,2026-04-28,2026-04-29,Claims Payment,Standard,PAY-05,TM-01,TM-01,Closed,Upheld,30,Yes,No,No,0,0,RC-07,Yes,10.0,2,1,1,5.0,1.0,Yes,0,Low friction
APL-2026-003029,2026-08-31,2026-08-31,2026-09-04,2026-09-04,2026-09-07,2026-09-07,Pharmacy,Standard,PAY-07,TM-05,TM-05,Closed,Upheld,7,Yes,No,No,0,0,RC-01,Yes,7.0,0,4,0,3.0,0.0,Yes,0,Low friction
APL-2026-001928,2026-01-11,2026-01-11,2026-01-15,2026-01-16,2026-01-21,2026-01-21,Pharmacy,Standard,PAY-03,TM-05,TM-05,Closed,Overturned,7,Yes,No,No,0,0,RC-03,Yes,10.0,0,4,1,5.0,0.0,No,0,Low friction
APL-2026-001458,2026-01-05,2026-01-06,2026-01-13,2026-01-15,2026-02-02,2026-02-03,Clinical,Low,PAY-03,TM-07,TM-02,Closed,Upheld,14,Yes,No,No,1,0,RC-04,No,29.0,1,7,2,18.0,1.0,No,30,Moderate friction
APL-2026-000770,2026-06-19,2026-06-19,2026-06-19,2026-06-23,2026-07-01,2026-07-01,Clinical,Standard,PAY-03,TM-07,TM-07,Closed,Upheld,14,Yes,Yes,No,0,0,RC-02,Yes,12.0,0,0,4,8.0,0.0,Yes,0,Low friction
APL-2026-001991,2026-06-28,2026-06-29,2026-06-30,2026-06-30,2026-07-02,2026-07-03,Pharmacy,Standard,PAY-01,TM-05,TM-05,Closed,Upheld,7,Yes,No,No,0,0,RC-08,Yes,5.0,1,1,0,2.0,1.0,Yes,0,Low friction
APL-2026-003461,2026-09-19,2026-09-21,2026-09-22,2026-09-24,,,Clinical,Standard,PAY-03,TM-07,TM-05,Pending Information,,14,No,Yes,No,2,0,RC-04,No,,2,1,2,,,,65,Critical friction
APL-2026-002821,2026-02-22,2026-02-23,2026-02-23,2026-02-24,2026-02-25,2026-02-25,Clinical,Standard,PAY-07,TM-03,TM-03,Closed,Upheld,14,Yes,No,No,0,0,RC-02,Yes,3.0,1,0,1,1.0,0.0,Yes,0,Low friction
APL-2026-001134,2026-03-05,2026-03-05,2026-03-05,2026-03-05,2026-03-10,2026-03-11,Administrative,Standard,PAY-06,TM-07,TM-07,Closed,Upheld,30,Yes,Yes,No,0,0,RC-09,Yes,6.0,0,0,0,5.0,1.0,Yes,0,Low friction
APL-2026-000005,2026-07-14,2026-07-14,2026-07-16,2026-07-17,2026-07-21,2026-07-21,Claims Payment,Standard,PAY-06,TM-07,TM-07,Closed,Overturned,30,Yes,No,No,0,0,RC-14,Yes,7.0,0,2,1,4.0,0.0,Yes,0,Low friction
APL-2026-003288,2026-07-08,2026-07-10,2026-07-13,2026-07-14,2026-07-28,2026-07-29,Authorization,Urgent,PAY-03,TM-04,TM-04,Closed,Partially Overturned,7,Yes,No,No,0,0,RC-05,Yes,21.0,2,3,1,14.0,1.0,No,0,Low friction
APL-2026-001670,2026-01-18,2026-01-18,2026-01-18,2026-01-19,2026-01-26,2026-01-26,Administrative,Low,PAY-06,TM-07,TM-07,Closed,Partially Overturned,30,Yes,No,Yes,0,0,RC-01,Yes,8.0,0,0,1,7.0,0.0,Yes,15,Low friction
APL-2026-000250,2026-08-21,2026-08-24,2026-08-25,2026-08-27,2026-09-16,2026-09-16,Claims Payment,Low,PAY-03,TM-07,TM-04,Closed,Upheld,30,No,No,Yes,1,2,RC-05,Yes,26.0,3,1,2,20.0,0.0,Yes,50,High friction
APL-2026-003771,2026-05-31,2026-05-31,2026-06-04,2026-06-04,2026-06-18,2026-06-19,Authorization,Standard,PAY-04,TM-04,TM-04,Closed,Overturned,7,No,No,No,0,8,RC-05,Yes,19.0,0,4,0,14.0,1.0,No,45,High friction
APL-2026-000102,2026-04-28,2026-04-28,2026-04-28,2026-05-01,2026-05-19,2026-05-20,Authorization,Standard,PAY-03,TM-04,TM-04,Closed,Upheld,7,Yes,No,No,0,0,RC-01,Yes,22.0,0,0,3,18.0,1.0,No,0,Low friction
APL-2026-000610,2026-08-27,2026-08-27,2026-08-28,2026-08-31,2026-09-18,2026-09-18,Clinical,Standard,PAY-05,TM-03,TM-03,Closed,Overturned,14,Yes,No,No,0,0,RC-03,Yes,22.0,0,1,3,18.0,0.0,No,0,Low friction
APL-2026-002292,2026-03-13,2026-03-13,2026-03-19,2026-03-20,2026-03-23,2026-03-24,Pharmacy,Standard,PAY-01,TM-05,TM-05,Closed,Partially Overturned,7,Yes,No,No,0,0,RC-07,Yes,11.0,0,6,1,3.0,1.0,No,0,Low friction
APL-2026-001310,2026-06-02,2026-06-02,2026-06-05,2026-06-05,2026-06-17,2026-06-19,Clinical,Standard,PAY-06,TM-07,TM-06,Closed,Upheld,14,No,No,No,1,0,RC-10,No,17.0,0,3,0,12.0,2.0,No,55,High friction
APL-2026-001155,2026-04-08,2026-04-08,2026-04-10,2026-04-13,2026-04-14,2026-04-15,Authorization,Standard,PAY-01,TM-04,TM-04,Closed,Upheld,7,Yes,No,No,0,0,RC-15,Yes,7.0,0,2,3,1.0,1.0,Yes,0,Low friction
APL-2026-001489,2026-07-10,2026-07-10,2026-07-10,2026-07-13,2026-07-21,2026-07-22,Clinical,Standard,PAY-06,TM-07,TM-07,Closed,Overturned,14,No,No,No,0,0,RC-03,Yes,12.0,0,0,3,8.0,1.0,Yes,25,Moderate friction
APL-2026-002332,2026-05-12,2026-05-12,2026-05-12,2026-05-15,2026-05-21,2026-05-25,Administrative,Standard,PAY-02,TM-01,TM-01,Closed,Overturned,30,Yes,No,No,0,0,RC-08,Yes,13.0,0,0,3,6.0,4.0,Yes,10,Low friction
APL-2026-000735,2026-08-03,2026-08-04,2026-08-10,2026-08-12,2026-08-18,2026-08-18,Administrative,Standard,PAY-01,TM-01,TM-01,Closed,Partially Overturned,30,Yes,No,No,0,0,RC-08,Yes,15.0,1,6,2,6.0,0.0,Yes,0,Low friction
APL-2026-001782,2026-02-21,2026-02-21,2026-02-23,2026-02-25,2026-03-05,2026-03-05,Authorization,Standard,PAY-04,TM-04,TM-04,Closed,Overturned,7,Yes,Yes,No,0,0,RC-06,Yes,12.0,0,2,2,8.0,0.0,No,0,Low friction
APL-2026-002252,2026-03-02,2026-03-04,2026-03-09,2026-03-11,2026-04-06,2026-04-06,Pharmacy,Low,PAY-02,TM-05,TM-06,Closed,Upheld,7,No,Yes,No,2,10,RC-04,No,35.0,2,5,2,26.0,0.0,No,85,Critical friction
APL-2026-000468,2026-06-01,2026-06-02,2026-06-03,2026-06-04,2026-06-08,2026-06-09,Claims Payment,Standard,PAY-04,TM-01,TM-01,Closed,Upheld,30,Yes,No,No,0,0,RC-07,Yes,8.0,1,1,1,4.0,1.0,Yes,0,Low friction
APL-2026-002668,2026-06-25,2026-06-26,2026-06-26,2026-07-01,2026-07-08,2026-07-08,Clinical,Urgent,PAY-01,TM-03,TM-03,Closed,Overturned,7,Yes,No,No,0,0,RC-05,Yes,13.0,1,0,5,7.0,0.0,No,0,Low friction
APL-2026-001111,2026-03-25,2026-03-26,2026-03-26,2026-03-27,2026-04-14,2026-04-14,Clinical,Standard,PAY-04,TM-02,TM-02,Closed,Upheld,14,Yes,No,No,0,0,RC-08,Yes,20.0,1,0,1,18.0,0.0,No,0,Low friction
APL-2026-002018,2026-08-22,2026-08-25,2026-08-27,2026-08-27,2026-09-07,2026-09-09,Administrative,Standard,PAY-06,TM-07,TM-07,Closed,Overturned,30,Yes,No,No,0,0,RC-08,Yes,18.0,3,2,0,11.0,2.0,Yes,0,Low friction
APL-2026-002765,2026-09-09,2026-09-10,2026-09-10,2026-09-10,2026-09-11,2026-09-11,Clinical,Urgent,PAY-07,TM-02,TM-02,Closed,Upheld,7,Yes,No,No,0,0,RC-02,Yes,2.0,1,0,0,1.0,0.0,Yes,0,Low friction
APL-2026-002248,2026-04-02,2026-04-03,2026-04-08,2026-04-08,2026-04-13,2026-04-13,Administrative,Low,PAY-01,TM-01,TM-02,Closed,Overturned,30,Yes,No,No,1,0,RC-08,No,11.0,1,5,0,5.0,0.0,Yes,30,Moderate friction
APL-2026-002850,2026-06-02,2026-06-03,2026-06-12,2026-06-17,2026-07-24,2026-07-24,Clinical,Urgent,PAY-03,TM-07,TM-01,Closed,Overturned,7,No,Yes,No,3,13,RC-01,No,52.0,1,9,5,37.0,0.0,No,95,Critical friction
APL-2026-003911,2026-07-17,2026-07-17,2026-07-17,2026-07-17,2026-07-22,2026-07-23,Authorization,Low,PAY-01,TM-04,TM-04,Closed,Overturned,7,Yes,No,No,0,0,RC-01,Yes,6.0,0,0,0,5.0,1.0,Yes,0,Low friction
APL-2026-000757,2026-06-30,2026-06-30,2026-07-02,2026-07-03,2026-07-15,2026-07-16,Administrative,Standard,PAY-01,TM-01,TM-01,Closed,Partially Overturned,30,Yes,No,No,0,0,RC-03,Yes,16.0,0,2,1,12.0,1.0,Yes,0,Low friction
APL-2026-000285,2026-03-24,2026-03-24,2026-03-25,2026-03-26,2026-04-09,2026-04-16,Administrative,Standard,PAY-03,TM-07,TM-07,Closed,Upheld,30,Yes,No,Yes,0,0,RC-10,Yes,23.0,0,1,1,14.0,7.0,Yes,25,Moderate friction
APL-2026-002164,2026-03-30,2026-03-31,2026-04-01,2026-04-01,2026-04-03,2026-04-06,Clinical,Standard,PAY-01,TM-03,TM-03,Closed,Partially Overturned,14,Yes,No,No,0,0,RC-10,Yes,7.0,1,1,0,2.0,3.0,Yes,10,Low friction
APL-2026-002379,2026-03-18,2026-03-19,2026-03-19,2026-03-24,2026-04-03,2026-04-03,Clinical,Standard,PAY-03,TM-07,TM-03,Closed,Upheld,14,Yes,No,No,1,0,RC-14,Yes,16.0,1,0,5,10.0,0.0,No,10,Low friction
APL-2026-000043,2026-08-14,2026-08-14,2026-08-17,2026-08-19,2026-08-21,2026-08-21,Administrative,Standard,PAY-02,TM-01,TM-01,Closed,Upheld,30,Yes,No,No,0,0,RC-04,Yes,7.0,0,3,2,2.0,0.0,Yes,0,Low friction
APL-2026-000636,2026-09-10,2026-09-14,2026-09-14,2026-09-16,2026-09-21,2026-09-21,Administrative,Standard,PAY-05,TM-01,TM-01,Closed,Overturned,30,Yes,No,No,0,0,RC-01,Yes,11.0,4,0,2,5.0,0.0,Yes,0,Low friction
APL-2026-002618,2026-02-28,2026-02-28,2026-02-28,2026-03-03,2026-03-12,2026-03-12,Administrative,Urgent,PAY-03,TM-07,TM-07,Closed,Partially Overturned,7,Yes,No,Yes,0,0,RC-02,Yes,12.0,0,0,3,9.0,0.0,No,15,Low friction
APL-2026-000081,2026-09-27,2026-09-28,2026-09-29,2026-09-30,,,Administrative,Urgent,PAY-05,TM-01,TM-01,Pending Information,,7,Yes,No,No,0,0,RC-02,Yes,,1,1,1,,,,0,Low friction
APL-2026-003019,2026-05-22,2026-05-22,2026-05-22,2026-05-26,2026-06-05,2026-06-12,Clinical,Standard,PAY-04,TM-03,TM-02,Closed,Overturned,14,Yes,No,No,1,0,RC-14,Yes,21.0,0,0,4,10.0,7.0,No,20,Moderate friction
APL-2026-003374,2026-05-22,2026-05-25,2026-05-27,2026-05-27,2026-06-08,2026-06-10,Clinical,Standard,PAY-02,TM-03,TM-03,Closed,Upheld,14,Yes,No,No,0,0,RC-12,Yes,19.0,3,2,0,12.0,2.0,No,0,Low friction
APL-2026-000194,2026-03-26,2026-03-26,2026-03-27,2026-03-30,2026-04-01,2026-04-01,Authorization,Urgent,PAY-01,TM-04,TM-04,Closed,Overturned,7,Yes,No,No,0,0,RC-01,Yes,6.0,0,1,3,2.0,0.0,Yes,0,Low friction
APL-2026-003129,2026-08-15,2026-08-15,2026-08-18,2026-08-18,2026-08-28,2026-08-31,Administrative,Standard,PAY-03,TM-07,TM-07,Closed,Upheld,30,No,No,No,0,5,RC-08,Yes,16.0,0,3,0,10.0,3.0,Yes,35,Moderate friction
APL-2026-000783,2026-06-04,2026-06-08,2026-06-08,2026-06-09,2026-06-16,2026-06-18,Administrative,Low,PAY-04,TM-01,TM-01,Closed,Partially Overturned,30,Yes,No,No,0,0,RC-03,Yes,14.0,4,0,1,7.0,2.0,Yes,0,Low friction
APL-2026-003494,2026-05-29,2026-05-29,2026-06-02,2026-06-02,2026-06-19,2026-06-19,Clinical,Urgent,PAY-01,TM-03,TM-03,Closed,Upheld,7,Yes,Yes,No,0,0,RC-11,Yes,21.0,0,4,0,17.0,0.0,No,0,Low friction
APL-2026-000138,2026-03-27,2026-03-27,2026-03-31,2026-03-31,2026-04-09,2026-04-09,Authorization,Standard,PAY-01,TM-04,TM-03,Closed,Upheld,7,Yes,No,No,1,0,RC-04,Yes,13.0,0,4,0,9.0,0.0,No,10,Low friction
APL-2026-003170,2026-03-07,2026-03-09,2026-03-11,2026-03-16,2026-03-19,2026-03-19,Administrative,Low,PAY-03,TM-07,TM-07,Closed,Partially Overturned,30,Yes,No,No,0,0,RC-15,Yes,12.0,2,2,5,3.0,0.0,Yes,0,Low friction
APL-2026-000734,2026-05-26,2026-05-26,2026-06-02,2026-06-03,2026-06-15,2026-06-16,Authorization,Standard,PAY-01,TM-04,TM-03,Closed,Upheld,7,No,Yes,No,2,2,RC-01,No,21.0,0,7,1,12.0,1.0,No,65,Critical friction
APL-2026-000947,2026-01-09,2026-01-09,2026-01-12,2026-01-12,2026-02-06,2026-02-10,Clinical,Standard,PAY-02,TM-03,TM-03,Closed,Overturned,14,Yes,Yes,Yes,0,0,RC-01,Yes,32.0,0,3,0,25.0,4.0,No,25,Moderate friction
APL-2026-000736,2026-05-05,2026-05-07,2026-05-07,2026-05-08,2026-05-12,2026-05-13,Administrative,Low,PAY-02,TM-01,TM-01,Closed,Upheld,30,Yes,No,No,0,0,RC-11,Yes,8.0,2,0,1,4.0,1.0,Yes,0,Low friction
APL-2026-002229,2026-07-02,2026-07-02,2026-07-02,2026-07-07,2026-07-08,2026-07-10,Pharmacy,Low,PAY-06,TM-05,TM-05,Closed,Partially Overturned,7,Yes,No,No,0,0,RC-06,Yes,8.0,0,0,5,1.0,2.0,No,0,Low friction
APL-2026-002171,2026-08-25,2026-08-25,2026-08-27,2026-08-28,2026-09-14,2026-09-21,Clinical,Standard,PAY-04,TM-03,TM-03,Closed,Upheld,14,No,No,No,0,7,RC-01,Yes,27.0,0,2,1,17.0,7.0,No,55,High friction
APL-2026-001694,2026-09-09,2026-09-10,2026-09-14,2026-09-17,2026-09-23,2026-09-24,Authorization,Standard,PAY-06,TM-04,TM-04,Closed,Upheld,7,Yes,No,No,0,0,RC-02,Yes,15.0,1,4,3,6.0,1.0,No,0,Low friction
APL-2026-003311,2026-07-18,2026-07-20,2026-07-21,2026-07-23,2026-07-28,2026-07-28,Pharmacy,Low,PAY-05,TM-05,TM-05,Closed,Upheld,7,No,No,No,0,0,RC-01,Yes,10.0,2,1,2,5.0,0.0,No,25,Moderate friction
APL-2026-002964,2026-07-21,2026-07-21,2026-07-22,2026-07-24,2026-07-28,2026-07-29,Administrative,Standard,PAY-06,TM-07,TM-07,Closed,Partially Overturned,30,Yes,No,No,0,0,RC-10,Yes,8.0,0,1,2,4.0,1.0,Yes,0,Low friction
APL-2026-002686,2026-03-19,2026-03-23,2026-03-23,2026-03-25,2026-03-31,2026-03-31,Clinical,Low,PAY-07,TM-03,TM-05,Closed,Upheld,14,Yes,No,No,1,0,RC-03,Yes,12.0,4,0,2,6.0,0.0,Yes,10,Low friction
APL-2026-001406,2026-08-30,2026-08-30,2026-09-01,2026-09-01,2026-09-18,2026-09-18,Authorization,Standard,PAY-04,TM-04,TM-01,Closed,Upheld,7,Yes,No,Yes,1,0,RC-01,No,19.0,0,2,0,17.0,0.0,No,45,High friction
APL-2026-001754,2026-09-24,2026-09-24,2026-09-25,2026-09-25,,,Authorization,Low,PAY-02,TM-04,TM-08,In Review,,7,Yes,No,No,1,0,RC-12,No,,0,1,0,,,,30,Moderate friction
APL-2026-001675,2026-04-02,2026-04-03,2026-04-06,2026-04-06,2026-04-07,2026-04-09,Clinical,Urgent,PAY-04,TM-03,TM-03,Closed,Upheld,7,Yes,No,No,0,0,RC-11,Yes,7.0,1,3,0,1.0,2.0,Yes,0,Low friction
APL-2026-001295,2026-08-29,2026-08-29,2026-09-01,2026-09-01,2026-09-04,2026-09-04,Administrative,Urgent,PAY-01,TM-01,TM-01,Closed,Upheld,7,Yes,No,No,0,0,RC-12,Yes,6.0,0,3,0,3.0,0.0,Yes,0,Low friction
APL-2026-003298,2026-04-26,2026-04-26,2026-04-26,2026-04-27,2026-05-08,2026-05-12,Authorization,Standard,PAY-04,TM-04,TM-07,Closed,Upheld,7,Yes,Yes,No,1,0,RC-11,Yes,16.0,0,0,1,11.0,4.0,No,20,Moderate friction
APL-2026-002984,2026-03-18,2026-03-19,2026-03-23,2026-03-24,2026-03-26,2026-03-30,Clinical,Urgent,PAY-01,TM-02,TM-02,Closed,Overturned,7,Yes,No,No,0,0,RC-03,Yes,12.0,1,4,1,2.0,4.0,No,10,Low friction
APL-2026-000106,2026-07-20,2026-07-22,2026-07-24,2026-07-29,2026-07-31,2026-08-03,Administrative,Standard,PAY-02,TM-01,TM-01,Closed,Upheld,30,Yes,No,No,0,0,RC-10,Yes,14.0,2,2,5,2.0,3.0,Yes,10,Low friction
APL-2026-002230,2026-05-30,2026-05-30,2026-06-03,2026-06-04,2026-06-23,2026-06-24,Administrative,Low,PAY-02,TM-01,TM-02,Closed,Upheld,30,Yes,Yes,Yes,2,0,RC-06,No,25.0,0,4,1,19.0,1.0,Yes,55,High friction
APL-2026-000875,2026-06-24,2026-06-25,2026-06-26,2026-06-30,2026-07-15,2026-07-16,Pharmacy,Standard,PAY-02,TM-05,TM-01,Closed,Upheld,7,No,Yes,No,3,0,RC-04,No,22.0,1,1,4,15.0,1.0,No,75,Critical friction
APL-2026-002174,2026-01-16,2026-01-16,2026-01-19,2026-01-20,2026-02-02,2026-02-09,Administrative,Standard,PAY-06,TM-07,TM-07,Closed,Upheld,30,No,Yes,No,0,0,RC-15,Yes,24.0,0,3,1,13.0,7.0,Yes,35,Moderate friction
APL-2026-001837,2026-08-19,2026-08-20,2026-08-21,2026-08-26,2026-08-31,2026-09-07,Clinical,Urgent,PAY-06,TM-07,TM-05,Closed,Overturned,7,Yes,No,No,1,0,RC-09,Yes,19.0,1,1,5,5.0,7.0,No,20,Moderate friction
APL-2026-003325,2026-07-06,2026-07-06,2026-07-07,2026-07-09,2026-07-14,2026-07-15,Authorization,Standard,PAY-04,TM-04,TM-04,Closed,Upheld,7,Yes,No,No,0,0,RC-06,Yes,9.0,0,1,2,5.0,1.0,No,0,Low friction
APL-2026-003282,2026-04-09,2026-04-09,2026-04-10,2026-04-13,2026-04-15,2026-04-15,Clinical,Standard,PAY-01,TM-03,TM-03,Closed,Upheld,14,Yes,No,No,0,0,RC-03,Yes,6.0,0,1,3,2.0,0.0,Yes,0,Low friction
APL-2026-000680,2026-09-03,2026-09-04,2026-09-07,2026-09-09,2026-09-14,2026-09-14,Authorization,Standard,PAY-04,TM-04,TM-04,Closed,Upheld,7,Yes,No,No,0,0,RC-03,Yes,11.0,1,3,2,5.0,0.0,No,0,Low friction
APL-2026-000960,2026-02-01,2026-02-01,2026-02-03,2026-02-05,2026-02-10,2026-02-10,Administrative,Low,PAY-01,TM-01,TM-01,Closed,Overturned,30,Yes,Yes,No,0,0,RC-04,Yes,9.0,0,2,2,5.0,0.0,Yes,0,Low friction
APL-2026-003627,2026-09-09,2026-09-09,2026-09-11,2026-09-14,2026-09-15,2026-09-17,Administrative,Standard,PAY-05,TM-01,TM-01,Closed,Overturned,30,Yes,No,No,0,0,RC-14,Yes,8.0,0,2,3,1.0,2.0,Yes,0,Low friction
APL-2026-003679,2026-07-23,2026-07-24,2026-07-24,2026-07-28,2026-08-11,2026-08-11,Authorization,Standard,PAY-03,TM-04,TM-04,Closed,Upheld,7,Yes,No,No,0,0,RC-05,Yes,19.0,1,0,4,14.0,0.0,No,0,Low friction
APL-2026-003807,2026-02-18,2026-02-18,2026-02-19,2026-02-19,2026-02-26,2026-03-02,Clinical,Standard,PAY-07,TM-03,TM-08,Closed,Upheld,14,Yes,No,No,1,0,RC-12,Yes,12.0,0,1,0,7.0,4.0,Yes,20,Moderate friction
APL-2026-002142,2026-02-02,2026-02-04,2026-02-04,2026-02-06,2026-02-10,2026-02-10,Clinical,Standard,PAY-03,TM-07,TM-07,Closed,Overturned,14,Yes,No,No,0,0,RC-01,Yes,8.0,2,0,2,4.0,0.0,Yes,0,Low friction
APL-2026-001522,2026-01-06,2026-01-07,2026-01-07,2026-01-08,2026-02-03,2026-02-03,Authorization,Standard,PAY-04,TM-04,TM-04,Closed,Upheld,7,No,No,No,0,12,RC-05,Yes,28.0,1,0,1,26.0,0.0,No,45,High friction
APL-2026-001428,2026-04-03,2026-04-03,2026-04-03,2026-04-06,2026-04-08,2026-04-10,Clinical,Standard,PAY-03,TM-07,TM-07,Closed,Upheld,14,Yes,No,No,0,0,RC-03,Yes,7.0,0,0,3,2.0,2.0,Yes,0,Low friction
APL-2026-003026,2026-09-05,2026-09-05,2026-09-07,2026-09-07,2026-09-10,2026-09-10,Clinical,Standard,PAY-06,TM-07,TM-07,Closed,Overturned,14,Yes,No,No,0,0,RC-02,Yes,5.0,0,2,0,3.0,0.0,Yes,0,Low friction
APL-2026-000272,2026-01-07,2026-01-07,2026-01-07,2026-01-09,2026-01-22,2026-01-26,Administrative,Standard,PAY-01,TM-01,TM-01,Closed,Upheld,30,Yes,No,No,0,0,RC-09,Yes,19.0,0,0,2,13.0,4.0,Yes,10,Low friction
APL-2026-000100,2026-08-31,2026-09-02,2026-09-03,2026-09-04,2026-09-10,2026-09-10,Administrative,Standard,PAY-03,TM-07,TM-07,Closed,Upheld,30,Yes,No,No,0,0,RC-01,Yes,10.0,2,1,1,6.0,0.0,Yes,0,Low friction
APL-2026-002218,2026-04-29,2026-05-01,2026-05-01,2026-05-04,2026-05-05,2026-05-06,Clinical,Standard,PAY-02,TM-02,TM-02,Closed,Partially Overturned,14,Yes,No,No,0,0,RC-08,Yes,7.0,2,0,3,1.0,1.0,Yes,0,Low friction
APL-2026-003792,2026-05-10,2026-05-10,2026-05-18,2026-05-18,2026-06-03,2026-06-10,Clinical,Low,PAY-04,TM-02,TM-01,Closed,Upheld,14,Yes,No,No,3,0,RC-04,No,31.0,0,8,0,16.0,7.0,No,60,Critical friction
APL-2026-001569,2026-03-22,2026-03-23,2026-03-25,2026-03-26,2026-04-21,2026-04-23,Administrative,Standard,PAY-01,TM-01,TM-02,Closed,Upheld,30,No,No,No,1,11,RC-02,No,32.0,1,2,1,26.0,2.0,No,75,Critical friction
APL-2026-001734,2026-08-02,2026-08-04,2026-08-05,2026-08-07,2026-08-18,2026-08-19,Authorization,Standard,PAY-04,TM-04,TM-04,Closed,Overturned,7,Yes,Yes,No,0,0,RC-11,Yes,17.0,2,1,2,11.0,1.0,No,0,Low friction
APL-2026-002627,2026-04-09,2026-04-09,2026-04-09,2026-04-09,2026-04-14,2026-04-15,Clinical,Low,PAY-01,TM-03,TM-03,Closed,Partially Overturned,14,Yes,No,No,0,0,RC-11,Yes,6.0,0,0,0,5.0,1.0,Yes,0,Low friction
APL-2026-001666,2026-03-17,2026-03-18,2026-03-19,2026-03-19,2026-03-27,2026-03-30,Administrative,Standard,PAY-04,TM-01,TM-01,Closed,Partially Overturned,30,Yes,No,No,0,0,RC-11,Yes,13.0,1,1,0,8.0,3.0,Yes,10,Low friction
APL-2026-002640,2026-04-06,2026-04-07,2026-04-08,2026-04-10,2026-04-28,2026-04-29,Clinical,Standard,PAY-06,TM-07,TM-07,Closed,Upheld,14,Yes,No,No,0,0,RC-05,Yes,23.0,1,1,2,18.0,1.0,No,0,Low friction
APL-2026-001583,2026-05-01,2026-05-01,2026-05-05,2026-05-05,2026-05-08,2026-05-08,Authorization,Standard,PAY-01,TM-04,TM-04,Closed,Upheld,7,Yes,No,No,0,0,RC-12,Yes,7.0,0,4,0,3.0,0.0,Yes,0,Low friction
APL-2026-000248,2026-03-19,2026-03-19,2026-03-20,2026-03-25,2026-03-26,2026-03-27,Clinical,Standard,PAY-04,TM-03,TM-03,Closed,Overturned,14,Yes,No,No,0,0,RC-13,Yes,8.0,0,1,5,1.0,1.0,Yes,0,Low friction
APL-2026-000746,2026-08-19,2026-08-19,2026-08-25,2026-08-25,2026-09-04,2026-09-04,Clinical,Standard,PAY-01,TM-03,TM-01,Closed,Upheld,14,Yes,No,No,1,0,RC-03,Yes,16.0,0,6,0,10.0,0.0,No,10,Low friction
APL-2026-001765,2026-01-15,2026-01-16,2026-01-19,2026-01-20,2026-01-26,2026-01-26,Clinical,Standard,PAY-05,TM-03,TM-03,Closed,Overturned,14,Yes,No,No,0,0,RC-09,Yes,11.0,1,3,1,6.0,0.0,Yes,0,Low friction
APL-2026-000428,2026-02-24,2026-02-24,2026-02-24,2026-02-27,2026-03-04,2026-03-04,Administrative,Urgent,PAY-01,TM-01,TM-02,Closed,Overturned,7,Yes,No,No,1,0,RC-09,Yes,8.0,0,0,3,5.0,0.0,No,10,Low friction
APL-2026-003938,2026-03-28,2026-03-31,2026-04-03,2026-04-07,2026-04-27,2026-04-28,Administrative,Urgent,PAY-03,TM-07,TM-04,Closed,Overturned,7,No,Yes,No,1,4,RC-04,No,31.0,3,3,4,20.0,1.0,No,55,High friction
APL-2026-002373,2026-07-14,2026-07-15,2026-07-15,2026-07-20,2026-07-21,2026-07-21,Claims Payment,Urgent,PAY-01,TM-01,TM-01,Closed,Partially Overturned,7,Yes,No,No,0,0,RC-06,Yes,7.0,1,0,5,1.0,0.0,Yes,0,Low friction
APL-2026-001508,2026-08-03,2026-08-03,2026-08-05,2026-08-05,2026-08-11,2026-08-11,Clinical,Standard,PAY-04,TM-02,TM-02,Closed,Upheld,14,Yes,No,No,0,0,RC-13,Yes,8.0,0,2,0,6.0,0.0,Yes,0,Low friction
APL-2026-000154,2026-07-23,2026-07-23,2026-07-29,2026-07-31,2026-08-05,2026-08-05,Clinical,Standard,PAY-07,TM-02,TM-02,Closed,Overturned,14,Yes,No,No,0,0,RC-07,Yes,13.0,0,6,2,5.0,0.0,Yes,0,Low friction
APL-2026-003465,2026-06-11,2026-06-12,2026-06-12,2026-06-15,2026-06-16,2026-06-16,Clinical,Urgent,PAY-02,TM-03,TM-03,Closed,Partially Overturned,7,Yes,No,No,0,0,RC-01,Yes,5.0,1,0,3,1.0,0.0,Yes,0,Low friction
APL-2026-002534,2026-08-17,2026-08-18,2026-08-24,2026-08-25,2026-08-26,2026-08-26,Administrative,Standard,PAY-06,TM-07,TM-07,Closed,Overturned,30,Yes,No,No,0,0,RC-04,Yes,9.0,1,6,1,1.0,0.0,Yes,0,Low friction
APL-2026-000011,2026-04-21,2026-04-21,2026-04-21,2026-04-21,2026-05-22,2026-05-22,Clinical,Urgent,PAY-02,TM-03,TM-03,Closed,Partially Overturned,7,No,No,Yes,0,7,RC-12,Yes,31.0,0,0,0,31.0,0.0,No,60,Critical friction
APL-2026-002045,2026-08-25,2026-08-26,2026-08-26,2026-08-28,2026-09-11,2026-09-14,Clinical,Standard,PAY-07,TM-02,TM-08,Closed,Upheld,14,Yes,No,Yes,1,0,RC-01,Yes,20.0,1,0,2,14.0,3.0,No,35,Moderate friction
APL-2026-003277,2026-02-26,2026-02-26,2026-03-02,2026-03-02,2026-03-03,2026-03-10,Claims Payment,Low,PAY-01,TM-01,TM-01,Closed,Overturned,30,Yes,No,No,0,0,RC-10,Yes,12.0,0,4,0,1.0,7.0,Yes,10,Low friction
APL-2026-000826,2026-01-19,2026-01-21,2026-01-22,2026-01-23,2026-01-28,2026-01-28,Clinical,Standard,PAY-02,TM-02,TM-02,Closed,Overturned,14,Yes,No,No,0,0,RC-11,Yes,9.0,2,1,1,5.0,0.0,Yes,0,Low friction
APL-2026-001364,2026-04-20,2026-04-21,2026-04-23,2026-04-23,2026-05-04,2026-05-11,Administrative,Urgent,PAY-05,TM-01,TM-01,Closed,Overturned,7,Yes,Yes,No,0,0,RC-12,Yes,21.0,1,2,0,11.0,7.0,No,10,Low friction
APL-2026-000808,2026-08-13,2026-08-13,2026-08-13,2026-08-14,2026-08-17,2026-08-18,Authorization,Standard,PAY-02,TM-04,TM-04,Closed,Upheld,7,Yes,No,No,0,0,RC-05,Yes,5.0,0,0,1,3.0,1.0,Yes,0,Low friction
APL-2026-003143,2026-01-01,2026-01-01,2026-01-05,2026-01-07,2026-01-15,2026-01-15,Clinical,Low,PAY-02,TM-02,TM-02,Closed,Upheld,14,Yes,No,No,0,0,RC-01,Yes,14.0,0,4,2,8.0,0.0,Yes,0,Low friction
APL-2026-000922,2026-08-14,2026-08-17,2026-08-21,2026-08-25,2026-09-07,2026-09-14,Authorization,Urgent,PAY-01,TM-04,TM-08,Closed,Upheld,7,No,No,No,1,5,RC-15,No,31.0,3,4,4,13.0,7.0,No,65,Critical friction
APL-2026-000830,2026-04-09,2026-04-09,2026-04-10,2026-04-13,2026-04-14,2026-04-15,Clinical,Standard,PAY-03,TM-07,TM-07,Closed,Overturned,14,Yes,No,No,0,0,RC-06,Yes,6.0,0,1,3,1.0,1.0,Yes,0,Low friction
APL-2026-002913,2026-01-04,2026-01-05,2026-01-07,2026-01-07,2026-01-13,2026-01-13,Clinical,Standard,PAY-03,TM-07,TM-07,Closed,Upheld,14,No,No,No,0,0,RC-07,Yes,9.0,1,2,0,6.0,0.0,Yes,25,Moderate friction
APL-2026-002793,2026-09-27,2026-09-28,2026-09-30,2026-09-30,,,Authorization,Standard,PAY-03,TM-04,TM-04,Escalated,,7,Yes,No,No,0,0,RC-01,Yes,,1,2,0,,,,0,Low friction
APL-2026-001573,2026-07-14,2026-07-16,2026-07-17,2026-07-21,2026-07-27,2026-07-28,Authorization,Urgent,PAY-04,TM-04,TM-07,Closed,Upheld,7,Yes,No,No,1,0,RC-10,Yes,14.0,2,1,4,6.0,1.0,No,10,Low friction
APL-2026-000963,2026-02-17,2026-02-18,2026-02-23,2026-02-24,2026-03-20,2026-03-27,Claims Payment,Standard,PAY-01,TM-01,TM-04,Closed,Upheld,30,No,No,No,1,11,RC-01,No,38.0,1,5,1,24.0,7.0,No,85,Critical friction
APL-2026-001258,2026-09-25,2026-09-25,2026-09-25,2026-09-30,,,Clinical,Standard,PAY-06,TM-07,TM-01,Pending Information,,14,Yes,No,No,1,0,RC-06,Yes,,0,0,5,,,,10,Low friction
APL-2026-001637,2026-03-06,2026-03-10,2026-03-10,2026-03-12,2026-03-16,2026-03-17,Clinical,Standard,PAY-01,TM-03,TM-03,Closed,Upheld,14,Yes,No,No,0,0,RC-07,Yes,11.0,4,0,2,4.0,1.0,Yes,0,Low friction
APL-2026-000844,2026-06-05,2026-06-05,2026-06-08,2026-06-09,2026-07-09,2026-07-09,Authorization,Standard,PAY-03,TM-04,TM-04,Closed,Upheld,7,No,No,No,0,19,RC-01,Yes,34.0,0,3,1,30.0,0.0,No,45,High friction
APL-2026-000421,2026-01-10,2026-01-10,2026-01-12,2026-01-15,2026-02-13,2026-02-13,Clinical,Standard,PAY-01,TM-03,TM-03,Closed,Partially Overturned,14,Yes,No,No,0,0,RC-02,Yes,34.0,0,2,3,29.0,0.0,No,0,Low friction
APL-2026-001712,2026-01-24,2026-01-24,2026-01-26,2026-01-27,2026-02-25,2026-03-04,Administrative,Standard,PAY-05,TM-01,TM-01,Closed,Partially Overturned,30,Yes,No,Yes,0,0,RC-05,Yes,39.0,0,2,1,29.0,7.0,No,25,Moderate friction
APL-2026-002879,2026-06-01,2026-06-02,2026-06-02,2026-06-05,2026-07-06,2026-07-08,Administrative,Urgent,PAY-03,TM-07,TM-01,Closed,Overturned,7,No,No,Yes,1,12,RC-03,Yes,37.0,1,0,3,31.0,2.0,No,70,Critical friction
APL-2026-003601,2026-08-16,2026-08-18,2026-08-24,2026-08-27,2026-09-07,2026-09-08,Administrative,Urgent,PAY-03,TM-07,TM-03,Closed,Upheld,7,No,No,No,1,0,RC-02,No,23.0,2,6,3,11.0,1.0,No,55,High friction
APL-2026-002959,2026-01-16,2026-01-19,2026-01-19,2026-01-21,2026-01-23,2026-01-23,Clinical,Standard,PAY-04,TM-03,TM-03,Closed,Upheld,14,Yes,No,No,0,0,RC-05,Yes,7.0,3,0,2,2.0,0.0,Yes,0,Low friction
APL-2026-000361,2026-07-08,2026-07-10,2026-07-10,2026-07-13,2026-07-14,2026-07-15,Clinical,Standard,PAY-01,TM-03,TM-03,Closed,Overturned,14,Yes,No,No,0,0,RC-01,Yes,7.0,2,0,3,1.0,1.0,Yes,0,Low friction
APL-2026-001532,2026-07-18,2026-07-18,2026-07-21,2026-07-23,2026-07-24,2026-07-24,Authorization,Standard,PAY-04,TM-04,TM-04,Closed,Upheld,7,Yes,No,No,0,0,RC-04,Yes,6.0,0,3,2,1.0,0.0,Yes,0,Low friction
APL-2026-000847,2026-09-23,2026-09-24,2026-09-25,2026-09-28,,,Clinical,Low,PAY-07,TM-02,TM-02,Escalated,,14,Yes,No,No,0,0,RC-08,Yes,,1,1,3,,,,0,Low friction
APL-2026-003227,2026-03-26,2026-03-26,2026-03-27,2026-03-30,2026-04-01,2026-04-01,Authorization,Standard,PAY-01,TM-04,TM-04,Closed,Overturned,7,Yes,No,No,0,0,RC-05,Yes,6.0,0,1,3,2.0,0.0,Yes,0,Low friction
APL-2026-003161,2026-04-13,2026-04-13,2026-04-17,2026-04-20,2026-04-24,2026-04-27,Administrative,Standard,PAY-02,TM-01,TM-01,Closed,Upheld,30,Yes,No,No,0,0,RC-12,Yes,14.0,0,4,3,4.0,3.0,Yes,10,Low friction
APL-2026-003814,2026-03-05,2026-03-05,2026-03-05,2026-03-05,2026-04-02,2026-04-06,Administrative,Standard,PAY-03,TM-07,TM-07,Closed,Upheld,30,No,No,Yes,0,6,RC-06,Yes,32.0,0,0,0,28.0,4.0,No,70,Critical friction
APL-2026-001893,2026-01-14,2026-01-14,2026-01-15,2026-01-19,2026-01-20,2026-01-20,Authorization,Low,PAY-05,TM-04,TM-04,Closed,Overturned,7,Yes,No,No,0,0,RC-04,Yes,6.0,0,1,4,1.0,0.0,Yes,0,Low friction
APL-2026-003127,2026-02-01,2026-02-02,2026-02-04,2026-02-05,2026-02-24,2026-02-24,Clinical,Standard,PAY-01,TM-03,TM-03,Closed,Overturned,14,Yes,Yes,No,0,0,RC-05,Yes,23.0,1,2,1,19.0,0.0,No,0,Low friction
APL-2026-000469,2026-05-22,2026-05-25,2026-05-28,2026-05-29,2026-06-16,2026-06-17,Claims Payment,Low,PAY-02,TM-01,TM-06,Closed,Upheld,30,No,Yes,No,1,2,RC-04,No,26.0,3,3,1,18.0,1.0,Yes,55,High friction
APL-2026-002480,2026-01-21,2026-01-21,2026-01-22,2026-01-22,2026-01-23,2026-01-23,Authorization,Standard,PAY-02,TM-04,TM-04,Closed,Overturned,7,Yes,No,No,0,0,RC-02,Yes,2.0,0,1,0,1.0,0.0,Yes,0,Low friction
APL-2026-002186,2026-02-26,2026-02-27,2026-02-27,2026-03-02,2026-03-06,2026-03-10,Clinical,Standard,PAY-01,TM-03,TM-03,Closed,Partially Overturned,14,No,No,No,0,0,RC-01,Yes,12.0,1,0,3,4.0,4.0,Yes,35,Moderate friction
APL-2026-003035,2026-02-24,2026-02-24,2026-02-25,2026-02-26,2026-02-27,2026-02-27,Administrative,Standard,PAY-01,TM-01,TM-01,Closed,Upheld,30,Yes,No,No,0,0,RC-05,Yes,3.0,0,1,1,1.0,0.0,Yes,0,Low friction
APL-2026-001491,2026-01-30,2026-02-02,2026-02-11,2026-02-12,2026-02-27,2026-03-02,Clinical,Standard,PAY-05,TM-02,TM-01,Closed,Upheld,14,No,No,No,2,3,RC-05,No,31.0,3,9,1,15.0,3.0,No,75,Critical friction
APL-2026-001117,2026-08-25,2026-08-25,2026-08-25,2026-08-27,2026-08-31,2026-09-01,Clinical,Standard,PAY-05,TM-03,TM-03,Closed,Upheld,14,Yes,No,No,0,0,RC-01,Yes,7.0,0,0,2,4.0,1.0,Yes,0,Low friction
APL-2026-003179,2026-05-21,2026-05-21,2026-05-21,2026-05-25,2026-06-08,2026-06-08,Clinical,Low,PAY-06,TM-07,TM-07,Closed,Overturned,14,No,No,No,0,0,RC-02,Yes,18.0,0,0,4,14.0,0.0,No,25,Moderate friction
APL-2026-002752,2026-06-05,2026-06-05,2026-06-08,2026-06-11,2026-06-15,2026-06-17,Authorization,Standard,PAY-05,TM-04,TM-04,Closed,Partially Overturned,7,Yes,No,No,0,0,RC-01,Yes,12.0,0,3,3,4.0,2.0,No,0,Low friction
APL-2026-003903,2026-01-27,2026-01-27,2026-01-29,2026-01-30,2026-02-02,2026-02-03,Pharmacy,Urgent,PAY-02,TM-05,TM-05,Closed,Partially Overturned,7,Yes,No,No,0,0,RC-02,Yes,7.0,0,2,1,3.0,1.0,Yes,0,Low friction
APL-2026-001839,2026-01-18,2026-01-18,2026-01-18,2026-01-19,2026-01-23,2026-01-23,Administrative,Urgent,PAY-01,TM-01,TM-01,Closed,Upheld,7,Yes,No,No,0,0,RC-10,Yes,5.0,0,0,1,4.0,0.0,Yes,0,Low friction
APL-2026-001845,2026-08-11,2026-08-11,2026-08-11,2026-08-13,2026-08-20,2026-08-20,Administrative,Standard,PAY-02,TM-01,TM-01,Closed,Upheld,30,Yes,No,No,0,0,RC-03,Yes,9.0,0,0,2,7.0,0.0,Yes,0,Low friction
APL-2026-002327,2026-02-07,2026-02-07,2026-02-07,2026-02-11,2026-02-16,2026-02-18,Clinical,Urgent,PAY-06,TM-07,TM-07,Closed,Partially Overturned,7,Yes,No,No,0,0,RC-09,Yes,11.0,0,0,4,5.0,2.0,No,0,Low friction
APL-2026-002019,2026-09-08,2026-09-08,2026-09-14,2026-09-16,2026-09-22,2026-09-23,Clinical,Urgent,PAY-06,TM-07,TM-07,Closed,Partially Overturned,7,Yes,No,Yes,0,0,RC-08,Yes,15.0,0,6,2,6.0,1.0,No,15,Low friction
APL-2026-002273,2026-07-11,2026-07-11,2026-07-16,2026-07-17,2026-09-07,2026-09-07,Administrative,Standard,PAY-03,TM-07,TM-04,Closed,Upheld,30,No,No,Yes,1,17,RC-04,No,58.0,0,5,1,52.0,0.0,No,90,Critical friction
APL-2026-001617,2026-04-07,2026-04-08,2026-04-09,2026-04-10,2026-04-14,2026-04-21,Pharmacy,Standard,PAY-05,TM-05,TM-05,Closed,Overturned,7,Yes,No,No,0,0,RC-08,Yes,14.0,1,1,1,4.0,7.0,No,10,Low friction
APL-2026-003603,2026-05-01,2026-05-04,2026-05-08,2026-05-11,2026-05-15,2026-05-18,Clinical,Urgent,PAY-01,TM-03,TM-03,Closed,Partially Overturned,7,Yes,No,No,0,0,RC-12,Yes,17.0,3,4,3,4.0,3.0,No,10,Low friction
APL-2026-001889,2026-01-28,2026-01-28,2026-01-30,2026-01-30,2026-02-24,2026-02-24,Administrative,Standard,PAY-05,TM-01,TM-02,Closed,Upheld,30,No,No,Yes,2,6,RC-12,No,27.0,0,2,0,25.0,0.0,Yes,100,Critical friction
APL-2026-003173,2026-06-28,2026-06-28,2026-06-29,2026-06-30,2026-07-08,2026-07-09,Claims Payment,Standard,PAY-02,TM-01,TM-01,Closed,Upheld,30,Yes,No,No,0,0,RC-10,Yes,11.0,0,1,1,8.0,1.0,Yes,0,Low friction
APL-2026-001646,2026-05-08,2026-05-08,2026-05-08,2026-05-11,2026-05-12,2026-05-19,Administrative,Standard,PAY-03,TM-07,TM-07,Closed,Partially Overturned,30,Yes,No,No,0,0,RC-05,Yes,11.0,0,0,3,1.0,7.0,Yes,10,Low friction
APL-2026-003511,2026-05-29,2026-05-29,2026-06-02,2026-06-02,2026-06-10,2026-06-10,Authorization,Urgent,PAY-01,TM-04,TM-01,Closed,Upheld,7,Yes,No,No,1,0,RC-14,Yes,12.0,0,4,0,8.0,0.0,No,10,Low friction
APL-2026-001574,2026-08-15,2026-08-18,2026-08-19,2026-08-20,2026-08-26,2026-08-26,Authorization,Standard,PAY-05,TM-04,TM-04,Closed,Overturned,7,Yes,No,No,0,0,RC-08,Yes,11.0,3,1,1,6.0,0.0,No,0,Low friction
APL-2026-001459,2026-04-08,2026-04-08,2026-04-08,2026-04-09,2026-04-24,2026-04-24,Administrative,Standard,PAY-01,TM-01,TM-01,Closed,Upheld,30,Yes,No,Yes,0,0,RC-14,Yes,16.0,0,0,1,15.0,0.0,Yes,15,Low friction
APL-2026-000996,2026-04-03,2026-04-07,2026-04-07,2026-04-08,2026-04-20,2026-04-20,Clinical,Standard,PAY-01,TM-03,TM-03,Closed,Upheld,14,Yes,No,No,0,0,RC-04,Yes,17.0,4,0,1,12.0,0.0,No,0,Low friction
APL-2026-002431,2026-03-10,2026-03-11,2026-03-11,2026-03-11,2026-03-19,2026-03-23,Administrative,Standard,PAY-05,TM-01,TM-01,Closed,Overturned,30,Yes,No,No,0,0,RC-12,Yes,13.0,1,0,0,8.0,4.0,Yes,10,Low friction
APL-2026-002810,2026-02-11,2026-02-13,2026-02-16,2026-02-17,2026-02-20,2026-02-23,Pharmacy,Urgent,PAY-04,TM-05,TM-05,Closed,Overturned,7,Yes,No,No,0,0,RC-07,Yes,12.0,2,3,1,3.0,3.0,No,10,Low friction
APL-2026-002464,2026-03-14,2026-03-14,2026-03-19,2026-03-19,2026-03-31,2026-03-31,Authorization,Standard,PAY-04,TM-04,TM-04,Closed,Partially Overturned,7,No,No,No,0,2,RC-01,Yes,17.0,0,5,0,12.0,0.0,No,25,Moderate friction
APL-2026-002035,2026-01-16,2026-01-16,2026-01-19,2026-01-20,2026-01-22,2026-01-26,Administrative,Standard,PAY-02,TM-01,TM-01,Closed,Upheld,30,Yes,No,No,0,0,RC-10,Yes,10.0,0,3,1,2.0,4.0,Yes,10,Low friction
APL-2026-002129,2026-02-05,2026-02-06,2026-02-06,2026-02-09,2026-02-23,2026-03-02,Administrative,Urgent,PAY-05,TM-01,TM-01,Closed,Upheld,7,No,Yes,No,0,4,RC-12,Yes,25.0,1,0,3,14.0,7.0,No,35,Moderate friction
APL-2026-001895,2026-04-03,2026-04-03,2026-04-06,2026-04-08,2026-04-13,2026-04-13,Authorization,Low,PAY-02,TM-04,TM-04,Closed,Upheld,7,Yes,No,No,0,0,RC-12,Yes,10.0,0,3,2,5.0,0.0,No,0,Low friction
APL-2026-003408,2026-08-06,2026-08-10,2026-08-11,2026-08-13,2026-08-24,2026-08-25,Clinical,Standard,PAY-02,TM-02,TM-02,Closed,Upheld,14,No,No,No,0,4,RC-05,Yes,19.0,4,1,2,11.0,1.0,No,25,Moderate friction
APL-2026-001929,2026-05-29,2026-06-02,2026-06-03,2026-06-05,2026-06-09,2026-06-09,Clinical,Urgent,PAY-02,TM-07,TM-07,Closed,Upheld,7,Yes,No,No,0,0,RC-15,Yes,11.0,4,1,2,4.0,0.0,No,0,Low friction
APL-2026-001356,2026-06-14,2026-06-14,2026-06-16,2026-06-17,2026-06-24,2026-06-25,Clinical,Standard,PAY-07,TM-02,TM-02,Closed,Upheld,14,Yes,No,No,0,0,RC-06,Yes,11.0,0,2,1,7.0,1.0,Yes,0,Low friction
APL-2026-001064,2026-09-16,2026-09-17,2026-09-18,2026-09-18,,,Authorization,Standard,PAY-07,TM-04,TM-04,In Review,,7,No,Yes,No,0,7,RC-12,Yes,,1,1,0,,,,45,High friction
APL-2026-003636,2026-01-11,2026-01-11,2026-01-16,2026-01-19,2026-02-03,2026-02-05,Clinical,Standard,PAY-01,TM-03,TM-07,Closed,Overturned,14,Yes,No,No,1,0,RC-05,No,25.0,0,5,3,15.0,2.0,No,30,Moderate friction
APL-2026-002406,2026-04-19,2026-04-19,2026-04-20,2026-04-20,2026-04-27,2026-04-27,Administrative,Low,PAY-03,TM-07,TM-07,Closed,Upheld,30,Yes,No,No,0,0,RC-03,Yes,8.0,0,1,0,7.0,0.0,Yes,0,Low friction
APL-2026-001000,2026-06-08,2026-06-09,2026-06-11,2026-06-16,2026-06-24,2026-06-24,Administrative,Standard,PAY-02,TM-01,TM-06,Closed,Upheld,30,Yes,No,No,1,0,RC-02,No,16.0,1,2,5,8.0,0.0,Yes,30,Moderate friction
APL-2026-002738,2026-07-02,2026-07-03,2026-07-06,2026-07-06,2026-07-16,2026-07-16,Administrative,Standard,PAY-05,TM-01,TM-05,Closed,Overturned,30,No,No,No,1,5,RC-01,Yes,14.0,1,3,0,10.0,0.0,Yes,35,Moderate friction
APL-2026-001714,2026-02-08,2026-02-09,2026-02-09,2026-02-09,2026-02-24,2026-02-25,Claims Payment,Standard,PAY-04,TM-01,TM-01,Closed,Upheld,30,Yes,Yes,Yes,0,0,RC-09,Yes,17.0,1,0,0,15.0,1.0,Yes,15,Low friction
APL-2026-000805,2026-01-25,2026-01-26,2026-01-30,2026-01-30,2026-02-13,2026-02-20,Administrative,Standard,PAY-02,TM-01,TM-05,Closed,Upheld,30,Yes,No,No,2,0,RC-09,No,26.0,1,4,0,14.0,7.0,Yes,50,High friction
APL-2026-002183,2026-07-12,2026-07-14,2026-07-16,2026-07-21,2026-07-23,2026-07-27,Pharmacy,Standard,PAY-07,TM-05,TM-05,Closed,Overturned,7,Yes,No,No,0,0,RC-09,Yes,15.0,2,2,5,2.0,4.0,No,10,Low friction
APL-2026-000325,2026-04-30,2026-04-30,2026-05-06,2026-05-08,2026-05-22,2026-05-22,Pharmacy,Standard,PAY-02,TM-05,TM-03,Closed,Upheld,7,No,No,No,1,3,RC-12,Yes,22.0,0,6,2,14.0,0.0,No,35,Moderate friction
APL-2026-003499,2026-01-02,2026-01-02,2026-01-02,2026-01-06,2026-01-14,2026-01-15,Clinical,Standard,PAY-04,TM-03,TM-03,Closed,Overturned,14,Yes,No,No,0,0,RC-01,Yes,13.0,0,0,4,8.0,1.0,Yes,0,Low friction
APL-2026-001773,2026-07-19,2026-07-20,2026-07-22,2026-07-24,2026-08-11,2026-08-12,Authorization,Standard,PAY-06,TM-04,TM-04,Closed,Partially Overturned,7,Yes,No,No,0,0,RC-11,Yes,24.0,1,2,2,18.0,1.0,No,0,Low friction
APL-2026-001729,2026-03-27,2026-03-27,2026-03-30,2026-04-01,2026-04-09,2026-04-09,Pharmacy,Standard,PAY-04,TM-05,TM-05,Closed,Upheld,7,Yes,No,Yes,0,0,RC-06,Yes,13.0,0,3,2,8.0,0.0,No,15,Low friction
APL-2026-000914,2026-04-18,2026-04-18,2026-04-18,2026-04-22,2026-04-27,2026-04-27,Claims Payment,Standard,PAY-02,TM-01,TM-01,Closed,Overturned,30,Yes,No,No,0,0,RC-06,Yes,9.0,0,0,4,5.0,0.0,Yes,0,Low friction
APL-2026-001113,2026-03-16,2026-03-17,2026-03-17,2026-03-17,2026-03-20,2026-03-23,Administrative,Urgent,PAY-03,TM-07,TM-07,Closed,Upheld,7,Yes,No,No,0,0,RC-10,Yes,7.0,1,0,0,3.0,3.0,Yes,10,Low friction
APL-2026-000882,2026-06-06,2026-06-06,2026-06-09,2026-06-09,2026-06-17,2026-06-17,Clinical,Urgent,PAY-03,TM-07,TM-07,Closed,Upheld,7,Yes,No,No,0,0,RC-01,Yes,11.0,0,3,0,8.0,0.0,No,0,Low friction
APL-2026-001453,2026-08-08,2026-08-10,2026-08-10,2026-08-12,2026-09-09,2026-09-09,Administrative,Low,PAY-04,TM-01,TM-01,Closed,Overturned,30,No,Yes,No,0,10,RC-10,Yes,32.0,2,0,2,28.0,0.0,No,45,High friction
APL-2026-003455,2026-05-13,2026-05-14,2026-05-15,2026-05-18,2026-05-27,2026-05-27,Pharmacy,Urgent,PAY-01,TM-05,TM-05,Closed,Upheld,7,Yes,No,Yes,0,0,RC-04,Yes,14.0,1,1,3,9.0,0.0,No,15,Low friction
APL-2026-003505,2026-06-15,2026-06-17,2026-06-23,2026-06-23,2026-07-03,2026-07-07,Administrative,Urgent,PAY-05,TM-01,TM-01,Closed,Overturned,7,Yes,No,No,0,0,RC-02,Yes,22.0,2,6,0,10.0,4.0,No,10,Low friction
APL-2026-002456,2026-07-24,2026-07-24,2026-07-24,2026-07-27,2026-07-28,2026-07-28,Administrative,Standard,PAY-06,TM-07,TM-07,Closed,Overturned,30,Yes,No,No,0,0,RC-01,Yes,4.0,0,0,3,1.0,0.0,Yes,0,Low friction
APL-2026-001346,2026-06-04,2026-06-08,2026-06-09,2026-06-10,2026-07-02,2026-07-02,Clinical,Standard,PAY-06,TM-07,TM-07,Closed,Upheld,14,No,Yes,No,0,2,RC-12,Yes,28.0,4,1,1,22.0,0.0,No,25,Moderate friction
APL-2026-000864,2026-08-23,2026-08-25,2026-08-25,2026-08-26,2026-09-09,2026-09-09,Clinical,Standard,PAY-04,TM-03,TM-01,Closed,Overturned,14,Yes,No,No,1,0,RC-11,Yes,17.0,2,0,1,14.0,0.0,No,10,Low friction
APL-2026-003550,2026-04-09,2026-04-09,2026-04-13,2026-04-16,2026-04-21,2026-04-21,Clinical,Standard,PAY-01,TM-02,TM-02,Closed,Upheld,14,Yes,No,No,0,0,RC-11,Yes,12.0,0,4,3,5.0,0.0,Yes,0,Low friction
APL-2026-002197,2026-05-05,2026-05-05,2026-05-05,2026-05-05,2026-05-07,2026-05-07,Clinical,Urgent,PAY-02,TM-02,TM-02,Closed,Partially Overturned,7,Yes,No,No,0,0,RC-08,Yes,2.0,0,0,0,2.0,0.0,Yes,0,Low friction
APL-2026-000093,2026-05-17,2026-05-18,2026-05-19,2026-05-19,2026-05-28,2026-05-28,Administrative,Standard,PAY-05,TM-01,TM-01,Closed,Overturned,30,Yes,Yes,No,0,0,RC-09,Yes,11.0,1,1,0,9.0,0.0,Yes,0,Low friction
APL-2026-003803,2026-06-09,2026-06-10,2026-06-10,2026-06-15,2026-06-19,2026-06-26,Authorization,Standard,PAY-05,TM-04,TM-04,Closed,Upheld,7,Yes,No,No,0,0,RC-07,Yes,17.0,1,0,5,4.0,7.0,No,10,Low friction
APL-2026-003976,2026-05-30,2026-06-02,2026-06-02,2026-06-03,2026-06-10,2026-06-12,Authorization,Standard,PAY-04,TM-04,TM-04,Closed,Overturned,7,Yes,No,No,0,0,RC-04,Yes,13.0,3,0,1,7.0,2.0,No,0,Low friction
APL-2026-002895,2026-01-27,2026-01-28,2026-02-03,2026-02-06,2026-03-02,2026-03-03,Authorization,Low,PAY-02,TM-04,TM-04,Closed,Upheld,7,No,No,Yes,0,11,RC-01,Yes,35.0,1,6,3,24.0,1.0,No,60,Critical friction
APL-2026-002786,2026-06-11,2026-06-12,2026-06-15,2026-06-17,2026-07-03,2026-07-03,Administrative,Standard,PAY-01,TM-01,TM-01,Closed,Upheld,30,No,No,No,0,3,RC-12,Yes,22.0,1,3,2,16.0,0.0,Yes,25,Moderate friction
APL-2026-002558,2026-07-08,2026-07-09,2026-07-10,2026-07-14,2026-08-03,2026-08-04,Clinical,Standard,PAY-07,TM-02,TM-02,Closed,Partially Overturned,14,Yes,No,Yes,0,0,RC-12,Yes,27.0,1,1,4,20.0,1.0,No,15,Low friction
APL-2026-003881,2026-09-09,2026-09-09,2026-09-11,2026-09-11,,,Clinical,Standard,PAY-02,TM-02,TM-02,In Review,,14,Yes,Yes,Yes,0,0,RC-04,Yes,,0,2,0,,,,15,Low friction
APL-2026-001358,2026-04-14,2026-04-15,2026-04-21,2026-04-22,2026-05-01,2026-05-01,Clinical,Low,PAY-01,TM-02,TM-01,Closed,Upheld,14,Yes,No,No,1,0,RC-02,Yes,17.0,1,6,1,9.0,0.0,No,10,Low friction
APL-2026-002800,2026-02-28,2026-02-28,2026-03-02,2026-03-02,2026-03-12,2026-03-12,Pharmacy,Low,PAY-04,TM-05,TM-05,Closed,Overturned,7,No,Yes,No,0,5,RC-03,Yes,12.0,0,2,0,10.0,0.0,No,25,Moderate friction
APL-2026-002068,2026-02-12,2026-02-12,2026-02-16,2026-02-19,2026-02-20,2026-02-23,Pharmacy,Urgent,PAY-06,TM-05,TM-05,Closed,Upheld,7,Yes,No,No,0,0,RC-06,Yes,11.0,0,4,3,1.0,3.0,No,10,Low friction
APL-2026-003527,2026-03-02,2026-03-03,2026-03-03,2026-03-04,2026-03-06,2026-03-06,Administrative,Standard,PAY-03,TM-07,TM-07,Closed,Upheld,30,Yes,No,No,0,0,RC-07,Yes,4.0,1,0,1,2.0,0.0,Yes,0,Low friction
APL-2026-003535,2026-07-09,2026-07-09,2026-07-09,2026-07-14,2026-07-22,2026-07-23,Clinical,Standard,PAY-05,TM-03,TM-03,Closed,Overturned,14,No,No,No,0,2,RC-12,Yes,14.0,0,0,5,8.0,1.0,Yes,25,Moderate friction
APL-2026-003554,2026-05-18,2026-05-19,2026-05-20,2026-05-22,2026-05-29,2026-05-29,Administrative,Standard,PAY-02,TM-01,TM-01,Closed,Upheld,30,Yes,No,Yes,0,0,RC-08,Yes,11.0,1,1,2,7.0,0.0,Yes,15,Low friction
APL-2026-001067,2026-02-11,2026-02-12,2026-02-16,2026-02-18,2026-02-23,2026-02-23,Administrative,Standard,PAY-01,TM-01,TM-04,Closed,Overturned,30,Yes,No,No,1,0,RC-06,No,12.0,1,4,2,5.0,0.0,Yes,30,Moderate friction
APL-2026-002531,2026-07-23,2026-07-23,2026-07-23,2026-07-24,2026-07-30,2026-08-06,Clinical,Urgent,PAY-01,TM-02,TM-02,Closed,Upheld,7,Yes,No,Yes,0,0,RC-06,Yes,14.0,0,0,1,6.0,7.0,No,25,Moderate friction
APL-2026-003084,2026-03-24,2026-03-24,2026-03-24,2026-03-27,2026-04-23,2026-04-23,Authorization,Urgent,PAY-04,TM-04,TM-04,Closed,Upheld,7,Yes,No,No,0,0,RC-01,Yes,30.0,0,0,3,27.0,0.0,No,0,Low friction
APL-2026-002795,2026-07-25,2026-07-25,2026-07-25,2026-07-28,2026-08-12,2026-08-13,Clinical,Standard,PAY-07,TM-02,TM-02,Closed,Upheld,14,Yes,No,No,0,0,RC-09,Yes,19.0,0,0,3,15.0,1.0,No,0,Low friction
APL-2026-003686,2026-09-22,2026-09-23,2026-09-24,2026-09-24,,,Clinical,Urgent,PAY-04,TM-03,TM-03,In Review,,7,Yes,No,No,0,0,RC-15,Yes,,1,1,0,,,,0,Low friction
APL-2026-003381,2026-01-07,2026-01-07,2026-01-08,2026-01-13,2026-02-02,2026-02-02,Pharmacy,Standard,PAY-06,TM-05,TM-05,Closed,Upheld,7,No,Yes,No,0,5,RC-01,Yes,26.0,0,1,5,20.0,0.0,No,25,Moderate friction
APL-2026-003046,2026-04-12,2026-04-12,2026-04-14,2026-04-15,2026-04-21,2026-04-23,Administrative,Low,PAY-01,TM-01,TM-01,Closed,Overturned,30,Yes,No,No,0,0,RC-12,Yes,11.0,0,2,1,6.0,2.0,Yes,0,Low friction
APL-2026-003197,2026-01-17,2026-01-17,2026-01-19,2026-01-20,2026-01-23,2026-01-26,Administrative,Standard,PAY-07,TM-01,TM-01,Closed,Overturned,30,Yes,No,No,0,0,RC-13,Yes,9.0,0,2,1,3.0,3.0,Yes,10,Low friction
APL-2026-000958,2026-06-04,2026-06-05,2026-06-05,2026-06-05,2026-06-18,2026-06-22,Pharmacy,Standard,PAY-03,TM-05,TM-05,Closed,Partially Overturned,7,No,No,No,0,4,RC-01,Yes,18.0,1,0,0,13.0,4.0,No,35,Moderate friction
APL-2026-000166,2026-03-14,2026-03-14,2026-03-14,2026-03-14,2026-04-06,2026-04-07,Clinical,Standard,PAY-01,TM-03,TM-03,Closed,Upheld,14,No,Yes,No,0,8,RC-12,Yes,24.0,0,0,0,23.0,1.0,No,45,High friction
APL-2026-000202,2026-04-12,2026-04-13,2026-04-14,2026-04-15,2026-04-29,2026-04-29,Clinical,Standard,PAY-03,TM-07,TM-02,Closed,Upheld,14,Yes,No,No,1,0,RC-09,Yes,17.0,1,1,1,14.0,0.0,No,10,Low friction
APL-2026-003432,2026-05-06,2026-05-06,2026-05-07,2026-05-07,2026-05-15,2026-05-15,Administrative,Standard,PAY-01,TM-01,TM-01,Closed,Upheld,30,No,Yes,No,0,1,RC-01,Yes,9.0,0,1,0,8.0,0.0,Yes,25,Moderate friction
APL-2026-000239,2026-01-24,2026-01-26,2026-01-27,2026-01-27,2026-02-03,2026-02-03,Pharmacy,Urgent,PAY-03,TM-05,TM-05,Closed,Upheld,7,Yes,No,No,0,0,RC-01,Yes,10.0,2,1,0,7.0,0.0,No,0,Low friction
APL-2026-001978,2026-08-29,2026-08-31,2026-08-31,2026-09-01,2026-09-11,2026-09-18,Claims Payment,Urgent,PAY-01,TM-01,TM-01,Closed,Partially Overturned,7,Yes,Yes,No,0,0,RC-04,Yes,20.0,2,0,1,10.0,7.0,No,10,Low friction
APL-2026-000986,2026-02-23,2026-02-23,2026-02-25,2026-03-02,2026-03-16,2026-03-18,Claims Payment,Standard,PAY-05,TM-01,TM-02,Closed,Overturned,30,Yes,No,No,2,0,RC-03,No,23.0,0,2,5,14.0,2.0,Yes,40,High friction
APL-2026-000553,2026-05-09,2026-05-09,2026-05-11,2026-05-13,2026-05-14,2026-05-14,Clinical,Standard,PAY-01,TM-02,TM-02,Closed,Upheld,14,Yes,No,No,0,0,RC-02,Yes,5.0,0,2,2,1.0,0.0,Yes,0,Low friction
APL-2026-001992,2026-02-13,2026-02-17,2026-02-19,2026-02-24,2026-02-25,2026-02-25,Claims Payment,Standard,PAY-01,TM-01,TM-01,Closed,Upheld,30,Yes,No,No,0,0,RC-05,Yes,12.0,4,2,5,1.0,0.0,Yes,0,Low friction
APL-2026-003385,2026-08-13,2026-08-14,2026-08-17,2026-08-17,2026-08-20,2026-08-21,Authorization,Standard,PAY-03,TM-04,TM-04,Closed,Upheld,7,Yes,No,No,0,0,RC-15,Yes,8.0,1,3,0,3.0,1.0,No,0,Low friction
APL-2026-003510,2026-09-08,2026-09-09,2026-09-10,2026-09-11,2026-09-17,2026-09-17,Administrative,Standard,PAY-03,TM-07,TM-07,Closed,Partially Overturned,30,Yes,No,No,0,0,RC-11,Yes,9.0,1,1,1,6.0,0.0,Yes,0,Low friction
APL-2026-003350,2026-03-05,2026-03-05,2026-03-09,2026-03-10,2026-03-19,2026-03-19,Administrative,Standard,PAY-02,TM-01,TM-01,Closed,Overturned,30,Yes,No,No,0,0,RC-10,Yes,14.0,0,4,1,9.0,0.0,Yes,0,Low friction
APL-2026-001820,2026-08-10,2026-08-11,2026-08-11,2026-08-11,2026-08-18,2026-08-18,Clinical,Standard,PAY-01,TM-03,TM-08,Closed,Overturned,14,No,Yes,No,1,0,RC-05,Yes,8.0,1,0,0,7.0,0.0,Yes,35,Moderate friction
APL-2026-003891,2026-03-11,2026-03-11,2026-03-11,2026-03-11,2026-03-16,2026-03-16,Administrative,Urgent,PAY-07,TM-01,TM-01,Closed,Upheld,7,Yes,Yes,No,0,0,RC-01,Yes,5.0,0,0,0,5.0,0.0,Yes,0,Low friction
APL-2026-001645,2026-02-15,2026-02-16,2026-02-17,2026-02-20,2026-02-23,2026-02-23,Clinical,Low,PAY-05,TM-03,TM-03,Closed,Upheld,14,Yes,No,No,0,0,RC-04,Yes,8.0,1,1,3,3.0,0.0,Yes,0,Low friction
APL-2026-003033,2026-07-29,2026-07-29,2026-08-04,2026-08-04,2026-08-10,2026-08-12,Administrative,Standard,PAY-05,TM-01,TM-01,Closed,Overturned,30,Yes,No,No,0,0,RC-06,Yes,14.0,0,6,0,6.0,2.0,Yes,0,Low friction
APL-2026-001281,2026-09-02,2026-09-03,2026-09-07,2026-09-08,2026-09-15,2026-09-16,Pharmacy,Urgent,PAY-07,TM-05,TM-05,Closed,Upheld,7,Yes,No,No,0,0,RC-07,Yes,14.0,1,4,1,7.0,1.0,No,0,Low friction
APL-2026-001400,2026-08-29,2026-08-31,2026-09-01,2026-09-02,2026-09-25,2026-09-28,Administrative,Urgent,PAY-04,TM-01,TM-01,Closed,Partially Overturned,7,No,Yes,No,0,4,RC-02,Yes,30.0,2,1,1,23.0,3.0,No,35,Moderate friction
APL-2026-002040,2026-01-30,2026-02-02,2026-02-02,2026-02-02,2026-02-03,2026-02-03,Authorization,Urgent,PAY-04,TM-04,TM-04,Closed,Upheld,7,Yes,No,No,0,0,RC-10,Yes,4.0,3,0,0,1.0,0.0,Yes,0,Low friction
APL-2026-000049,2026-09-30,2026-09-30,2026-09-30,2026-10-02,,,Clinical,Low,PAY-06,TM-07,TM-07,Pending Information,,14,Yes,No,No,0,0,RC-07,Yes,,0,0,2,,,,0,Low friction
APL-2026-003918,2026-02-20,2026-02-23,2026-02-24,2026-02-27,2026-03-12,2026-03-12,Authorization,Standard,PAY-04,TM-04,TM-04,Closed,Overturned,7,Yes,No,No,0,0,RC-06,Yes,20.0,3,1,3,13.0,0.0,No,0,Low friction
APL-2026-003290,2026-03-29,2026-03-29,2026-03-29,2026-04-01,2026-04-03,2026-04-03,Clinical,Standard,PAY-02,TM-03,TM-03,Closed,Partially Overturned,14,Yes,No,No,0,0,RC-03,Yes,5.0,0,0,3,2.0,0.0,Yes,0,Low friction
APL-2026-003270,2026-03-01,2026-03-01,2026-03-01,2026-03-04,2026-03-16,2026-03-23,Authorization,Low,PAY-04,TM-04,TM-04,Closed,Upheld,7,Yes,No,No,0,0,RC-15,Yes,22.0,0,0,3,12.0,7.0,No,10,Low friction
APL-2026-003788,2026-02-19,2026-02-19,2026-02-24,2026-02-25,2026-03-09,2026-03-10,Claims Payment,Standard,PAY-02,TM-01,TM-03,Closed,Upheld,30,Yes,No,No,3,0,RC-04,No,19.0,0,5,1,12.0,1.0,Yes,50,High friction
APL-2026-003440,2026-07-06,2026-07-06,2026-07-06,2026-07-08,2026-07-13,2026-07-20,Administrative,Standard,PAY-02,TM-01,TM-01,Closed,Partially Overturned,30,Yes,No,No,0,0,RC-02,Yes,14.0,0,0,2,5.0,7.0,Yes,10,Low friction
APL-2026-002163,2026-08-29,2026-08-29,2026-09-02,2026-09-03,2026-09-14,2026-09-15,Claims Payment,Standard,PAY-03,TM-07,TM-01,Closed,Overturned,30,Yes,No,No,3,0,RC-02,No,17.0,0,4,1,11.0,1.0,Yes,50,High friction
APL-2026-002533,2026-05-17,2026-05-18,2026-05-18,2026-05-19,2026-05-29,2026-05-29,Administrative,Standard,PAY-03,TM-07,TM-07,Closed,Upheld,30,Yes,No,No,0,0,RC-11,Yes,12.0,1,0,1,10.0,0.0,Yes,0,Low friction
APL-2026-001379,2026-05-05,2026-05-07,2026-05-13,2026-05-14,2026-05-15,2026-05-15,Administrative,Standard,PAY-01,TM-01,TM-01,Closed,Partially Overturned,30,Yes,No,No,0,0,RC-02,Yes,10.0,2,6,1,1.0,0.0,Yes,0,Low friction
APL-2026-000741,2026-08-31,2026-09-01,2026-09-02,2026-09-04,2026-09-11,2026-09-11,Administrative,Urgent,PAY-04,TM-01,TM-01,Closed,Overturned,7,Yes,No,No,0,0,RC-09,Yes,11.0,1,1,2,7.0,0.0,No,0,Low friction
APL-2026-001920,2026-01-03,2026-01-06,2026-01-12,2026-01-13,2026-01-26,2026-01-27,Authorization,Standard,PAY-07,TM-04,TM-04,Closed,Upheld,7,No,No,No,0,5,RC-01,Yes,24.0,3,6,1,13.0,1.0,No,25,Moderate friction
APL-2026-003760,2026-07-18,2026-07-18,2026-07-20,2026-07-23,2026-07-31,2026-07-31,Authorization,Standard,PAY-01,TM-04,TM-04,Closed,Partially Overturned,7,Yes,No,No,0,0,RC-15,Yes,13.0,0,2,3,8.0,0.0,No,0,Low friction
APL-2026-000515,2026-05-23,2026-05-25,2026-05-26,2026-05-27,2026-05-28,2026-05-28,Clinical,Urgent,PAY-03,TM-07,TM-07,Closed,Partially Overturned,7,Yes,No,No,0,0,RC-03,Yes,5.0,2,1,1,1.0,0.0,Yes,0,Low friction
APL-2026-002199,2026-03-10,2026-03-10,2026-03-12,2026-03-17,2026-03-25,2026-03-26,Authorization,Urgent,PAY-02,TM-04,TM-04,Closed,Overturned,7,Yes,No,No,0,0,RC-04,Yes,16.0,0,2,5,8.0,1.0,No,0,Low friction
APL-2026-001740,2026-09-09,2026-09-09,2026-09-10,2026-09-15,2026-09-18,2026-09-18,Authorization,Standard,PAY-05,TM-04,TM-05,Closed,Overturned,7,Yes,No,No,1,0,RC-05,No,9.0,0,1,5,3.0,0.0,No,30,Moderate friction
APL-2026-001432,2026-09-09,2026-09-09,2026-09-09,2026-09-11,,,Claims Payment,Standard,PAY-03,TM-07,TM-07,In Review,,30,No,No,No,0,15,RC-10,Yes,,0,0,2,,,,45,High friction
APL-2026-001700,2026-02-16,2026-02-18,2026-02-20,2026-02-24,2026-03-11,2026-03-11,Administrative,Standard,PAY-04,TM-01,TM-01,Closed,Upheld,30,Yes,No,No,0,0,RC-06,Yes,23.0,2,2,4,15.0,0.0,Yes,0,Low friction
APL-2026-003769,2026-02-19,2026-02-20,2026-02-20,2026-02-25,2026-03-11,2026-03-12,Authorization,Standard,PAY-07,TM-04,TM-04,Closed,Upheld,7,Yes,No,No,0,0,RC-08,Yes,21.0,1,0,5,14.0,1.0,No,0,Low friction
APL-2026-001129,2026-09-02,2026-09-03,2026-09-03,2026-09-04,2026-09-08,2026-09-08,Clinical,Urgent,PAY-02,TM-02,TM-02,Closed,Partially Overturned,7,Yes,No,No,0,0,RC-09,Yes,6.0,1,0,1,4.0,0.0,Yes,0,Low friction
APL-2026-003981,2026-06-16,2026-06-16,2026-06-22,2026-06-22,2026-07-13,2026-07-20,Administrative,Low,PAY-06,TM-07,TM-01,Closed,Partially Overturned,30,No,Yes,No,1,9,RC-05,No,34.0,0,6,0,21.0,7.0,No,85,Critical friction
APL-2026-001810,2026-03-08,2026-03-09,2026-03-10,2026-03-11,2026-03-20,2026-03-23,Authorization,Standard,PAY-02,TM-04,TM-04,Closed,Overturned,7,Yes,No,No,0,0,RC-06,Yes,15.0,1,1,1,9.0,3.0,No,10,Low friction
APL-2026-002519,2026-05-06,2026-05-08,2026-05-08,2026-05-11,2026-05-19,2026-05-19,Authorization,Standard,PAY-05,TM-04,TM-04,Closed,Overturned,7,Yes,No,No,0,0,RC-02,Yes,13.0,2,0,3,8.0,0.0,No,0,Low friction
APL-2026-003830,2026-08-09,2026-08-09,2026-08-11,2026-08-12,2026-08-28,2026-08-28,Clinical,Standard,PAY-02,TM-02,TM-02,Closed,Partially Overturned,14,Yes,Yes,Yes,0,0,RC-12,Yes,19.0,0,2,1,16.0,0.0,No,15,Low friction
APL-2026-001696,2026-06-17,2026-06-17,2026-06-18,2026-06-23,2026-07-06,2026-07-06,Clinical,Standard,PAY-05,TM-02,TM-06,Closed,Upheld,14,Yes,No,No,1,0,RC-04,No,19.0,0,1,5,13.0,0.0,No,30,Moderate friction
APL-2026-002896,2026-07-28,2026-07-28,2026-07-29,2026-07-31,2026-08-06,2026-08-06,Authorization,Standard,PAY-07,TM-04,TM-06,Closed,Overturned,7,Yes,No,No,1,0,RC-04,No,9.0,0,1,2,6.0,0.0,No,30,Moderate friction
APL-2026-002237,2026-06-19,2026-06-19,2026-06-23,2026-06-26,2026-07-09,2026-07-09,Clinical,Standard,PAY-02,TM-03,TM-03,Closed,Partially Overturned,14,No,No,No,0,3,RC-05,Yes,20.0,0,4,3,13.0,0.0,No,25,Moderate friction
APL-2026-001554,2026-01-28,2026-01-28,2026-02-02,2026-02-05,2026-02-25,2026-02-25,Authorization,Low,PAY-05,TM-04,TM-08,Closed,Upheld,7,Yes,No,Yes,2,0,RC-04,No,28.0,0,5,3,20.0,0.0,No,55,High friction
APL-2026-000924,2026-08-04,2026-08-05,2026-08-05,2026-08-05,2026-08-13,2026-08-17,Pharmacy,Standard,PAY-01,TM-05,TM-03,Closed,Overturned,7,Yes,No,No,1,0,RC-06,Yes,13.0,1,0,0,8.0,4.0,No,20,Moderate friction
APL-2026-002987,2026-08-20,2026-08-24,2026-08-24,2026-08-25,2026-09-01,2026-09-01,Administrative,Urgent,PAY-02,TM-01,TM-01,Closed,Upheld,7,Yes,No,Yes,0,0,RC-07,Yes,12.0,4,0,1,7.0,0.0,No,15,Low friction
APL-2026-002316,2026-08-19,2026-08-19,2026-08-24,2026-08-24,2026-09-08,2026-09-15,Clinical,Standard,PAY-03,TM-07,TM-04,Closed,Upheld,14,No,No,No,2,3,RC-04,No,27.0,0,5,0,15.0,7.0,No,75,Critical friction
APL-2026-003375,2026-04-15,2026-04-17,2026-04-21,2026-04-22,2026-04-23,2026-04-24,Clinical,Urgent,PAY-04,TM-03,TM-03,Closed,Upheld,7,Yes,No,No,0,0,RC-13,Yes,9.0,2,4,1,1.0,1.0,No,0,Low friction
APL-2026-003651,2026-06-23,2026-06-23,2026-06-23,2026-06-24,2026-07-06,2026-07-06,Pharmacy,Standard,PAY-02,TM-05,TM-05,Closed,Partially Overturned,7,No,Yes,No,0,1,RC-05,Yes,13.0,0,0,1,12.0,0.0,No,25,Moderate friction
APL-2026-003612,2026-08-02,2026-08-03,2026-08-04,2026-08-07,2026-08-19,2026-08-19,Authorization,Low,PAY-04,TM-04,TM-04,Closed,Upheld,7,No,No,No,0,4,RC-05,Yes,17.0,1,1,3,12.0,0.0,No,25,Moderate friction
APL-2026-001658,2026-04-17,2026-04-21,2026-04-22,2026-04-23,2026-04-29,2026-04-29,Pharmacy,Standard,PAY-02,TM-05,TM-05,Closed,Overturned,7,Yes,No,No,0,0,RC-11,Yes,12.0,4,1,1,6.0,0.0,No,0,Low friction
APL-2026-002416,2026-07-04,2026-07-04,2026-07-04,2026-07-04,2026-07-21,2026-07-22,Administrative,Urgent,PAY-02,TM-01,TM-01,Closed,Upheld,7,Yes,No,Yes,0,0,RC-14,Yes,18.0,0,0,0,17.0,1.0,No,15,Low friction
APL-2026-002664,2026-04-09,2026-04-10,2026-04-13,2026-04-15,2026-05-04,2026-05-04,Clinical,Standard,PAY-06,TM-07,TM-07,Closed,Partially Overturned,14,No,Yes,No,0,1,RC-11,Yes,25.0,1,3,2,19.0,0.0,No,25,Moderate friction
APL-2026-000269,2026-08-22,2026-08-25,2026-08-26,2026-08-28,2026-09-02,2026-09-02,Clinical,Standard,PAY-01,TM-02,TM-02,Closed,Upheld,14,No,No,No,0,2,RC-05,Yes,11.0,3,1,2,5.0,0.0,Yes,25,Moderate friction
APL-2026-003919,2026-05-16,2026-05-16,2026-05-16,2026-05-18,2026-05-22,2026-05-22,Claims Payment,Low,PAY-01,TM-01,TM-01,Closed,Overturned,30,Yes,No,No,0,0,RC-04,Yes,6.0,0,0,2,4.0,0.0,Yes,0,Low friction
APL-2026-003523,2026-04-04,2026-04-04,2026-04-08,2026-04-09,2026-04-17,2026-04-20,Authorization,Low,PAY-04,TM-04,TM-06,Closed,Overturned,7,Yes,No,No,1,0,RC-04,No,16.0,0,4,1,8.0,3.0,No,40,High friction
APL-2026-003882,2026-08-18,2026-08-18,2026-08-18,2026-08-18,2026-08-20,2026-08-21,Clinical,Standard,PAY-06,TM-07,TM-07,Closed,Upheld,14,Yes,No,No,0,0,RC-04,Yes,3.0,0,0,0,2.0,1.0,Yes,0,Low friction
APL-2026-002528,2026-01-07,2026-01-09,2026-01-09,2026-01-09,2026-01-12,2026-01-13,Clinical,Standard,PAY-06,TM-07,TM-07,Closed,Overturned,14,Yes,No,No,0,0,RC-11,Yes,6.0,2,0,0,3.0,1.0,Yes,0,Low friction
APL-2026-001243,2026-04-06,2026-04-07,2026-04-08,2026-04-10,2026-04-30,2026-05-01,Administrative,Standard,PAY-05,TM-01,TM-01,Closed,Upheld,30,No,No,No,0,9,RC-01,Yes,25.0,1,1,2,20.0,1.0,Yes,45,High friction
APL-2026-001648,2026-06-11,2026-06-12,2026-06-16,2026-06-16,2026-06-30,2026-07-02,Clinical,Urgent,PAY-05,TM-03,TM-03,Closed,Partially Overturned,7,Yes,Yes,No,0,0,RC-06,Yes,21.0,1,4,0,14.0,2.0,No,0,Low friction
APL-2026-003196,2026-08-04,2026-08-06,2026-08-07,2026-08-10,2026-08-13,2026-08-13,Clinical,Urgent,PAY-03,TM-07,TM-07,Closed,Partially Overturned,7,Yes,No,No,0,0,RC-12,Yes,9.0,2,1,3,3.0,0.0,No,0,Low friction
APL-2026-000108,2026-08-27,2026-08-28,2026-09-02,2026-09-03,2026-09-09,2026-09-09,Clinical,Standard,PAY-03,TM-07,TM-06,Closed,Upheld,14,Yes,No,No,1,0,RC-05,No,13.0,1,5,1,6.0,0.0,Yes,30,Moderate friction
APL-2026-001938,2026-03-25,2026-03-27,2026-03-31,2026-03-31,2026-04-09,2026-04-09,Authorization,Standard,PAY-02,TM-04,TM-03,Closed,Upheld,7,Yes,No,No,1,0,RC-10,Yes,15.0,2,4,0,9.0,0.0,No,10,Low friction
APL-2026-001414,2026-07-24,2026-07-24,2026-07-27,2026-07-28,2026-08-03,2026-08-04,Clinical,Standard,PAY-06,TM-07,TM-07,Closed,Partially Overturned,14,Yes,No,No,0,0,RC-02,Yes,11.0,0,3,1,6.0,1.0,Yes,0,Low friction
APL-2026-001257,2026-07-15,2026-07-15,2026-07-24,2026-07-28,2026-08-12,2026-08-13,Authorization,Standard,PAY-06,TM-04,TM-02,Closed,Upheld,7,No,No,No,2,5,RC-04,No,29.0,0,9,4,15.0,1.0,No,65,Critical friction
APL-2026-003058,2026-09-22,2026-09-22,2026-09-23,2026-09-23,,,Clinical,Low,PAY-01,TM-03,TM-03,Pending Information,,14,Yes,No,No,0,0,RC-08,Yes,,0,1,0,,,,0,Low friction
APL-2026-003038,2026-07-22,2026-07-22,2026-07-28,2026-07-28,2026-08-13,2026-08-14,Authorization,Standard,PAY-05,TM-04,TM-06,Closed,Upheld,7,No,Yes,No,3,1,RC-04,No,23.0,0,6,0,16.0,1.0,No,75,Critical friction
APL-2026-000458,2026-04-24,2026-04-24,2026-04-27,2026-04-27,2026-04-28,2026-05-05,Clinical,Standard,PAY-06,TM-07,TM-07,Closed,Overturned,14,Yes,No,No,0,0,RC-04,Yes,11.0,0,3,0,1.0,7.0,Yes,10,Low friction
APL-2026-003677,2026-08-27,2026-08-27,2026-08-28,2026-08-31,2026-09-17,2026-09-17,Clinical,Standard,PAY-01,TM-02,TM-02,Closed,Upheld,14,No,No,Yes,0,6,RC-07,Yes,21.0,0,1,3,17.0,0.0,No,60,Critical friction
APL-2026-002141,2026-05-24,2026-05-24,2026-05-25,2026-05-26,2026-06-03,2026-06-03,Administrative,Urgent,PAY-06,TM-07,TM-05,Closed,Upheld,7,Yes,No,No,1,0,RC-14,Yes,10.0,0,1,1,8.0,0.0,No,10,Low friction
APL-2026-000817,2026-09-25,2026-09-25,2026-09-29,2026-09-29,,,Clinical,Urgent,PAY-06,TM-07,TM-02,Escalated,,7,Yes,No,No,1,0,RC-05,Yes,,0,4,0,,,,10,Low friction
APL-2026-002602,2026-02-22,2026-02-22,2026-02-24,2026-02-24,2026-03-06,2026-03-13,Administrative,Standard,PAY-04,TM-01,TM-08,Closed,Upheld,30,Yes,No,No,1,0,RC-07,Yes,19.0,0,2,0,10.0,7.0,Yes,20,Moderate friction
APL-2026-003844,2026-06-30,2026-06-30,2026-07-01,2026-07-02,2026-07-08,2026-07-09,Authorization,Standard,PAY-01,TM-04,TM-04,Closed,Upheld,7,Yes,Yes,No,0,0,RC-07,Yes,9.0,0,1,1,6.0,1.0,No,0,Low friction
APL-2026-000856,2026-05-20,2026-05-20,2026-05-20,2026-05-25,2026-06-03,2026-06-03,Authorization,Urgent,PAY-05,TM-04,TM-04,Closed,Upheld,7,No,No,No,0,5,RC-05,Yes,14.0,0,0,5,9.0,0.0,No,25,Moderate friction
APL-2026-001026,2026-06-30,2026-07-01,2026-07-02,2026-07-02,2026-07-08,2026-07-10,Clinical,Low,PAY-02,TM-03,TM-03,Closed,Overturned,14,Yes,No,No,0,0,RC-05,Yes,10.0,1,1,0,6.0,2.0,Yes,0,Low friction
APL-2026-000143,2026-05-28,2026-05-28,2026-05-29,2026-06-02,2026-06-08,2026-06-08,Authorization,Standard,PAY-03,TM-04,TM-03,Closed,Upheld,7,Yes,No,No,1,0,RC-12,No,11.0,0,1,4,6.0,0.0,No,30,Moderate friction
APL-2026-003713,2026-04-24,2026-04-28,2026-04-28,2026-04-28,2026-05-21,2026-05-25,Clinical,Standard,PAY-05,TM-02,TM-02,Closed,Overturned,14,No,No,No,0,12,RC-06,Yes,31.0,4,0,0,23.0,4.0,No,55,High friction
APL-2026-001474,2026-05-30,2026-05-30,2026-05-30,2026-06-01,2026-06-03,2026-06-05,Clinical,Low,PAY-06,TM-07,TM-07,Closed,Upheld,14,Yes,No,No,0,0,RC-07,Yes,6.0,0,0,2,2.0,2.0,Yes,0,Low friction
APL-2026-002211,2026-07-08,2026-07-09,2026-07-15,2026-07-17,2026-07-21,2026-07-22,Clinical,Standard,PAY-02,TM-03,TM-03,Closed,Upheld,14,Yes,No,No,0,0,RC-01,Yes,14.0,1,6,2,4.0,1.0,Yes,0,Low friction
APL-2026-003126,2026-07-20,2026-07-22,2026-07-29,2026-07-30,2026-08-20,2026-08-20,Pharmacy,Standard,PAY-04,TM-05,TM-03,Closed,Partially Overturned,7,No,No,No,3,5,RC-04,No,31.0,2,7,1,21.0,0.0,No,75,Critical friction
APL-2026-000862,2026-03-13,2026-03-13,2026-03-13,2026-03-16,2026-03-18,2026-03-18,Authorization,Standard,PAY-03,TM-04,TM-04,Closed,Upheld,7,Yes,No,No,0,0,RC-13,Yes,5.0,0,0,3,2.0,0.0,Yes,0,Low friction
APL-2026-000617,2026-06-29,2026-06-30,2026-06-30,2026-07-03,2026-07-13,2026-07-13,Clinical,Standard,PAY-07,TM-02,TM-04,Closed,Upheld,14,Yes,No,No,1,0,RC-07,Yes,14.0,1,0,3,10.0,0.0,Yes,10,Low friction
APL-2026-002473,2026-09-23,2026-09-23,2026-09-24,2026-09-25,2026-09-28,2026-09-30,Authorization,Standard,PAY-04,TM-04,TM-04,Closed,Overturned,7,Yes,No,No,0,0,RC-08,Yes,7.0,0,1,1,3.0,2.0,Yes,0,Low friction
APL-2026-003201,2026-07-30,2026-08-03,2026-08-07,2026-08-10,2026-08-13,2026-08-17,Authorization,Standard,PAY-01,TM-04,TM-07,Closed,Upheld,7,Yes,No,No,1,0,RC-01,Yes,18.0,4,4,3,3.0,4.0,No,20,Moderate friction
APL-2026-000571,2026-02-12,2026-02-12,2026-02-12,2026-02-16,2026-02-17,2026-02-17,Clinical,Standard,PAY-02,TM-02,TM-02,Closed,Overturned,14,Yes,No,No,0,0,RC-05,Yes,5.0,0,0,4,1.0,0.0,Yes,0,Low friction
APL-2026-000932,2026-02-01,2026-02-02,2026-02-06,2026-02-09,2026-02-24,2026-03-03,Claims Payment,Standard,PAY-04,TM-01,TM-01,Closed,Upheld,30,Yes,No,No,0,0,RC-12,Yes,30.0,1,4,3,15.0,7.0,Yes,10,Low friction
APL-2026-000328,2026-03-04,2026-03-04,2026-03-04,2026-03-04,2026-03-13,2026-03-16,Administrative,Urgent,PAY-02,TM-01,TM-01,Closed,Overturned,7,Yes,No,Yes,0,0,RC-01,Yes,12.0,0,0,0,9.0,3.0,No,25,Moderate friction
APL-2026-001815,2026-08-16,2026-08-17,2026-08-17,2026-08-17,2026-08-21,2026-08-24,Clinical,Standard,PAY-01,TM-03,TM-06,Closed,Overturned,14,Yes,No,No,1,0,RC-11,Yes,8.0,1,0,0,4.0,3.0,Yes,20,Moderate friction
APL-2026-003914,2026-06-06,2026-06-09,2026-06-09,2026-06-09,2026-06-26,2026-06-26,Pharmacy,Standard,PAY-03,TM-05,TM-05,Closed,Partially Overturned,7,Yes,No,No,0,0,RC-06,Yes,20.0,3,0,0,17.0,0.0,No,0,Low friction
APL-2026-001402,2026-08-30,2026-08-30,2026-08-31,2026-08-31,2026-09-01,2026-09-01,Clinical,Standard,PAY-01,TM-03,TM-03,Closed,Upheld,14,Yes,No,No,0,0,RC-15,Yes,2.0,0,1,0,1.0,0.0,Yes,0,Low friction
APL-2026-003863,2026-07-19,2026-07-20,2026-07-22,2026-07-24,2026-08-06,2026-08-06,Claims Payment,Standard,PAY-06,TM-07,TM-02,Closed,Overturned,30,Yes,No,No,2,0,RC-13,No,18.0,1,2,2,13.0,0.0,Yes,40,High friction
APL-2026-001579,2026-03-26,2026-03-27,2026-03-30,2026-03-30,2026-04-14,2026-04-16,Authorization,Standard,PAY-03,TM-04,TM-04,Closed,Upheld,7,No,No,No,0,5,RC-05,Yes,21.0,1,3,0,15.0,2.0,No,25,Moderate friction
APL-2026-000926,2026-09-08,2026-09-08,2026-09-11,2026-09-16,2026-09-23,2026-09-23,Authorization,Standard,PAY-01,TM-04,TM-07,Closed,Overturned,7,Yes,No,No,1,0,RC-01,No,15.0,0,3,5,7.0,0.0,No,30,Moderate friction
APL-2026-000952,2026-08-27,2026-08-31,2026-09-01,2026-09-02,2026-09-10,2026-09-10,Pharmacy,Low,PAY-03,TM-05,TM-01,Closed,Overturned,7,Yes,No,No,2,0,RC-04,No,14.0,4,1,1,8.0,0.0,No,40,High friction
APL-2026-002591,2026-07-03,2026-07-03,2026-07-07,2026-07-09,2026-07-17,2026-07-20,Claims Payment,Standard,PAY-03,TM-07,TM-07,Closed,Partially Overturned,30,Yes,No,No,0,0,RC-01,Yes,17.0,0,4,2,8.0,3.0,Yes,10,Low friction
APL-2026-002293,2026-07-05,2026-07-06,2026-07-09,2026-07-10,2026-08-10,2026-08-17,Authorization,Urgent,PAY-01,TM-04,TM-05,Closed,Overturned,7,No,Yes,No,3,9,RC-01,No,43.0,1,3,1,31.0,7.0,No,105,Critical friction
APL-2026-002370,2026-03-23,2026-03-24,2026-03-25,2026-03-27,2026-03-31,2026-04-01,Authorization,Standard,PAY-04,TM-04,TM-04,Closed,Partially Overturned,7,Yes,No,No,0,0,RC-01,Yes,9.0,1,1,2,4.0,1.0,No,0,Low friction
APL-2026-000788,2026-06-30,2026-06-30,2026-07-01,2026-07-01,2026-07-06,2026-07-06,Administrative,Urgent,PAY-03,TM-07,TM-07,Closed,Upheld,7,Yes,No,No,0,0,RC-01,Yes,6.0,0,1,0,5.0,0.0,Yes,0,Low friction
APL-2026-000855,2026-08-08,2026-08-08,2026-08-11,2026-08-12,2026-09-04,2026-09-04,Authorization,Standard,PAY-07,TM-04,TM-04,Closed,Upheld,7,No,No,No,0,8,RC-03,Yes,27.0,0,3,1,23.0,0.0,No,45,High friction
APL-2026-002561,2026-02-01,2026-02-02,2026-02-06,2026-02-09,2026-02-16,2026-02-16,Administrative,Urgent,PAY-02,TM-01,TM-04,Closed,Partially Overturned,7,Yes,No,No,2,0,RC-02,No,15.0,1,4,3,7.0,0.0,No,40,High friction
APL-2026-002739,2026-05-08,2026-05-12,2026-05-13,2026-05-13,2026-05-29,2026-06-01,Clinical,Standard,PAY-05,TM-03,TM-03,Closed,Upheld,14,No,No,No,0,0,RC-12,Yes,24.0,4,1,0,16.0,3.0,No,35,Moderate friction
APL-2026-003417,2026-09-29,2026-09-29,2026-10-01,2026-10-01,,,Clinical,Standard,PAY-05,TM-03,TM-03,Pending Information,,14,Yes,No,No,0,0,RC-09,Yes,,0,2,0,,,,0,Low friction
APL-2026-001833,2026-02-12,2026-02-12,2026-02-18,2026-02-23,2026-02-25,2026-02-25,Authorization,Standard,PAY-04,TM-04,TM-04,Closed,Upheld,7,Yes,No,No,0,0,RC-03,Yes,13.0,0,6,5,2.0,0.0,No,0,Low friction
APL-2026-003536,2026-02-04,2026-02-05,2026-02-09,2026-02-10,2026-02-19,2026-02-23,Administrative,Low,PAY-02,TM-01,TM-05,Closed,Overturned,30,Yes,No,No,1,0,RC-10,Yes,19.0,1,4,1,9.0,4.0,Yes,20,Moderate friction
APL-2026-001125,2026-05-26,2026-05-26,2026-05-27,2026-05-27,2026-06-22,2026-06-23,Pharmacy,Standard,PAY-03,TM-05,TM-05,Closed,Upheld,7,No,Yes,Yes,0,14,RC-12,Yes,28.0,0,1,0,26.0,1.0,No,60,Critical friction
APL-2026-002788,2026-09-22,2026-09-22,2026-09-23,2026-09-25,,,Administrative,Low,PAY-02,TM-01,TM-02,Pending Information,,30,Yes,No,No,3,0,RC-04,No,,0,1,2,,,,50,High friction
APL-2026-001031,2026-08-25,2026-08-25,2026-08-26,2026-08-27,2026-09-03,2026-09-07,Clinical,Standard,PAY-06,TM-07,TM-07,Closed,Overturned,14,Yes,No,Yes,0,0,RC-08,Yes,13.0,0,1,1,7.0,4.0,Yes,25,Moderate friction
APL-2026-002234,2026-01-10,2026-01-10,2026-01-12,2026-01-13,2026-01-15,2026-01-15,Authorization,Urgent,PAY-06,TM-04,TM-04,Closed,Overturned,7,Yes,No,No,0,0,RC-06,Yes,5.0,0,2,1,2.0,0.0,Yes,0,Low friction
APL-2026-001319,2026-09-30,2026-10-01,2026-10-02,2026-10-02,,,Clinical,Urgent,PAY-01,TM-03,TM-03,Escalated,,7,No,No,No,0,19,RC-01,Yes,,1,1,0,,,,45,High friction
APL-2026-000057,2026-01-09,2026-01-12,2026-01-13,2026-01-13,2026-01-16,2026-01-19,Clinical,Standard,PAY-04,TM-03,TM-03,Closed,Overturned,14,Yes,No,No,0,0,RC-03,Yes,10.0,3,1,0,3.0,3.0,Yes,10,Low friction
APL-2026-000845,2026-09-09,2026-09-09,2026-09-11,2026-09-16,2026-09-28,2026-09-28,Clinical,Standard,PAY-01,TM-02,TM-02,Closed,Partially Overturned,14,Yes,No,No,0,0,RC-07,Yes,19.0,0,2,5,12.0,0.0,No,0,Low friction
APL-2026-002331,2026-07-28,2026-07-29,2026-07-30,2026-07-30,2026-08-06,2026-08-06,Clinical,Low,PAY-04,TM-02,TM-02,Closed,Upheld,14,No,No,No,0,4,RC-02,Yes,9.0,1,1,0,7.0,0.0,Yes,25,Moderate friction
APL-2026-002635,2026-08-26,2026-08-27,2026-08-28,2026-08-31,2026-09-15,2026-09-15,Clinical,Standard,PAY-03,TM-07,TM-07,Closed,Partially Overturned,14,Yes,No,No,0,0,RC-08,Yes,20.0,1,1,3,15.0,0.0,No,0,Low friction
APL-2026-000772,2026-09-16,2026-09-16,2026-09-18,2026-09-18,2026-09-22,2026-09-23,Pharmacy,Standard,PAY-04,TM-05,TM-05,Closed,Upheld,7,Yes,No,No,0,0,RC-03,Yes,7.0,0,2,0,4.0,1.0,Yes,0,Low friction
APL-2026-002304,2026-08-14,2026-08-14,2026-08-17,2026-08-19,2026-08-20,2026-08-24,Clinical,Standard,PAY-02,TM-02,TM-02,Closed,Overturned,14,Yes,No,No,0,0,RC-05,Yes,10.0,0,3,2,1.0,4.0,Yes,10,Low friction
APL-2026-001354,2026-01-12,2026-01-14,2026-01-16,2026-01-16,2026-01-22,2026-01-26,Authorization,Standard,PAY-03,TM-04,TM-04,Closed,Partially Overturned,7,No,No,No,0,2,RC-12,Yes,14.0,2,2,0,6.0,4.0,No,35,Moderate friction
APL-2026-002284,2026-03-05,2026-03-06,2026-03-10,2026-03-11,2026-03-17,2026-03-17,Clinical,Standard,PAY-01,TM-02,TM-04,Closed,Overturned,14,Yes,No,No,1,0,RC-04,No,12.0,1,4,1,6.0,0.0,Yes,30,Moderate friction
APL-2026-003436,2026-04-18,2026-04-20,2026-04-20,2026-04-23,2026-05-06,2026-05-06,Authorization,Standard,PAY-06,TM-04,TM-04,Closed,Overturned,7,Yes,No,Yes,0,0,RC-04,Yes,18.0,2,0,3,13.0,0.0,No,15,Low friction
APL-2026-003567,2026-03-22,2026-03-22,2026-03-23,2026-03-23,2026-03-27,2026-03-27,Clinical,Urgent,PAY-03,TM-07,TM-07,Closed,Upheld,7,Yes,No,No,0,0,RC-10,Yes,5.0,0,1,0,4.0,0.0,Yes,0,Low friction
APL-2026-002392,2026-09-16,2026-09-18,2026-09-18,2026-09-18,,,Administrative,Standard,PAY-05,TM-01,TM-01,In Review,,30,Yes,No,No,0,0,RC-11,Yes,,2,0,0,,,,0,Low friction
APL-2026-001812,2026-08-29,2026-09-01,2026-09-03,2026-09-04,2026-09-11,2026-09-11,Administrative,Urgent,PAY-02,TM-01,TM-01,Closed,Partially Overturned,7,Yes,No,No,0,0,RC-01,Yes,13.0,3,2,1,7.0,0.0,No,0,Low friction
APL-2026-000339,2026-04-30,2026-04-30,2026-05-04,2026-05-05,2026-05-12,2026-05-12,Administrative,Urgent,PAY-04,TM-01,TM-01,Closed,Upheld,7,No,No,No,0,2,RC-01,Yes,12.0,0,4,1,7.0,0.0,No,25,Moderate friction
APL-2026-001429,2026-07-30,2026-08-03,2026-08-03,2026-08-03,2026-08-12,2026-08-12,Clinical,Standard,PAY-02,TM-02,TM-02,Closed,Overturned,14,Yes,No,No,0,0,RC-07,Yes,13.0,4,0,0,9.0,0.0,Yes,0,Low friction
APL-2026-003685,2026-04-11,2026-04-13,2026-04-17,2026-04-21,2026-04-23,2026-04-23,Administrative,Standard,PAY-03,TM-07,TM-07,Closed,Upheld,30,Yes,No,No,0,0,RC-02,Yes,12.0,2,4,4,2.0,0.0,Yes,0,Low friction
APL-2026-003833,2026-07-28,2026-07-28,2026-07-29,2026-07-30,2026-08-05,2026-08-05,Administrative,Standard,PAY-06,TM-07,TM-01,Closed,Overturned,30,Yes,No,No,1,0,RC-02,Yes,8.0,0,1,1,6.0,0.0,Yes,10,Low friction
APL-2026-000316,2026-09-08,2026-09-09,2026-09-11,2026-09-16,2026-09-23,2026-09-23,Authorization,Standard,PAY-07,TM-04,TM-08,Closed,Upheld,7,Yes,No,No,1,0,RC-01,Yes,15.0,1,2,5,7.0,0.0,No,10,Low friction
APL-2026-000208,2026-01-23,2026-01-23,2026-01-26,2026-01-27,2026-02-03,2026-02-05,Authorization,Low,PAY-01,TM-04,TM-07,Closed,Upheld,7,Yes,No,No,1,0,RC-02,Yes,13.0,0,3,1,7.0,2.0,No,10,Low friction
APL-2026-001443,2026-08-03,2026-08-03,2026-08-03,2026-08-06,2026-08-07,2026-08-11,Administrative,Standard,PAY-02,TM-01,TM-01,Closed,Overturned,30,Yes,No,No,0,0,RC-04,Yes,8.0,0,0,3,1.0,4.0,Yes,10,Low friction
APL-2026-003883,2026-03-04,2026-03-05,2026-03-06,2026-03-09,2026-03-12,2026-03-13,Authorization,Standard,PAY-01,TM-04,TM-04,Closed,Overturned,7,Yes,No,No,0,0,RC-11,Yes,9.0,1,1,3,3.0,1.0,No,0,Low friction
APL-2026-001382,2026-04-12,2026-04-13,2026-04-14,2026-04-16,2026-04-21,2026-04-28,Authorization,Standard,PAY-04,TM-04,TM-04,Closed,Overturned,7,Yes,No,No,0,0,RC-07,Yes,16.0,1,1,2,5.0,7.0,No,10,Low friction
APL-2026-001035,2026-09-21,2026-09-22,2026-09-22,2026-09-22,,,Pharmacy,Standard,PAY-06,TM-05,TM-05,Escalated,,7,Yes,No,No,0,0,RC-05,Yes,,1,0,0,,,,0,Low friction
APL-2026-002825,2026-04-16,2026-04-16,2026-04-16,2026-04-21,2026-04-28,2026-04-30,Administrative,Low,PAY-04,TM-01,TM-01,Closed,Upheld,30,Yes,No,No,0,0,RC-06,Yes,14.0,0,0,5,7.0,2.0,Yes,0,Low friction
APL-2026-000906,2026-04-18,2026-04-18,2026-04-18,2026-04-18,2026-04-30,2026-04-30,Administrative,Standard,PAY-05,TM-01,TM-01,Closed,Upheld,30,No,Yes,No,0,0,RC-04,Yes,12.0,0,0,0,12.0,0.0,Yes,25,Moderate friction
APL-2026-000179,2026-06-08,2026-06-08,2026-06-08,2026-06-10,2026-06-16,2026-06-17,Clinical,Standard,PAY-02,TM-03,TM-03,Closed,Upheld,14,Yes,No,No,0,0,RC-10,Yes,9.0,0,0,2,6.0,1.0,Yes,0,Low friction
APL-2026-001007,2026-03-03,2026-03-04,2026-03-06,2026-03-09,2026-03-10,2026-03-12,Authorization,Low,PAY-04,TM-04,TM-04,Closed,Upheld,7,Yes,No,No,0,0,RC-06,Yes,9.0,1,2,3,1.0,2.0,No,0,Low friction
APL-2026-000609,2026-07-26,2026-07-26,2026-07-26,2026-07-27,2026-07-29,2026-07-29,Authorization,Standard,PAY-01,TM-04,TM-04,Closed,Overturned,7,Yes,No,No,0,0,RC-02,Yes,3.0,0,0,1,2.0,0.0,Yes,0,Low friction
APL-2026-000002,2026-07-15,2026-07-15,2026-07-20,2026-07-22,2026-07-28,2026-07-29,Clinical,Standard,PAY-07,TM-02,TM-07,Closed,Overturned,14,Yes,No,No,1,0,RC-08,No,14.0,0,5,2,6.0,1.0,Yes,30,Moderate friction
APL-2026-002384,2026-06-14,2026-06-14,2026-06-16,2026-06-19,2026-06-23,2026-06-23,Claims Payment,Low,PAY-02,TM-01,TM-01,Closed,Partially Overturned,30,Yes,No,No,0,0,RC-05,Yes,9.0,0,2,3,4.0,0.0,Yes,0,Low friction
APL-2026-002982,2026-05-10,2026-05-12,2026-05-14,2026-05-18,2026-05-27,2026-05-27,Administrative,Standard,PAY-04,TM-01,TM-01,Closed,Overturned,30,Yes,No,No,0,0,RC-05,Yes,17.0,2,2,4,9.0,0.0,Yes,0,Low friction
APL-2026-001641,2026-01-20,2026-01-21,2026-01-23,2026-01-27,2026-01-29,2026-01-29,Authorization,Standard,PAY-01,TM-04,TM-04,Closed,Partially Overturned,7,Yes,No,No,0,0,RC-07,Yes,9.0,1,2,4,2.0,0.0,No,0,Low friction
APL-2026-002537,2026-05-22,2026-05-26,2026-05-27,2026-05-28,2026-06-08,2026-06-10,Authorization,Standard,PAY-06,TM-04,TM-07,Closed,Overturned,7,Yes,No,No,1,0,RC-07,Yes,19.0,4,1,1,11.0,2.0,No,10,Low friction
APL-2026-001423,2026-09-14,2026-09-15,2026-09-16,2026-09-17,2026-09-21,2026-09-21,Clinical,Standard,PAY-06,TM-07,TM-07,Closed,Partially Overturned,14,Yes,No,No,0,0,RC-06,Yes,7.0,1,1,1,4.0,0.0,Yes,0,Low friction
APL-2026-000649,2026-05-31,2026-05-31,2026-06-01,2026-06-02,2026-06-03,2026-06-04,Clinical,Standard,PAY-01,TM-02,TM-02,Closed,Overturned,14,Yes,No,No,0,0,RC-10,Yes,4.0,0,1,1,1.0,1.0,Yes,0,Low friction
APL-2026-001003,2026-09-02,2026-09-02,2026-09-08,2026-09-10,2026-09-28,2026-09-29,Authorization,Standard,PAY-02,TM-04,TM-02,Closed,Upheld,7,Yes,No,Yes,1,0,RC-01,Yes,27.0,0,6,2,18.0,1.0,No,25,Moderate friction
APL-2026-002639,2026-02-21,2026-02-24,2026-02-24,2026-02-26,2026-03-05,2026-03-05,Clinical,Standard,PAY-05,TM-02,TM-02,Closed,Overturned,14,Yes,No,Yes,0,0,RC-10,Yes,12.0,3,0,2,7.0,0.0,Yes,15,Low friction
APL-2026-000188,2026-05-30,2026-06-02,2026-06-03,2026-06-04,2026-06-11,2026-06-11,Administrative,Low,PAY-04,TM-01,TM-04,Closed,Partially Overturned,30,Yes,No,No,1,0,RC-03,Yes,12.0,3,1,1,7.0,0.0,Yes,10,Low friction
APL-2026-003796,2026-03-29,2026-03-29,2026-03-29,2026-03-30,2026-04-06,2026-04-07,Administrative,Urgent,PAY-07,TM-01,TM-01,Closed,Partially Overturned,7,Yes,No,Yes,0,0,RC-05,Yes,9.0,0,0,1,7.0,1.0,No,15,Low friction
APL-2026-002280,2026-03-24,2026-03-24,2026-03-24,2026-03-26,2026-03-27,2026-03-27,Authorization,Standard,PAY-01,TM-04,TM-04,Closed,Upheld,7,Yes,No,No,0,0,RC-03,Yes,3.0,0,0,2,1.0,0.0,Yes,0,Low friction
APL-2026-001311,2026-03-06,2026-03-09,2026-03-09,2026-03-12,2026-04-07,2026-04-08,Administrative,Standard,PAY-07,TM-01,TM-01,Closed,Overturned,30,No,No,No,0,17,RC-01,Yes,33.0,3,0,3,26.0,1.0,No,45,High friction
APL-2026-004000,2026-09-06,2026-09-07,2026-09-08,2026-09-08,2026-09-18,2026-09-21,Clinical,Standard,PAY-06,TM-07,TM-07,Closed,Upheld,14,Yes,No,No,0,0,RC-04,Yes,15.0,1,1,0,10.0,3.0,No,10,Low friction
APL-2026-001613,2026-05-03,2026-05-05,2026-05-06,2026-05-08,2026-05-19,2026-05-20,Clinical,Standard,PAY-02,TM-03,TM-02,Closed,Overturned,14,Yes,No,No,1,0,RC-01,Yes,17.0,2,1,2,11.0,1.0,No,10,Low friction
APL-2026-000775,2026-07-21,2026-07-21,2026-07-21,2026-07-22,2026-08-10,2026-08-12,Clinical,Standard,PAY-05,TM-02,TM-02,Closed,Upheld,14,Yes,No,Yes,0,0,RC-05,Yes,22.0,0,0,1,19.0,2.0,No,15,Low friction
APL-2026-001273,2026-05-03,2026-05-03,2026-05-07,2026-05-08,2026-05-19,2026-05-20,Authorization,Urgent,PAY-01,TM-04,TM-03,Closed,Upheld,7,Yes,No,No,1,0,RC-01,Yes,17.0,0,4,1,11.0,1.0,No,10,Low friction
APL-2026-003116,2026-08-14,2026-08-14,2026-08-14,2026-08-18,2026-08-24,2026-08-24,Administrative,Urgent,PAY-04,TM-01,TM-06,Closed,Upheld,7,Yes,No,No,1,0,RC-08,Yes,10.0,0,0,4,6.0,0.0,No,10,Low friction
APL-2026-001717,2026-01-29,2026-01-30,2026-01-30,2026-02-03,2026-02-12,2026-02-12,Clinical,Urgent,PAY-06,TM-07,TM-07,Closed,Upheld,7,No,No,No,0,5,RC-02,Yes,14.0,1,0,4,9.0,0.0,No,25,Moderate friction
APL-2026-002970,2026-01-30,2026-02-02,2026-02-03,2026-02-03,2026-02-06,2026-02-09,Administrative,Standard,PAY-04,TM-01,TM-02,Closed,Partially Overturned,30,Yes,No,No,1,0,RC-05,Yes,10.0,3,1,0,3.0,3.0,Yes,20,Moderate friction
APL-2026-001250,2026-09-12,2026-09-15,2026-09-17,2026-09-17,2026-09-18,2026-09-22,Clinical,Urgent,PAY-07,TM-03,TM-03,Closed,Partially Overturned,7,Yes,No,No,0,0,RC-02,Yes,10.0,3,2,0,1.0,4.0,No,10,Low friction
APL-2026-000353,2026-01-08,2026-01-09,2026-01-12,2026-01-14,2026-01-22,2026-01-23,Authorization,Standard,PAY-07,TM-04,TM-05,Closed,Partially Overturned,7,Yes,No,No,1,0,RC-04,No,15.0,1,3,2,8.0,1.0,No,30,Moderate friction
APL-2026-000565,2026-05-16,2026-05-18,2026-05-20,2026-05-21,2026-05-29,2026-05-29,Clinical,Standard,PAY-03,TM-07,TM-07,Closed,Upheld,14,Yes,No,No,0,0,RC-07,Yes,13.0,2,2,1,8.0,0.0,Yes,0,Low friction
APL-2026-000387,2026-04-30,2026-04-30,2026-05-01,2026-05-01,2026-05-11,2026-05-11,Authorization,Standard,PAY-01,TM-04,TM-01,Closed,Overturned,7,Yes,No,No,1,0,RC-02,Yes,11.0,0,1,0,10.0,0.0,No,10,Low friction
APL-2026-002235,2026-05-06,2026-05-07,2026-05-11,2026-05-11,2026-05-15,2026-05-15,Authorization,Standard,PAY-04,TM-04,TM-04,Closed,Overturned,7,No,No,No,0,0,RC-01,Yes,9.0,1,4,0,4.0,0.0,No,25,Moderate friction
APL-2026-003188,2026-07-27,2026-07-29,2026-07-29,2026-07-31,2026-08-17,2026-08-17,Administrative,Low,PAY-01,TM-01,TM-08,Closed,Upheld,30,No,No,No,1,4,RC-15,Yes,21.0,2,0,2,17.0,0.0,Yes,35,Moderate friction
APL-2026-002028,2026-08-01,2026-08-01,2026-08-03,2026-08-04,2026-08-05,2026-08-05,Authorization,Standard,PAY-01,TM-04,TM-04,Closed,Upheld,7,Yes,No,No,0,0,RC-06,Yes,4.0,0,2,1,1.0,0.0,Yes,0,Low friction
APL-2026-001514,2026-01-16,2026-01-19,2026-01-21,2026-01-21,2026-02-04,2026-02-05,Administrative,Standard,PAY-07,TM-01,TM-01,Closed,Upheld,30,Yes,No,Yes,0,0,RC-06,Yes,20.0,3,2,0,14.0,1.0,Yes,15,Low friction
APL-2026-003190,2026-07-31,2026-07-31,2026-08-03,2026-08-03,2026-08-21,2026-08-24,Clinical,Standard,PAY-06,TM-07,TM-07,Closed,Partially Overturned,14,No,No,No,0,9,RC-01,Yes,24.0,0,3,0,18.0,3.0,No,55,High friction
APL-2026-003012,2026-06-01,2026-06-02,2026-06-03,2026-06-03,2026-06-10,2026-06-12,Clinical,Low,PAY-02,TM-03,TM-08,Closed,Upheld,14,Yes,No,No,1,0,RC-08,Yes,11.0,1,1,0,7.0,2.0,Yes,10,Low friction
APL-2026-002301,2026-05-28,2026-05-28,2026-06-01,2026-06-03,2026-06-17,2026-06-17,Authorization,Standard,PAY-01,TM-04,TM-04,Closed,Overturned,7,Yes,No,No,0,0,RC-05,Yes,20.0,0,4,2,14.0,0.0,No,0,Low friction
APL-2026-002671,2026-05-04,2026-05-04,2026-05-08,2026-05-08,2026-05-27,2026-05-27,Clinical,Urgent,PAY-04,TM-02,TM-02,Closed,Upheld,7,Yes,No,Yes,0,0,RC-07,Yes,23.0,0,4,0,19.0,0.0,No,15,Low friction
APL-2026-001659,2026-05-07,2026-05-08,2026-05-12,2026-05-13,2026-05-25,2026-05-25,Pharmacy,Standard,PAY-04,TM-05,TM-05,Closed,Upheld,7,No,No,No,0,6,RC-08,Yes,18.0,1,4,1,12.0,0.0,No,45,High friction
APL-2026-000679,2026-07-19,2026-07-20,2026-07-20,2026-07-21,2026-07-23,2026-07-30,Clinical,Standard,PAY-04,TM-03,TM-03,Closed,Upheld,14,Yes,No,No,0,0,RC-14,Yes,11.0,1,0,1,2.0,7.0,Yes,10,Low friction
APL-2026-000075,2026-06-19,2026-06-19,2026-06-23,2026-06-26,2026-07-23,2026-07-30,Clinical,Standard,PAY-05,TM-03,TM-03,Closed,Upheld,14,No,Yes,No,0,11,RC-05,Yes,41.0,0,4,3,27.0,7.0,No,55,High friction
APL-2026-000599,2026-01-30,2026-01-30,2026-02-02,2026-02-03,2026-02-06,2026-02-06,Claims Payment,Low,PAY-03,TM-07,TM-07,Closed,Partially Overturned,30,No,No,No,0,0,RC-10,Yes,7.0,0,3,1,3.0,0.0,Yes,25,Moderate friction
APL-2026-001726,2026-03-07,2026-03-09,2026-03-11,2026-03-12,2026-03-13,2026-03-13,Authorization,Standard,PAY-02,TM-04,TM-04,Closed,Overturned,7,Yes,No,No,0,0,RC-01,Yes,6.0,2,2,1,1.0,0.0,Yes,0,Low friction
APL-2026-000317,2026-05-21,2026-05-21,2026-05-21,2026-05-25,2026-06-02,2026-06-09,Administrative,Urgent,PAY-04,TM-01,TM-01,Closed,Overturned,7,Yes,No,No,0,0,RC-03,Yes,19.0,0,0,4,8.0,7.0,No,10,Low friction
APL-2026-000938,2026-09-25,2026-09-25,2026-09-30,2026-10-02,,,Pharmacy,Standard,PAY-02,TM-05,TM-01,Escalated,,7,Yes,No,No,1,0,RC-04,No,,0,5,2,,,,30,Moderate friction
APL-2026-001469,2026-09-23,2026-09-25,2026-10-01,2026-10-05,,,Clinical,Low,PAY-02,TM-02,TM-04,Escalated,,14,No,No,No,1,13,RC-12,No,,2,6,4,,,,75,Critical friction
APL-2026-001455,2026-06-23,2026-06-23,2026-06-23,2026-06-23,2026-07-07,2026-07-08,Authorization,Low,PAY-05,TM-04,TM-04,Closed,Upheld,7,Yes,No,No,0,0,RC-02,Yes,15.0,0,0,0,14.0,1.0,No,0,Low friction
APL-2026-001148,2026-04-28,2026-04-28,2026-04-29,2026-04-29,2026-05-06,2026-05-07,Clinical,Standard,PAY-01,TM-02,TM-02,Closed,Overturned,14,Yes,No,No,0,0,RC-07,Yes,9.0,0,1,0,7.0,1.0,Yes,0,Low friction
APL-2026-001307,2026-08-21,2026-08-21,2026-08-21,2026-08-21,2026-09-08,2026-09-09,Authorization,Low,PAY-01,TM-04,TM-08,Closed,Partially Overturned,7,No,No,No,1,4,RC-12,Yes,19.0,0,0,0,18.0,1.0,No,35,Moderate friction
APL-2026-002874,2026-07-01,2026-07-01,2026-07-02,2026-07-07,2026-07-13,2026-07-13,Authorization,Standard,PAY-04,TM-04,TM-04,Closed,Upheld,7,Yes,No,No,0,0,RC-07,Yes,12.0,0,1,5,6.0,0.0,No,0,Low friction
APL-2026-002718,2026-06-05,2026-06-08,2026-06-09,2026-06-09,2026-06-12,2026-06-16,Authorization,Standard,PAY-01,TM-04,TM-04,Closed,Overturned,7,Yes,No,No,0,0,RC-09,Yes,11.0,3,1,0,3.0,4.0,No,10,Low friction
APL-2026-003368,2026-09-18,2026-09-21,2026-09-30,2026-10-05,,,Administrative,Standard,PAY-02,TM-01,TM-08,Pending Information,,30,No,Yes,Yes,3,0,RC-02,No,,3,9,5,,,,90,Critical friction
APL-2026-001846,2026-03-24,2026-03-24,2026-03-25,2026-03-27,2026-04-08,2026-04-08,Administrative,Standard,PAY-04,TM-01,TM-01,Closed,Overturned,30,No,No,No,0,6,RC-06,Yes,15.0,0,1,2,12.0,0.0,Yes,45,High friction
APL-2026-001268,2026-05-14,2026-05-18,2026-05-20,2026-05-20,2026-05-29,2026-05-29,Clinical,Standard,PAY-03,TM-07,TM-07,Closed,Partially Overturned,14,Yes,No,No,0,0,RC-09,Yes,15.0,4,2,0,9.0,0.0,No,0,Low friction
APL-2026-001286,2026-01-07,2026-01-09,2026-01-15,2026-01-19,2026-01-26,2026-01-26,Administrative,Standard,PAY-07,TM-01,TM-01,Closed,Upheld,30,Yes,No,No,0,0,RC-05,Yes,19.0,2,6,4,7.0,0.0,Yes,0,Low friction
APL-2026-001473,2026-09-25,2026-09-25,2026-09-28,2026-09-29,,,Administrative,Low,PAY-05,TM-01,TM-01,In Review,,30,Yes,No,No,0,0,RC-01,Yes,,0,3,1,,,,0,Low friction
APL-2026-003442,2026-02-19,2026-02-20,2026-02-23,2026-02-23,2026-03-10,2026-03-11,Clinical,Urgent,PAY-04,TM-03,TM-03,Closed,Overturned,7,No,Yes,No,0,5,RC-05,Yes,20.0,1,3,0,15.0,1.0,No,25,Moderate friction
APL-2026-003157,2026-05-03,2026-05-03,2026-05-04,2026-05-07,2026-05-20,2026-05-20,Clinical,Low,PAY-02,TM-02,TM-02,Closed,Overturned,14,No,No,No,0,5,RC-14,Yes,17.0,0,1,3,13.0,0.0,No,25,Moderate friction
APL-2026-000287,2026-02-03,2026-02-05,2026-02-05,2026-02-06,2026-02-12,2026-02-12,Claims Payment,Standard,PAY-03,TM-07,TM-07,Closed,Partially Overturned,30,Yes,No,No,0,0,RC-09,Yes,9.0,2,0,1,6.0,0.0,Yes,0,Low friction
APL-2026-000956,2026-04-04,2026-04-07,2026-04-08,2026-04-09,2026-04-17,2026-04-20,Clinical,Standard,PAY-02,TM-03,TM-03,Closed,Overturned,14,Yes,No,No,0,0,RC-12,Yes,16.0,3,1,1,8.0,3.0,No,10,Low friction
APL-2026-000153,2026-03-11,2026-03-11,2026-03-16,2026-03-19,2026-03-31,2026-04-02,Authorization,Standard,PAY-07,TM-04,TM-07,Closed,Partially Overturned,7,No,No,No,1,5,RC-08,No,22.0,0,5,3,12.0,2.0,No,55,High friction
APL-2026-002892,2026-04-14,2026-04-15,2026-04-16,2026-04-17,2026-04-29,2026-05-01,Claims Payment,Standard,PAY-02,TM-01,TM-01,Closed,Upheld,30,Yes,Yes,No,0,0,RC-01,Yes,17.0,1,1,1,12.0,2.0,Yes,0,Low friction
APL-2026-000762,2026-08-16,2026-08-16,2026-08-18,2026-08-18,2026-08-21,2026-08-25,Administrative,Standard,PAY-07,TM-01,TM-06,Closed,Upheld,30,Yes,No,No,1,0,RC-04,No,9.0,0,2,0,3.0,4.0,Yes,40,High friction
APL-2026-000478,2026-05-10,2026-05-11,2026-05-13,2026-05-15,2026-05-21,2026-05-25,Clinical,Standard,PAY-02,TM-02,TM-02,Closed,Partially Overturned,14,Yes,No,No,0,0,RC-03,Yes,15.0,1,2,2,6.0,4.0,No,10,Low friction
APL-2026-000985,2026-02-16,2026-02-16,2026-02-17,2026-02-17,2026-02-25,2026-02-26,Administrative,Standard,PAY-05,TM-01,TM-01,Closed,Overturned,30,Yes,No,No,0,0,RC-03,Yes,10.0,0,1,0,8.0,1.0,Yes,0,Low friction
APL-2026-000263,2026-05-15,2026-05-15,2026-05-21,2026-05-21,2026-05-28,2026-05-29,Clinical,Urgent,PAY-07,TM-03,TM-03,Closed,Upheld,7,Yes,No,No,0,0,RC-01,Yes,14.0,0,6,0,7.0,1.0,No,0,Low friction
APL-2026-000430,2026-07-14,2026-07-14,2026-07-14,2026-07-16,2026-07-20,2026-07-20,Authorization,Standard,PAY-04,TM-04,TM-04,Closed,Upheld,7,Yes,No,No,0,0,RC-07,Yes,6.0,0,0,2,4.0,0.0,Yes,0,Low friction
APL-2026-002015,2026-07-11,2026-07-11,2026-07-13,2026-07-16,2026-07-28,2026-07-29,Clinical,Low,PAY-01,TM-03,TM-03,Closed,Partially Overturned,14,Yes,No,No,0,0,RC-05,Yes,18.0,0,2,3,12.0,1.0,No,0,Low friction
APL-2026-002298,2026-05-02,2026-05-02,2026-05-02,2026-05-02,2026-05-13,2026-05-15,Clinical,Urgent,PAY-05,TM-03,TM-03,Closed,Overturned,7,Yes,No,No,0,0,RC-02,Yes,13.0,0,0,0,11.0,2.0,No,0,Low friction
APL-2026-003960,2026-06-05,2026-06-08,2026-06-08,2026-06-10,2026-06-23,2026-06-23,Administrative,Standard,PAY-02,TM-01,TM-01,Closed,Upheld,30,No,No,No,0,8,RC-01,Yes,18.0,3,0,2,13.0,0.0,Yes,45,High friction
APL-2026-003747,2026-09-06,2026-09-06,2026-09-07,2026-09-08,2026-09-18,2026-09-18,Authorization,Standard,PAY-03,TM-04,TM-04,Closed,Overturned,7,No,Yes,No,0,6,RC-01,Yes,12.0,0,1,1,10.0,0.0,No,45,High friction
APL-2026-000020,2026-08-28,2026-08-28,2026-08-28,2026-09-02,2026-09-14,2026-09-15,Administrative,Standard,PAY-06,TM-07,TM-07,Closed,Overturned,30,No,No,No,0,3,RC-07,Yes,18.0,0,0,5,12.0,1.0,Yes,25,Moderate friction
APL-2026-003818,2026-02-22,2026-02-22,2026-02-22,2026-02-23,2026-02-26,2026-02-26,Administrative,Standard,PAY-04,TM-01,TM-01,Closed,Overturned,30,Yes,No,No,0,0,RC-13,Yes,4.0,0,0,1,3.0,0.0,Yes,0,Low friction
APL-2026-003024,2026-05-01,2026-05-05,2026-05-05,2026-05-05,2026-05-08,2026-05-12,Administrative,Standard,PAY-07,TM-01,TM-01,Closed,Upheld,30,Yes,No,No,0,0,RC-06,Yes,11.0,4,0,0,3.0,4.0,Yes,10,Low friction
APL-2026-000807,2026-06-23,2026-06-23,2026-06-26,2026-06-30,2026-07-14,2026-07-14,Clinical,Low,PAY-01,TM-02,TM-03,Closed,Upheld,14,No,Yes,Yes,1,0,RC-12,No,21.0,0,3,4,14.0,0.0,No,70,Critical friction
APL-2026-001510,2026-01-21,2026-01-21,2026-01-22,2026-01-22,2026-01-27,2026-01-27,Clinical,Standard,PAY-01,TM-03,TM-03,Closed,Overturned,14,Yes,No,No,0,0,RC-01,Yes,6.0,0,1,0,5.0,0.0,Yes,0,Low friction
APL-2026-002036,2026-06-23,2026-06-24,2026-06-25,2026-06-30,2026-07-02,2026-07-03,Clinical,Low,PAY-05,TM-03,TM-03,Closed,Overturned,14,Yes,No,No,0,0,RC-05,Yes,10.0,1,1,5,2.0,1.0,Yes,0,Low friction
APL-2026-000343,2026-07-19,2026-07-19,2026-07-23,2026-07-24,2026-08-03,2026-08-10,Clinical,Urgent,PAY-01,TM-03,TM-02,Closed,Overturned,7,No,No,No,1,0,RC-04,Yes,22.0,0,4,1,10.0,7.0,No,45,High friction
APL-2026-000354,2026-01-13,2026-01-13,2026-01-13,2026-01-13,2026-01-14,2026-01-16,Administrative,Standard,PAY-01,TM-01,TM-01,Closed,Partially Overturned,30,Yes,No,No,0,0,RC-05,Yes,3.0,0,0,0,1.0,2.0,Yes,0,Low friction
APL-2026-003843,2026-06-30,2026-07-02,2026-07-03,2026-07-03,2026-07-14,2026-07-16,Clinical,Urgent,PAY-02,TM-02,TM-02,Closed,Upheld,7,Yes,No,Yes,0,0,RC-11,Yes,16.0,2,1,0,11.0,2.0,No,15,Low friction
APL-2026-000016,2026-07-06,2026-07-06,2026-07-10,2026-07-10,2026-08-06,2026-08-06,Clinical,Standard,PAY-01,TM-02,TM-08,Closed,Overturned,14,No,Yes,No,3,0,RC-12,No,31.0,0,4,0,27.0,0.0,No,75,Critical friction
APL-2026-003609,2026-08-11,2026-08-11,2026-08-11,2026-08-12,2026-08-21,2026-08-21,Clinical,Standard,PAY-02,TM-03,TM-03,Closed,Upheld,14,Yes,No,Yes,0,0,RC-02,Yes,10.0,0,0,1,9.0,0.0,Yes,15,Low friction
APL-2026-003178,2026-06-21,2026-06-21,2026-06-22,2026-06-23,2026-06-29,2026-06-29,Clinical,Standard,PAY-07,TM-02,TM-02,Closed,Overturned,14,Yes,Yes,No,0,0,RC-13,Yes,8.0,0,1,1,6.0,0.0,Yes,0,Low friction
APL-2026-002903,2026-03-28,2026-03-28,2026-03-31,2026-04-01,2026-04-02,2026-04-03,Administrative,Standard,PAY-04,TM-01,TM-01,Closed,Overturned,30,Yes,No,No,0,0,RC-08,Yes,6.0,0,3,1,1.0,1.0,Yes,0,Low friction
APL-2026-003992,2026-08-24,2026-08-25,2026-08-26,2026-08-27,2026-09-09,2026-09-10,Clinical,Urgent,PAY-03,TM-07,TM-03,Closed,Partially Overturned,7,Yes,No,Yes,1,0,RC-14,Yes,17.0,1,1,1,13.0,1.0,No,25,Moderate friction
APL-2026-000052,2026-09-18,2026-09-21,2026-09-23,2026-09-24,,,Clinical,Standard,PAY-02,TM-03,TM-03,Pending Information,,14,Yes,Yes,No,0,0,RC-03,Yes,,3,2,1,,,,0,Low friction
APL-2026-002849,2026-09-06,2026-09-06,2026-09-07,2026-09-08,2026-09-09,2026-09-09,Pharmacy,Low,PAY-03,TM-05,TM-05,Closed,Upheld,7,Yes,No,No,0,0,RC-13,Yes,3.0,0,1,1,1.0,0.0,Yes,0,Low friction
APL-2026-001498,2026-05-19,2026-05-19,2026-05-19,2026-05-20,2026-05-21,2026-05-22,Clinical,Standard,PAY-03,TM-07,TM-07,Closed,Upheld,14,Yes,No,No,0,0,RC-02,Yes,3.0,0,0,1,1.0,1.0,Yes,0,Low friction
APL-2026-003764,2026-03-13,2026-03-16,2026-03-18,2026-03-23,2026-04-06,2026-04-06,Clinical,Standard,PAY-02,TM-02,TM-02,Closed,Overturned,14,Yes,No,Yes,0,0,RC-06,Yes,24.0,3,2,5,14.0,0.0,No,15,Low friction
APL-2026-000832,2026-01-21,2026-01-22,2026-01-23,2026-01-28,2026-02-13,2026-02-17,Clinical,Standard,PAY-04,TM-02,TM-02,Closed,Partially Overturned,14,Yes,No,No,0,0,RC-11,Yes,27.0,1,1,5,16.0,4.0,No,10,Low friction
APL-2026-002496,2026-05-23,2026-05-25,2026-05-28,2026-05-29,2026-07-06,2026-07-06,Clinical,Standard,PAY-02,TM-02,TM-06,Closed,Upheld,14,No,Yes,Yes,1,15,RC-12,No,44.0,2,3,1,38.0,0.0,No,90,Critical friction
APL-2026-001324,2026-05-30,2026-05-30,2026-05-30,2026-05-30,2026-06-02,2026-06-02,Clinical,Urgent,PAY-01,TM-03,TM-03,Closed,Overturned,7,Yes,No,No,0,0,RC-14,Yes,3.0,0,0,0,3.0,0.0,Yes,0,Low friction
APL-2026-003705,2026-07-25,2026-07-25,2026-07-27,2026-07-28,2026-07-30,2026-07-30,Administrative,Standard,PAY-01,TM-01,TM-01,Closed,Upheld,30,Yes,No,No,0,0,RC-15,Yes,5.0,0,2,1,2.0,0.0,Yes,0,Low friction
APL-2026-002240,2026-08-08,2026-08-10,2026-08-10,2026-08-12,2026-08-27,2026-08-31,Clinical,Standard,PAY-02,TM-02,TM-02,Closed,Overturned,14,Yes,No,No,0,0,RC-05,Yes,23.0,2,0,2,15.0,4.0,No,10,Low friction
APL-2026-001856,2026-06-16,2026-06-16,2026-06-16,2026-06-16,2026-06-19,2026-06-19,Clinical,Urgent,PAY-06,TM-07,TM-07,Closed,Upheld,7,Yes,No,No,0,0,RC-12,Yes,3.0,0,0,0,3.0,0.0,Yes,0,Low friction
APL-2026-002091,2026-08-22,2026-08-24,2026-08-24,2026-08-26,2026-09-24,2026-09-24,Authorization,Standard,PAY-05,TM-04,TM-04,Closed,Upheld,7,No,Yes,No,0,11,RC-01,Yes,33.0,2,0,2,29.0,0.0,No,45,High friction
APL-2026-003718,2026-01-04,2026-01-04,2026-01-13,2026-01-16,2026-01-22,2026-01-23,Claims Payment,Urgent,PAY-03,TM-07,TM-08,Closed,Upheld,7,Yes,No,No,1,0,RC-12,No,19.0,0,9,3,6.0,1.0,No,30,Moderate friction
APL-2026-001906,2026-04-07,2026-04-08,2026-04-14,2026-04-17,2026-04-20,2026-04-21,Clinical,Low,PAY-02,TM-03,TM-03,Closed,Upheld,14,Yes,No,No,0,0,RC-11,Yes,14.0,1,6,3,3.0,1.0,Yes,0,Low friction
APL-2026-003667,2026-09-03,2026-09-07,2026-09-09,2026-09-09,2026-09-16,2026-09-16,Authorization,Low,PAY-04,TM-04,TM-04,Closed,Partially Overturned,7,Yes,Yes,No,0,0,RC-10,Yes,13.0,4,2,0,7.0,0.0,No,0,Low friction
APL-2026-001384,2026-05-28,2026-05-28,2026-05-28,2026-06-01,2026-06-09,2026-06-16,Clinical,Standard,PAY-04,TM-02,TM-02,Closed,Overturned,14,Yes,No,No,0,0,RC-15,Yes,19.0,0,0,4,8.0,7.0,No,10,Low friction
APL-2026-002032,2026-07-21,2026-07-22,2026-07-23,2026-07-23,2026-07-24,2026-07-24,Administrative,Standard,PAY-01,TM-01,TM-01,Closed,Overturned,30,Yes,No,No,0,0,RC-11,Yes,3.0,1,1,0,1.0,0.0,Yes,0,Low friction
APL-2026-003360,2026-05-10,2026-05-10,2026-05-14,2026-05-15,2026-05-25,2026-05-26,Administrative,Standard,PAY-02,TM-01,TM-01,Closed,Upheld,30,Yes,No,No,0,0,RC-04,Yes,16.0,0,4,1,10.0,1.0,Yes,0,Low friction
APL-2026-000431,2026-03-04,2026-03-04,2026-03-05,2026-03-06,2026-03-17,2026-03-18,Authorization,Standard,PAY-07,TM-04,TM-04,Closed,Upheld,7,Yes,No,No,0,0,RC-15,Yes,14.0,0,1,1,11.0,1.0,No,0,Low friction
APL-2026-000076,2026-06-17,2026-06-19,2026-06-19,2026-06-22,2026-06-26,2026-06-29,Authorization,Standard,PAY-01,TM-04,TM-04,Closed,Upheld,7,Yes,No,No,0,0,RC-04,Yes,12.0,2,0,3,4.0,3.0,No,10,Low friction
APL-2026-000639,2026-08-25,2026-08-26,2026-08-27,2026-08-28,2026-09-09,2026-09-11,Pharmacy,Standard,PAY-05,TM-05,TM-05,Closed,Overturned,7,No,No,No,0,4,RC-15,Yes,17.0,1,1,1,12.0,2.0,No,25,Moderate friction
APL-2026-002690,2026-08-18,2026-08-19,2026-08-20,2026-08-21,2026-08-26,2026-08-27,Administrative,Urgent,PAY-07,TM-01,TM-01,Closed,Overturned,7,Yes,No,No,0,0,RC-12,Yes,9.0,1,1,1,5.0,1.0,No,0,Low friction
APL-2026-002096,2026-01-10,2026-01-10,2026-01-12,2026-01-12,2026-01-14,2026-01-16,Administrative,Low,PAY-03,TM-07,TM-07,Closed,Upheld,30,Yes,No,No,0,0,RC-08,Yes,6.0,0,2,0,2.0,2.0,Yes,0,Low friction
APL-2026-000156,2026-01-15,2026-01-15,2026-01-19,2026-01-19,2026-01-21,2026-01-21,Administrative,Standard,PAY-06,TM-07,TM-07,Closed,Upheld,30,Yes,No,No,0,0,RC-05,Yes,6.0,0,4,0,2.0,0.0,Yes,0,Low friction
APL-2026-002401,2026-06-25,2026-06-25,2026-06-25,2026-06-29,2026-07-09,2026-07-10,Administrative,Standard,PAY-02,TM-01,TM-01,Closed,Partially Overturned,30,Yes,No,No,0,0,RC-14,Yes,15.0,0,0,4,10.0,1.0,Yes,0,Low friction
APL-2026-003799,2026-08-14,2026-08-18,2026-08-20,2026-08-25,2026-09-04,2026-09-04,Administrative,Urgent,PAY-06,TM-07,TM-07,Closed,Upheld,7,Yes,No,Yes,0,0,RC-03,Yes,21.0,4,2,5,10.0,0.0,No,15,Low friction
APL-2026-001868,2026-06-19,2026-06-22,2026-06-24,2026-06-29,2026-07-03,2026-07-10,Pharmacy,Standard,PAY-07,TM-05,TM-05,Closed,Upheld,7,Yes,No,No,0,0,RC-07,Yes,21.0,3,2,5,4.0,7.0,No,10,Low friction
APL-2026-002043,2026-04-01,2026-04-01,2026-04-02,2026-04-02,2026-04-06,2026-04-13,Administrative,Standard,PAY-02,TM-01,TM-01,Closed,Upheld,30,Yes,No,No,0,0,RC-02,Yes,12.0,0,1,0,4.0,7.0,Yes,10,Low friction
APL-2026-000695,2026-02-12,2026-02-13,2026-02-19,2026-02-20,2026-02-23,2026-02-25,Clinical,Low,PAY-07,TM-02,TM-02,Closed,Partially Overturned,14,Yes,No,No,0,0,RC-11,Yes,13.0,1,6,1,3.0,2.0,Yes,0,Low friction
APL-2026-002168,2026-05-15,2026-05-19,2026-05-20,2026-05-22,2026-06-01,2026-06-02,Clinical,Urgent,PAY-02,TM-03,TM-03,Closed,Upheld,7,Yes,No,No,0,0,RC-01,Yes,18.0,4,1,2,10.0,1.0,No,0,Low friction
APL-2026-003542,2026-05-12,2026-05-14,2026-05-15,2026-05-20,2026-06-01,2026-06-03,Authorization,Standard,PAY-07,TM-04,TM-04,Closed,Overturned,7,Yes,Yes,No,0,0,RC-13,Yes,22.0,2,1,5,12.0,2.0,No,0,Low friction
APL-2026-002652,2026-04-05,2026-04-05,2026-04-06,2026-04-07,2026-04-17,2026-04-21,Clinical,Standard,PAY-07,TM-02,TM-02,Closed,Upheld,14,No,No,No,0,3,RC-04,Yes,16.0,0,1,1,10.0,4.0,No,35,Moderate friction
APL-2026-000159,2026-01-13,2026-01-14,2026-01-16,2026-01-21,2026-02-02,2026-02-04,Administrative,Standard,PAY-01,TM-01,TM-01,Closed,Overturned,30,Yes,No,No,0,0,RC-01,Yes,22.0,1,2,5,12.0,2.0,Yes,0,Low friction
APL-2026-000747,2026-05-31,2026-05-31,2026-06-02,2026-06-05,2026-06-08,2026-06-08,Administrative,Standard,PAY-05,TM-01,TM-01,Closed,Upheld,30,Yes,No,No,0,0,RC-11,Yes,8.0,0,2,3,3.0,0.0,Yes,0,Low friction
APL-2026-000190,2026-07-10,2026-07-13,2026-07-13,2026-07-13,2026-07-24,2026-07-24,Authorization,Standard,PAY-01,TM-04,TM-04,Closed,Upheld,7,Yes,Yes,No,0,0,RC-13,Yes,14.0,3,0,0,11.0,0.0,No,0,Low friction
APL-2026-002915,2026-03-09,2026-03-10,2026-03-19,2026-03-20,2026-04-15,2026-04-16,Administrative,Standard,PAY-07,TM-01,TM-08,Closed,Upheld,30,No,No,No,1,13,RC-04,No,38.0,1,9,1,26.0,1.0,No,75,Critical friction
APL-2026-000957,2026-09-28,2026-09-28,2026-09-28,2026-10-01,,,Clinical,Urgent,PAY-04,TM-03,TM-03,Pending Information,,7,No,No,Yes,0,15,RC-09,Yes,,0,0,3,,,,60,Critical friction
APL-2026-002102,2026-09-20,2026-09-20,2026-09-22,2026-09-25,,,Pharmacy,Standard,PAY-01,TM-05,TM-05,In Review,,7,No,Yes,No,0,12,RC-06,Yes,,0,2,3,,,,45,High friction
APL-2026-003160,2026-09-01,2026-09-02,2026-09-03,2026-09-07,2026-09-08,2026-09-09,Administrative,Standard,PAY-07,TM-01,TM-01,Closed,Upheld,30,No,No,No,0,0,RC-09,Yes,8.0,1,1,4,1.0,1.0,Yes,25,Moderate friction
APL-2026-003195,2026-04-20,2026-04-21,2026-04-27,2026-04-27,2026-04-30,2026-04-30,Authorization,Standard,PAY-04,TM-04,TM-04,Closed,Upheld,7,Yes,No,No,0,0,RC-02,Yes,10.0,1,6,0,3.0,0.0,No,0,Low friction
APL-2026-003439,2026-06-17,2026-06-17,2026-06-17,2026-06-19,2026-06-24,2026-06-25,Administrative,Urgent,PAY-04,TM-01,TM-01,Closed,Upheld,7,No,No,No,0,1,RC-13,Yes,8.0,0,0,2,5.0,1.0,No,25,Moderate friction
APL-2026-001226,2026-04-21,2026-04-21,2026-04-21,2026-04-21,2026-05-06,2026-05-06,Authorization,Standard,PAY-05,TM-04,TM-04,Closed,Upheld,7,No,No,No,0,7,RC-05,Yes,15.0,0,0,0,15.0,0.0,No,45,High friction
APL-2026-003086,2026-08-09,2026-08-10,2026-08-10,2026-08-11,2026-08-18,2026-08-18,Administrative,Standard,PAY-02,TM-01,TM-01,Closed,Upheld,30,Yes,Yes,No,0,0,RC-09,Yes,9.0,1,0,1,7.0,0.0,Yes,0,Low friction
APL-2026-003202,2026-01-10,2026-01-13,2026-01-13,2026-01-14,2026-01-26,2026-01-28,Administrative,Standard,PAY-01,TM-01,TM-04,Closed,Upheld,30,Yes,No,Yes,1,0,RC-04,Yes,18.0,3,0,1,12.0,2.0,Yes,25,Moderate friction
APL-2026-002880,2026-06-04,2026-06-04,2026-06-04,2026-06-04,2026-06-10,2026-06-10,Administrative,Standard,PAY-02,TM-01,TM-07,Closed,Overturned,30,Yes,No,No,1,0,RC-03,Yes,6.0,0,0,0,6.0,0.0,Yes,10,Low friction
APL-2026-000065,2026-02-24,2026-02-24,2026-03-02,2026-03-03,2026-03-12,2026-03-12,Clinical,Standard,PAY-01,TM-02,TM-07,Closed,Overturned,14,No,No,No,3,0,RC-04,No,16.0,0,6,1,9.0,0.0,No,75,Critical friction
APL-2026-002643,2026-05-11,2026-05-12,2026-05-14,2026-05-19,2026-06-10,2026-06-17,Clinical,Standard,PAY-03,TM-07,TM-01,Closed,Upheld,14,Yes,Yes,Yes,2,0,RC-12,No,37.0,1,2,5,22.0,7.0,No,65,Critical friction
APL-2026-001802,2026-04-22,2026-04-22,2026-04-23,2026-04-24,2026-05-05,2026-05-05,Authorization,Standard,PAY-04,TM-04,TM-04,Closed,Partially Overturned,7,Yes,No,No,0,0,RC-03,Yes,13.0,0,1,1,11.0,0.0,No,0,Low friction
APL-2026-002945,2026-04-21,2026-04-22,2026-04-28,2026-04-28,2026-05-01,2026-05-05,Authorization,Standard,PAY-02,TM-04,TM-04,Closed,Upheld,7,Yes,No,No,0,0,RC-03,Yes,14.0,1,6,0,3.0,4.0,No,10,Low friction
APL-2026-000524,2026-04-08,2026-04-09,2026-04-15,2026-04-16,2026-04-20,2026-04-27,Clinical,Urgent,PAY-05,TM-02,TM-02,Closed,Overturned,7,Yes,No,No,0,0,RC-15,Yes,19.0,1,6,1,4.0,7.0,No,10,Low friction
APL-2026-000955,2026-05-31,2026-06-01,2026-06-02,2026-06-03,2026-06-29,2026-06-29,Clinical,Low,PAY-04,TM-03,TM-06,Closed,Upheld,14,No,No,No,2,11,RC-04,No,29.0,1,1,1,26.0,0.0,No,85,Critical friction
APL-2026-003156,2026-01-11,2026-01-11,2026-01-15,2026-01-19,2026-01-26,2026-01-26,Pharmacy,Standard,PAY-03,TM-05,TM-05,Closed,Partially Overturned,7,Yes,No,Yes,0,0,RC-03,Yes,15.0,0,4,4,7.0,0.0,No,15,Low friction
APL-2026-001215,2026-06-27,2026-06-27,2026-06-27,2026-06-29,2026-07-03,2026-07-07,Authorization,Urgent,PAY-03,TM-04,TM-04,Closed,Upheld,7,Yes,No,No,0,0,RC-03,Yes,10.0,0,0,2,4.0,4.0,No,10,Low friction
APL-2026-001419,2026-09-21,2026-09-21,2026-09-22,2026-09-22,,,Authorization,Standard,PAY-05,TM-04,TM-04,Escalated,,7,Yes,No,No,0,0,RC-04,Yes,,0,1,0,,,,0,Low friction
APL-2026-001385,2026-04-16,2026-04-16,2026-04-17,2026-04-20,2026-04-23,2026-04-23,Clinical,Urgent,PAY-02,TM-02,TM-02,Closed,Overturned,7,Yes,No,No,0,0,RC-08,Yes,7.0,0,1,3,3.0,0.0,Yes,0,Low friction
APL-2026-003011,2026-03-29,2026-03-29,2026-04-02,2026-04-02,2026-04-23,2026-04-27,Clinical,Standard,PAY-04,TM-03,TM-06,Closed,Upheld,14,No,No,No,1,8,RC-05,No,29.0,0,4,0,21.0,4.0,No,85,Critical friction
APL-2026-003730,2026-03-22,2026-03-22,2026-03-22,2026-03-25,2026-03-26,2026-03-26,Administrative,Standard,PAY-07,TM-01,TM-01,Closed,Partially Overturned,30,Yes,No,No,0,0,RC-04,Yes,4.0,0,0,3,1.0,0.0,Yes,0,Low friction
APL-2026-000887,2026-01-27,2026-01-27,2026-01-27,2026-01-27,2026-02-05,2026-02-05,Administrative,Standard,PAY-02,TM-01,TM-07,Closed,Upheld,30,Yes,Yes,No,1,0,RC-08,Yes,9.0,0,0,0,9.0,0.0,Yes,10,Low friction
APL-2026-000840,2026-09-08,2026-09-10,2026-09-10,2026-09-10,2026-09-24,2026-09-25,Authorization,Urgent,PAY-04,TM-04,TM-03,Closed,Upheld,7,No,Yes,No,1,0,RC-05,Yes,17.0,2,0,0,14.0,1.0,No,35,Moderate friction
APL-2026-001239,2026-04-14,2026-04-15,2026-04-15,2026-04-16,2026-04-27,2026-04-27,Administrative,Standard,PAY-04,TM-01,TM-01,Closed,Upheld,30,Yes,No,Yes,0,0,RC-01,Yes,13.0,1,0,1,11.0,0.0,Yes,15,Low friction
APL-2026-002846,2026-09-21,2026-09-21,2026-09-21,2026-09-21,,,Clinical,Standard,PAY-02,TM-03,TM-03,Escalated,,14,No,No,No,0,1,RC-01,Yes,,0,0,0,,,,25,Moderate friction
APL-2026-000588,2026-04-26,2026-04-26,2026-04-26,2026-04-26,2026-05-13,2026-05-13,Clinical,Standard,PAY-05,TM-02,TM-02,Closed,Overturned,14,Yes,No,No,0,0,RC-09,Yes,17.0,0,0,0,17.0,0.0,No,0,Low friction
APL-2026-000064,2026-06-23,2026-06-24,2026-06-26,2026-06-26,2026-07-07,2026-07-07,Authorization,Standard,PAY-02,TM-04,TM-04,Closed,Upheld,7,Yes,No,No,0,0,RC-15,Yes,14.0,1,2,0,11.0,0.0,No,0,Low friction
APL-2026-002779,2026-06-22,2026-06-24,2026-06-25,2026-06-29,2026-07-01,2026-07-01,Pharmacy,Standard,PAY-02,TM-05,TM-05,Closed,Upheld,7,No,Yes,No,0,0,RC-01,Yes,9.0,2,1,4,2.0,0.0,No,25,Moderate friction
APL-2026-002403,2026-09-26,2026-09-28,2026-10-02,2026-10-05,,,Claims Payment,Standard,PAY-03,TM-07,TM-04,Pending Information,,30,Yes,Yes,No,3,0,RC-02,No,,2,4,3,,,,50,High friction
APL-2026-001122,2026-07-20,2026-07-20,2026-07-21,2026-07-21,2026-07-27,2026-07-27,Administrative,Standard,PAY-06,TM-07,TM-07,Closed,Partially Overturned,30,Yes,No,No,0,0,RC-12,Yes,7.0,0,1,0,6.0,0.0,Yes,0,Low friction
APL-2026-001308,2026-04-28,2026-04-28,2026-04-30,2026-05-04,2026-05-28,2026-06-04,Clinical,Standard,PAY-01,TM-03,TM-06,Closed,Overturned,14,No,Yes,No,1,5,RC-05,No,37.0,0,2,4,24.0,7.0,No,65,Critical friction
APL-2026-000678,2026-05-10,2026-05-10,2026-05-10,2026-05-13,2026-05-25,2026-05-26,Clinical,Standard,PAY-01,TM-03,TM-03,Closed,Upheld,14,Yes,No,No,0,0,RC-05,Yes,16.0,0,0,3,12.0,1.0,No,0,Low friction
APL-2026-001022,2026-01-28,2026-01-28,2026-01-28,2026-02-02,2026-02-24,2026-02-24,Clinical,Standard,PAY-06,TM-07,TM-07,Closed,Overturned,14,No,No,Yes,0,12,RC-01,Yes,27.0,0,0,5,22.0,0.0,No,60,Critical friction
APL-2026-001321,2026-06-03,2026-06-04,2026-06-08,2026-06-08,2026-06-10,2026-06-17,Clinical,Standard,PAY-07,TM-02,TM-02,Closed,Upheld,14,Yes,No,No,0,0,RC-13,Yes,14.0,1,4,0,2.0,7.0,Yes,10,Low friction
APL-2026-003040,2026-07-22,2026-07-22,2026-07-23,2026-07-24,2026-07-31,2026-07-31,Administrative,Standard,PAY-06,TM-07,TM-07,Closed,Upheld,30,Yes,No,No,0,0,RC-02,Yes,9.0,0,1,1,7.0,0.0,Yes,0,Low friction
APL-2026-002543,2026-07-01,2026-07-02,2026-07-02,2026-07-03,2026-07-06,2026-07-07,Administrative,Low,PAY-05,TM-01,TM-01,Closed,Partially Overturned,30,Yes,No,No,0,0,RC-08,Yes,6.0,1,0,1,3.0,1.0,Yes,0,Low friction
APL-2026-002499,2026-04-12,2026-04-12,2026-04-12,2026-04-13,2026-04-24,2026-04-24,Claims Payment,Urgent,PAY-02,TM-01,TM-01,Closed,Upheld,7,No,Yes,No,0,0,RC-12,Yes,12.0,0,0,1,11.0,0.0,No,25,Moderate friction
APL-2026-002144,2026-02-23,2026-02-24,2026-02-25,2026-02-26,2026-03-06,2026-03-06,Administrative,Standard,PAY-02,TM-01,TM-01,Closed,Upheld,30,Yes,No,No,0,0,RC-12,Yes,11.0,1,1,1,8.0,0.0,Yes,0,Low friction
APL-2026-000443,2026-03-04,2026-03-04,2026-03-04,2026-03-04,2026-03-12,2026-03-12,Clinical,Urgent,PAY-02,TM-02,TM-02,Closed,Overturned,7,Yes,No,No,0,0,RC-10,Yes,8.0,0,0,0,8.0,0.0,No,0,Low friction
APL-2026-001555,2026-08-24,2026-08-25,2026-08-27,2026-08-28,2026-09-08,2026-09-10,Authorization,Low,PAY-04,TM-04,TM-05,Closed,Overturned,7,Yes,No,No,1,0,RC-03,Yes,17.0,1,2,1,11.0,2.0,No,10,Low friction
APL-2026-002021,2026-04-05,2026-04-05,2026-04-06,2026-04-06,2026-04-20,2026-04-27,Administrative,Urgent,PAY-01,TM-01,TM-01,Closed,Upheld,7,Yes,Yes,No,0,0,RC-13,Yes,22.0,0,1,0,14.0,7.0,No,10,Low friction
APL-2026-002212,2026-07-29,2026-07-29,2026-07-31,2026-08-04,2026-08-21,2026-08-25,Clinical,Standard,PAY-01,TM-03,TM-04,Closed,Upheld,14,No,No,Yes,1,5,RC-04,No,27.0,0,2,4,17.0,4.0,No,80,Critical friction
APL-2026-003077,2026-02-05,2026-02-06,2026-02-10,2026-02-11,2026-02-20,2026-02-20,Clinical,Standard,PAY-02,TM-03,TM-03,Closed,Overturned,14,Yes,No,No,0,0,RC-06,Yes,15.0,1,4,1,9.0,0.0,No,0,Low friction
APL-2026-001422,2026-09-29,2026-09-29,2026-09-29,2026-10-01,,,Clinical,Urgent,PAY-02,TM-02,TM-02,In Review,,7,Yes,No,No,0,0,RC-06,Yes,,0,0,2,,,,0,Low friction
APL-2026-001761,2026-03-23,2026-03-24,2026-03-24,2026-03-27,2026-03-30,2026-03-30,Clinical,Low,PAY-05,TM-03,TM-03,Closed,Upheld,14,Yes,No,No,0,0,RC-10,Yes,7.0,1,0,3,3.0,0.0,Yes,0,Low friction
APL-2026-001220,2026-06-09,2026-06-10,2026-06-12,2026-06-17,2026-06-24,2026-06-24,Administrative,Standard,PAY-01,TM-01,TM-01,Closed,Overturned,30,Yes,No,Yes,0,0,RC-04,Yes,15.0,1,2,5,7.0,0.0,Yes,15,Low friction
APL-2026-001072,2026-07-31,2026-08-03,2026-08-07,2026-08-10,2026-08-20,2026-08-27,Administrative,Standard,PAY-03,TM-07,TM-02,Closed,Upheld,30,Yes,No,No,1,0,RC-03,No,27.0,3,4,3,10.0,7.0,Yes,40,High friction
APL-2026-002950,2026-09-11,2026-09-11,2026-09-14,2026-09-14,2026-09-21,2026-09-23,Clinical,Low,PAY-01,TM-03,TM-07,Closed,Overturned,14,Yes,No,No,1,0,RC-01,Yes,12.0,0,3,0,7.0,2.0,Yes,10,Low friction
APL-2026-000133,2026-03-13,2026-03-16,2026-03-20,2026-03-20,2026-04-07,2026-04-07,Clinical,Standard,PAY-01,TM-03,TM-02,Closed,Upheld,14,No,Yes,No,2,6,RC-01,No,25.0,3,4,0,18.0,0.0,No,85,Critical friction
APL-2026-003811,2026-04-10,2026-04-13,2026-04-15,2026-04-15,2026-04-16,2026-04-16,Claims Payment,Standard,PAY-02,TM-01,TM-01,Closed,Partially Overturned,30,Yes,No,No,0,0,RC-05,Yes,6.0,3,2,0,1.0,0.0,Yes,0,Low friction
APL-2026-001609,2026-03-21,2026-03-21,2026-03-24,2026-03-25,2026-03-27,2026-03-27,Clinical,Low,PAY-02,TM-02,TM-02,Closed,Partially Overturned,14,Yes,No,No,0,0,RC-15,Yes,6.0,0,3,1,2.0,0.0,Yes,0,Low friction
APL-2026-003657,2026-07-23,2026-07-23,2026-07-24,2026-07-24,2026-07-27,2026-07-27,Pharmacy,Standard,PAY-02,TM-05,TM-05,Closed,Upheld,7,Yes,No,No,0,0,RC-02,Yes,4.0,0,1,0,3.0,0.0,Yes,0,Low friction
APL-2026-002081,2026-03-16,2026-03-18,2026-03-18,2026-03-19,2026-03-23,2026-03-23,Clinical,Standard,PAY-03,TM-07,TM-07,Closed,Partially Overturned,14,Yes,No,No,0,0,RC-12,Yes,7.0,2,0,1,4.0,0.0,Yes,0,Low friction
APL-2026-003632,2026-09-26,2026-09-26,2026-10-01,2026-10-02,,,Administrative,Standard,PAY-05,TM-01,TM-01,Pending Information,,30,Yes,No,No,0,0,RC-05,Yes,,0,5,1,,,,0,Low friction
APL-2026-003475,2026-06-28,2026-06-29,2026-06-30,2026-07-01,2026-07-03,2026-07-03,Clinical,Urgent,PAY-05,TM-02,TM-02,Closed,Upheld,7,Yes,No,No,0,0,RC-06,Yes,5.0,1,1,1,2.0,0.0,Yes,0,Low friction
APL-2026-003266,2026-03-18,2026-03-20,2026-03-24,2026-03-25,2026-04-01,2026-04-02,Clinical,Standard,PAY-03,TM-07,TM-07,Closed,Overturned,14,Yes,No,No,0,0,RC-03,Yes,15.0,2,4,1,7.0,1.0,No,0,Low friction
APL-2026-000381,2026-03-08,2026-03-09,2026-03-10,2026-03-10,2026-03-18,2026-03-19,Clinical,Standard,PAY-03,TM-07,TM-07,Closed,Overturned,14,Yes,No,No,0,0,RC-07,Yes,11.0,1,1,0,8.0,1.0,Yes,0,Low friction
APL-2026-000802,2026-06-10,2026-06-11,2026-06-17,2026-06-22,2026-06-23,2026-06-24,Claims Payment,Standard,PAY-01,TM-01,TM-01,Closed,Upheld,30,Yes,No,No,0,0,RC-13,Yes,14.0,1,6,5,1.0,1.0,Yes,0,Low friction
APL-2026-002363,2026-02-14,2026-02-14,2026-02-16,2026-02-19,2026-02-20,2026-02-23,Clinical,Standard,PAY-01,TM-02,TM-02,Closed,Upheld,14,Yes,No,No,0,0,RC-01,Yes,9.0,0,2,3,1.0,3.0,Yes,10,Low friction
APL-2026-003762,2026-06-09,2026-06-11,2026-06-12,2026-06-15,2026-06-16,2026-06-17,Administrative,Low,PAY-06,TM-07,TM-07,Closed,Upheld,30,Yes,No,No,0,0,RC-07,Yes,8.0,2,1,3,1.0,1.0,Yes,0,Low friction
APL-2026-002408,2026-02-15,2026-02-15,2026-02-19,2026-02-19,2026-02-24,2026-02-24,Clinical,Standard,PAY-01,TM-03,TM-03,Closed,Upheld,14,Yes,No,No,0,0,RC-02,Yes,9.0,0,4,0,5.0,0.0,Yes,0,Low friction
APL-2026-000255,2026-05-01,2026-05-04,2026-05-05,2026-05-05,2026-05-14,2026-05-15,Administrative,Standard,PAY-03,TM-07,TM-07,Closed,Overturned,30,Yes,No,No,0,0,RC-01,Yes,14.0,3,1,0,9.0,1.0,Yes,0,Low friction
APL-2026-000721,2026-05-29,2026-06-01,2026-06-02,2026-06-02,2026-06-05,2026-06-08,Authorization,Standard,PAY-07,TM-04,TM-04,Closed,Upheld,7,Yes,No,No,0,0,RC-05,Yes,10.0,3,1,0,3.0,3.0,No,10,Low friction
APL-2026-001279,2026-09-01,2026-09-02,2026-09-02,2026-09-03,2026-09-17,2026-09-18,Authorization,Standard,PAY-04,TM-04,TM-01,Closed,Upheld,7,No,No,No,1,0,RC-12,Yes,17.0,1,0,1,14.0,1.0,No,35,Moderate friction
APL-2026-000920,2026-04-26,2026-04-26,2026-04-28,2026-04-29,2026-05-06,2026-05-06,Authorization,Standard,PAY-03,TM-04,TM-04,Closed,Upheld,7,Yes,No,No,0,0,RC-03,Yes,10.0,0,2,1,7.0,0.0,No,0,Low friction
APL-2026-002661,2026-02-10,2026-02-10,2026-02-10,2026-02-11,2026-02-26,2026-02-26,Clinical,Standard,PAY-02,TM-02,TM-02,Closed,Upheld,14,Yes,No,No,0,0,RC-05,Yes,16.0,0,0,1,15.0,0.0,No,0,Low friction
APL-2026-001018,2026-09-08,2026-09-09,2026-09-09,2026-09-09,2026-09-14,2026-09-14,Authorization,Low,PAY-04,TM-04,TM-07,Closed,Overturned,7,Yes,No,No,1,0,RC-02,Yes,6.0,1,0,0,5.0,0.0,Yes,10,Low friction
APL-2026-002179,2026-02-23,2026-02-25,2026-02-25,2026-02-25,2026-03-11,2026-03-13,Authorization,Standard,PAY-03,TM-04,TM-04,Closed,Upheld,7,Yes,No,Yes,0,0,RC-04,Yes,18.0,2,0,0,14.0,2.0,No,15,Low friction
APL-2026-000008,2026-04-06,2026-04-07,2026-04-07,2026-04-08,2026-04-16,2026-04-17,Authorization,Standard,PAY-04,TM-04,TM-04,Closed,Upheld,7,Yes,No,No,0,0,RC-06,Yes,11.0,1,0,1,8.0,1.0,No,0,Low friction
APL-2026-002953,2026-05-20,2026-05-21,2026-05-25,2026-05-26,2026-05-27,2026-05-27,Authorization,Standard,PAY-04,TM-04,TM-04,Closed,Upheld,7,Yes,No,No,0,0,RC-05,Yes,7.0,1,4,1,1.0,0.0,Yes,0,Low friction
APL-2026-001878,2026-08-16,2026-08-16,2026-08-17,2026-08-17,2026-08-28,2026-09-01,Administrative,Standard,PAY-03,TM-07,TM-07,Closed,Upheld,30,No,No,No,0,8,RC-05,Yes,16.0,0,1,0,11.0,4.0,Yes,55,High friction
APL-2026-002165,2026-08-22,2026-08-22,2026-08-22,2026-08-24,2026-08-31,2026-09-02,Authorization,Standard,PAY-05,TM-04,TM-04,Closed,Overturned,7,Yes,No,No,0,0,RC-09,Yes,11.0,0,0,2,7.0,2.0,No,0,Low friction
APL-2026-003739,2026-06-12,2026-06-12,2026-06-16,2026-06-17,2026-06-26,2026-06-30,Administrative,Standard,PAY-02,TM-01,TM-05,Closed,Overturned,30,Yes,No,No,1,0,RC-01,Yes,18.0,0,4,1,9.0,4.0,Yes,20,Moderate friction
APL-2026-000979,2026-05-11,2026-05-12,2026-05-14,2026-05-19,2026-06-01,2026-06-02,Authorization,Low,PAY-02,TM-04,TM-04,Closed,Upheld,7,Yes,No,No,0,0,RC-04,Yes,22.0,1,2,5,13.0,1.0,No,0,Low friction
APL-2026-001571,2026-08-29,2026-08-29,2026-08-29,2026-09-01,2026-09-03,2026-09-07,Authorization,Standard,PAY-06,TM-04,TM-04,Closed,Upheld,7,Yes,No,No,0,0,RC-03,Yes,9.0,0,0,3,2.0,4.0,No,10,Low friction
APL-2026-001263,2026-03-18,2026-03-19,2026-03-25,2026-03-25,2026-03-31,2026-04-01,Clinical,Standard,PAY-07,TM-03,TM-03,Closed,Partially Overturned,14,No,No,No,0,0,RC-05,Yes,14.0,1,6,0,6.0,1.0,Yes,25,Moderate friction
APL-2026-002127,2026-07-04,2026-07-06,2026-07-06,2026-07-06,2026-07-14,2026-07-15,Claims Payment,Standard,PAY-06,TM-07,TM-07,Closed,Partially Overturned,30,Yes,No,No,0,0,RC-01,Yes,11.0,2,0,0,8.0,1.0,Yes,0,Low friction
APL-2026-001764,2026-03-04,2026-03-06,2026-03-11,2026-03-11,2026-03-17,2026-03-17,Claims Payment,Standard,PAY-02,TM-01,TM-06,Closed,Upheld,30,Yes,No,No,1,0,RC-05,No,13.0,2,5,0,6.0,0.0,Yes,30,Moderate friction
APL-2026-001389,2026-03-21,2026-03-24,2026-03-25,2026-03-26,2026-03-31,2026-04-01,Administrative,Low,PAY-03,TM-07,TM-07,Closed,Overturned,30,Yes,No,No,0,0,RC-07,Yes,11.0,3,1,1,5.0,1.0,Yes,0,Low friction
APL-2026-001141,2026-01-16,2026-01-19,2026-01-19,2026-01-22,2026-02-02,2026-02-09,Administrative,Urgent,PAY-02,TM-01,TM-01,Closed,Upheld,7,Yes,No,Yes,0,0,RC-05,Yes,24.0,3,0,3,11.0,7.0,No,25,Moderate friction
APL-2026-002372,2026-05-21,2026-05-22,2026-05-22,2026-05-26,2026-06-03,2026-06-04,Clinical,Standard,PAY-06,TM-07,TM-07,Closed,Partially Overturned,14,Yes,No,No,0,0,RC-15,Yes,14.0,1,0,4,8.0,1.0,Yes,0,Low friction
APL-2026-001683,2026-08-24,2026-08-24,2026-08-28,2026-08-31,2026-09-15,2026-09-15,Clinical,Standard,PAY-01,TM-02,TM-02,Closed,Upheld,14,No,No,No,0,10,RC-02,Yes,22.0,0,4,3,15.0,0.0,No,45,High friction
APL-2026-001464,2026-01-19,2026-01-19,2026-01-21,2026-01-26,2026-01-29,2026-01-29,Administrative,Standard,PAY-06,TM-07,TM-07,Closed,Upheld,30,Yes,No,No,0,0,RC-05,Yes,10.0,0,2,5,3.0,0.0,Yes,0,Low friction
APL-2026-000549,2026-06-30,2026-06-30,2026-06-30,2026-07-01,2026-07-08,2026-07-08,Administrative,Standard,PAY-05,TM-01,TM-01,Closed,Overturned,30,Yes,No,No,0,0,RC-06,Yes,8.0,0,0,1,7.0,0.0,Yes,0,Low friction
APL-2026-000925,2026-02-03,2026-02-04,2026-02-05,2026-02-06,2026-02-12,2026-02-16,Authorization,Low,PAY-05,TM-04,TM-04,Closed,Overturned,7,Yes,No,No,0,0,RC-03,Yes,13.0,1,1,1,6.0,4.0,No,10,Low friction
APL-2026-002222,2026-06-30,2026-07-01,2026-07-01,2026-07-01,2026-07-07,2026-07-07,Clinical,Low,PAY-01,TM-02,TM-02,Closed,Partially Overturned,14,No,No,No,0,2,RC-09,Yes,7.0,1,0,0,6.0,0.0,Yes,25,Moderate friction
APL-2026-000548,2026-02-17,2026-02-19,2026-02-20,2026-02-20,2026-04-02,2026-04-06,Clinical,Urgent,PAY-03,TM-07,TM-07,Closed,Upheld,7,No,No,Yes,0,14,RC-13,Yes,48.0,2,1,0,41.0,4.0,No,70,Critical friction
APL-2026-002116,2026-01-24,2026-01-26,2026-01-27,2026-01-27,2026-02-04,2026-02-04,Administrative,Standard,PAY-03,TM-07,TM-07,Closed,Overturned,30,Yes,No,Yes,0,0,RC-01,Yes,11.0,2,1,0,8.0,0.0,Yes,15,Low friction
APL-2026-003708,2026-08-18,2026-08-18,2026-08-21,2026-08-21,2026-09-03,2026-09-03,Clinical,Low,PAY-02,TM-02,TM-08,Closed,Upheld,14,Yes,No,No,2,0,RC-08,No,16.0,0,3,0,13.0,0.0,No,40,High friction
APL-2026-003707,2026-03-23,2026-03-23,2026-03-24,2026-03-25,2026-03-31,2026-04-01,Claims Payment,Low,PAY-03,TM-07,TM-07,Closed,Overturned,30,Yes,No,No,0,0,RC-15,Yes,9.0,0,1,1,6.0,1.0,Yes,0,Low friction
APL-2026-001690,2026-09-05,2026-09-08,2026-09-09,2026-09-10,2026-09-15,2026-09-15,Clinical,Standard,PAY-02,TM-02,TM-07,Closed,Upheld,14,Yes,No,No,1,0,RC-01,Yes,10.0,3,1,1,5.0,0.0,Yes,10,Low friction
APL-2026-003591,2026-03-14,2026-03-16,2026-03-16,2026-03-16,2026-03-24,2026-03-25,Administrative,Urgent,PAY-04,TM-01,TM-06,Closed,Partially Overturned,7,Yes,No,No,1,0,RC-07,Yes,11.0,2,0,0,8.0,1.0,No,10,Low friction
APL-2026-003866,2026-05-25,2026-05-25,2026-05-27,2026-05-29,2026-06-11,2026-06-12,Claims Payment,Standard,PAY-01,TM-01,TM-01,Closed,Overturned,30,Yes,Yes,No,0,0,RC-01,Yes,18.0,0,2,2,13.0,1.0,Yes,0,Low friction
APL-2026-001248,2026-01-10,2026-01-10,2026-01-15,2026-01-20,2026-02-20,2026-02-20,Claims Payment,Standard,PAY-03,TM-07,TM-07,Closed,Upheld,30,No,No,No,0,22,RC-09,Yes,41.0,0,5,5,31.0,0.0,No,45,High friction
APL-2026-002159,2026-03-01,2026-03-02,2026-03-02,2026-03-02,2026-03-12,2026-03-12,Authorization,Standard,PAY-05,TM-04,TM-04,Closed,Partially Overturned,7,Yes,No,Yes,0,0,RC-01,Yes,11.0,1,0,0,10.0,0.0,No,15,Low friction
APL-2026-000238,2026-09-23,2026-09-23,2026-09-24,2026-09-25,,,Authorization,Low,PAY-01,TM-04,TM-04,In Review,,7,Yes,No,No,0,0,RC-01,Yes,,0,1,1,,,,0,Low friction
APL-2026-002300,2026-08-08,2026-08-10,2026-08-11,2026-08-11,2026-08-18,2026-08-19,Claims Payment,Urgent,PAY-03,TM-07,TM-02,Closed,Upheld,7,Yes,Yes,No,1,0,RC-14,Yes,11.0,2,1,0,7.0,1.0,No,10,Low friction
APL-2026-003765,2026-08-06,2026-08-10,2026-08-10,2026-08-10,2026-08-18,2026-08-19,Clinical,Standard,PAY-01,TM-03,TM-03,Closed,Upheld,14,No,Yes,No,0,0,RC-05,Yes,13.0,4,0,0,8.0,1.0,Yes,25,Moderate friction
APL-2026-000748,2026-05-23,2026-05-23,2026-05-23,2026-05-25,2026-06-08,2026-06-08,Clinical,Standard,PAY-01,TM-02,TM-02,Closed,Overturned,14,Yes,No,No,0,0,RC-08,Yes,16.0,0,0,2,14.0,0.0,No,0,Low friction
APL-2026-000096,2026-04-30,2026-04-30,2026-04-30,2026-04-30,2026-05-15,2026-05-18,Pharmacy,Urgent,PAY-04,TM-05,TM-05,Closed,Upheld,7,Yes,No,No,0,0,RC-07,Yes,18.0,0,0,0,15.0,3.0,No,10,Low friction
APL-2026-003920,2026-06-21,2026-06-21,2026-06-22,2026-06-23,2026-06-25,2026-06-25,Authorization,Standard,PAY-05,TM-04,TM-04,Closed,Partially Overturned,7,Yes,No,No,0,0,RC-11,Yes,4.0,0,1,1,2.0,0.0,Yes,0,Low friction
APL-2026-000046,2026-01-30,2026-01-30,2026-01-30,2026-02-03,2026-02-13,2026-02-20,Authorization,Urgent,PAY-05,TM-04,TM-04,Closed,Upheld,7,Yes,No,No,0,0,RC-06,Yes,21.0,0,0,4,10.0,7.0,No,10,Low friction
APL-2026-000728,2026-09-27,2026-09-27,2026-09-29,2026-09-30,,,Administrative,Standard,PAY-05,TM-01,TM-03,Pending Information,,30,Yes,Yes,No,1,0,RC-09,No,,0,2,1,,,,30,Moderate friction
APL-2026-003648,2026-07-30,2026-08-03,2026-08-04,2026-08-05,2026-08-11,2026-08-11,Pharmacy,Standard,PAY-06,TM-05,TM-05,Closed,Partially Overturned,7,Yes,No,No,0,0,RC-09,Yes,12.0,4,1,1,6.0,0.0,No,0,Low friction
APL-2026-002007,2026-06-03,2026-06-03,2026-06-09,2026-06-10,2026-06-26,2026-06-26,Authorization,Standard,PAY-01,TM-04,TM-05,Closed,Partially Overturned,7,No,Yes,No,1,2,RC-12,No,23.0,0,6,1,16.0,0.0,No,55,High friction
APL-2026-003907,2026-05-16,2026-05-18,2026-05-22,2026-05-25,2026-06-01,2026-06-02,Clinical,Urgent,PAY-06,TM-07,TM-07,Closed,Overturned,7,Yes,No,Yes,0,0,RC-08,Yes,17.0,2,4,3,7.0,1.0,No,15,Low friction
APL-2026-000898,2026-04-03,2026-04-03,2026-04-06,2026-04-08,2026-04-15,2026-04-15,Authorization,Low,PAY-01,TM-04,TM-08,Closed,Upheld,7,Yes,No,No,1,0,RC-08,Yes,12.0,0,3,2,7.0,0.0,No,10,Low friction
APL-2026-000953,2026-04-10,2026-04-14,2026-04-15,2026-04-15,2026-04-22,2026-04-29,Authorization,Standard,PAY-04,TM-04,TM-04,Closed,Overturned,7,Yes,Yes,No,0,0,RC-08,Yes,19.0,4,1,0,7.0,7.0,No,10,Low friction
APL-2026-000818,2026-06-26,2026-06-29,2026-07-01,2026-07-01,2026-07-03,2026-07-07,Clinical,Standard,PAY-04,TM-02,TM-02,Closed,Upheld,14,Yes,No,No,0,0,RC-14,Yes,11.0,3,2,0,2.0,4.0,Yes,10,Low friction
APL-2026-000191,2026-07-27,2026-07-28,2026-07-28,2026-07-29,2026-08-06,2026-08-07,Administrative,Standard,PAY-01,TM-01,TM-01,Closed,Overturned,30,Yes,No,No,0,0,RC-03,Yes,11.0,1,0,1,8.0,1.0,Yes,0,Low friction
APL-2026-002532,2026-07-07,2026-07-08,2026-07-09,2026-07-09,2026-08-12,2026-08-13,Clinical,Low,PAY-01,TM-03,TM-02,Closed,Upheld,14,No,No,Yes,3,13,RC-12,No,37.0,1,1,0,34.0,1.0,No,110,Critical friction
APL-2026-001752,2026-08-10,2026-08-11,2026-08-17,2026-08-18,2026-09-03,2026-09-07,Claims Payment,Low,PAY-03,TM-07,TM-07,Closed,Overturned,30,No,Yes,No,0,5,RC-06,Yes,28.0,1,6,1,16.0,4.0,Yes,35,Moderate friction
APL-2026-001019,2026-03-02,2026-03-04,2026-03-05,2026-03-10,2026-03-16,2026-03-17,Administrative,Standard,PAY-01,TM-01,TM-01,Closed,Overturned,30,Yes,No,No,0,0,RC-03,Yes,15.0,2,1,5,6.0,1.0,Yes,0,Low friction
APL-2026-002263,2026-08-11,2026-08-12,2026-08-12,2026-08-14,2026-08-20,2026-08-20,Clinical,Low,PAY-02,TM-03,TM-03,Closed,Upheld,14,Yes,No,No,0,0,RC-10,Yes,9.0,1,0,2,6.0,0.0,Yes,0,Low friction
APL-2026-002255,2026-06-04,2026-06-05,2026-06-08,2026-06-10,2026-06-18,2026-06-18,Claims Payment,Urgent,PAY-02,TM-01,TM-01,Closed,Overturned,7,Yes,No,No,0,0,RC-07,Yes,14.0,1,3,2,8.0,0.0,No,0,Low friction
APL-2026-001705,2026-01-15,2026-01-15,2026-01-20,2026-01-23,2026-02-11,2026-02-11,Clinical,Urgent,PAY-02,TM-03,TM-04,Closed,Upheld,7,No,No,No,1,5,RC-06,No,27.0,0,5,3,19.0,0.0,No,55,High friction
APL-2026-002140,2026-09-09,2026-09-10,2026-09-11,2026-09-14,2026-09-22,2026-09-23,Clinical,Standard,PAY-01,TM-02,TM-02,Closed,Overturned,14,No,Yes,No,0,3,RC-06,Yes,14.0,1,1,3,8.0,1.0,Yes,25,Moderate friction
APL-2026-002746,2026-01-10,2026-01-10,2026-01-10,2026-01-10,2026-01-14,2026-01-15,Authorization,Standard,PAY-01,TM-04,TM-01,Closed,Overturned,7,Yes,No,No,1,0,RC-08,Yes,5.0,0,0,0,4.0,1.0,Yes,10,Low friction
APL-2026-002587,2026-02-21,2026-02-23,2026-03-02,2026-03-04,2026-03-19,2026-03-23,Clinical,Urgent,PAY-03,TM-07,TM-04,Closed,Overturned,7,Yes,No,No,2,0,RC-03,No,30.0,2,7,2,15.0,4.0,No,50,High friction
APL-2026-001940,2026-05-30,2026-06-01,2026-06-02,2026-06-02,2026-06-11,2026-06-12,Pharmacy,Standard,PAY-05,TM-05,TM-05,Closed,Upheld,7,Yes,No,No,0,0,RC-01,Yes,13.0,2,1,0,9.0,1.0,No,0,Low friction
APL-2026-003037,2026-08-08,2026-08-10,2026-08-11,2026-08-11,2026-08-12,2026-08-13,Authorization,Urgent,PAY-01,TM-04,TM-04,Closed,Overturned,7,Yes,No,No,0,0,RC-08,Yes,5.0,2,1,0,1.0,1.0,Yes,0,Low friction
APL-2026-001437,2026-06-27,2026-06-27,2026-06-30,2026-07-01,2026-07-08,2026-07-09,Authorization,Standard,PAY-07,TM-04,TM-04,Closed,Partially Overturned,7,Yes,No,No,0,0,RC-09,Yes,12.0,0,3,1,7.0,1.0,No,0,Low friction
APL-2026-000763,2026-07-25,2026-07-27,2026-07-28,2026-07-29,2026-08-05,2026-08-05,Administrative,Standard,PAY-04,TM-01,TM-01,Closed,Upheld,30,Yes,No,No,0,0,RC-12,Yes,11.0,2,1,1,7.0,0.0,Yes,0,Low friction
APL-2026-000503,2026-01-29,2026-01-29,2026-02-02,2026-02-02,2026-02-17,2026-02-18,Authorization,Low,PAY-04,TM-04,TM-04,Closed,Upheld,7,Yes,No,No,0,0,RC-13,Yes,20.0,0,4,0,15.0,1.0,No,0,Low friction
APL-2026-002417,2026-01-07,2026-01-08,2026-01-08,2026-01-09,2026-01-12,2026-01-12,Pharmacy,Urgent,PAY-07,TM-05,TM-05,Closed,Partially Overturned,7,Yes,No,No,0,0,RC-05,Yes,5.0,1,0,1,3.0,0.0,Yes,0,Low friction
APL-2026-003279,2026-06-25,2026-06-29,2026-06-30,2026-07-01,2026-07-10,2026-07-17,Administrative,Standard,PAY-04,TM-01,TM-03,Closed,Upheld,30,Yes,No,No,2,0,RC-10,No,22.0,4,1,1,9.0,7.0,Yes,50,High friction
APL-2026-000586,2026-09-10,2026-09-10,2026-09-11,2026-09-15,2026-09-21,2026-09-22,Clinical,Standard,PAY-04,TM-02,TM-02,Closed,Upheld,14,No,Yes,No,0,0,RC-12,Yes,12.0,0,1,4,6.0,1.0,Yes,25,Moderate friction
APL-2026-003696,2026-08-10,2026-08-10,2026-08-19,2026-08-20,2026-09-16,2026-09-16,Clinical,Low,PAY-01,TM-03,TM-02,Closed,Overturned,14,No,Yes,No,1,11,RC-07,No,37.0,0,9,1,27.0,0.0,No,75,Critical friction
APL-2026-002932,2026-02-23,2026-02-23,2026-02-24,2026-02-25,2026-03-05,2026-03-12,Authorization,Standard,PAY-05,TM-04,TM-04,Closed,Overturned,7,Yes,No,No,0,0,RC-02,Yes,17.0,0,1,1,8.0,7.0,No,10,Low friction
APL-2026-002845,2026-01-10,2026-01-10,2026-01-12,2026-01-12,2026-01-19,2026-01-20,Pharmacy,Urgent,PAY-04,TM-05,TM-05,Closed,Partially Overturned,7,Yes,No,No,0,0,RC-06,Yes,10.0,0,2,0,7.0,1.0,No,0,Low friction
APL-2026-000424,2026-01-10,2026-01-10,2026-01-12,2026-01-15,2026-01-29,2026-01-29,Clinical,Standard,PAY-01,TM-02,TM-02,Closed,Overturned,14,Yes,No,No,0,0,RC-09,Yes,19.0,0,2,3,14.0,0.0,No,0,Low friction
APL-2026-002058,2026-03-02,2026-03-02,2026-03-02,2026-03-02,2026-03-24,2026-03-25,Administrative,Standard,PAY-02,TM-01,TM-01,Closed,Upheld,30,Yes,No,No,0,0,RC-12,Yes,23.0,0,0,0,22.0,1.0,Yes,0,Low friction
APL-2026-003924,2026-01-24,2026-01-26,2026-01-28,2026-01-28,2026-02-09,2026-02-09,Authorization,Standard,PAY-01,TM-04,TM-04,Closed,Overturned,7,Yes,Yes,No,0,0,RC-04,Yes,16.0,2,2,0,12.0,0.0,No,0,Low friction
APL-2026-002570,2026-03-07,2026-03-10,2026-03-12,2026-03-16,2026-03-20,2026-03-23,Pharmacy,Urgent,PAY-01,TM-05,TM-05,Closed,Upheld,7,Yes,No,No,0,0,RC-02,Yes,16.0,3,2,4,4.0,3.0,No,10,Low friction
APL-2026-002897,2026-03-04,2026-03-06,2026-03-06,2026-03-06,2026-03-13,2026-03-16,Clinical,Standard,PAY-04,TM-03,TM-02,Closed,Upheld,14,Yes,No,No,1,0,RC-04,Yes,12.0,2,0,0,7.0,3.0,Yes,20,Moderate friction
APL-2026-003467,2026-04-20,2026-04-22,2026-04-23,2026-04-24,2026-05-04,2026-05-05,Administrative,Standard,PAY-03,TM-07,TM-07,Closed,Upheld,30,Yes,Yes,No,0,0,RC-05,Yes,15.0,2,1,1,10.0,1.0,Yes,0,Low friction
APL-2026-003540,2026-07-18,2026-07-18,2026-07-18,2026-07-20,2026-07-28,2026-07-30,Claims Payment,Urgent,PAY-04,TM-01,TM-01,Closed,Upheld,7,Yes,No,No,0,0,RC-09,Yes,12.0,0,0,2,8.0,2.0,No,0,Low friction
APL-2026-003283,2026-02-06,2026-02-06,2026-02-12,2026-02-17,2026-03-06,2026-03-09,Claims Payment,Low,PAY-06,TM-07,TM-07,Closed,Upheld,30,No,No,Yes,0,6,RC-04,Yes,31.0,0,6,5,17.0,3.0,No,70,Critical friction
APL-2026-001267,2026-01-09,2026-01-09,2026-01-09,2026-01-12,2026-01-29,2026-01-30,Clinical,Standard,PAY-01,TM-02,TM-07,Closed,Partially Overturned,14,Yes,No,Yes,1,0,RC-06,Yes,21.0,0,0,3,17.0,1.0,No,25,Moderate friction
APL-2026-003893,2026-04-23,2026-04-27,2026-04-29,2026-04-29,2026-04-30,2026-05-01,Administrative,Standard,PAY-04,TM-01,TM-01,Closed,Overturned,30,Yes,No,No,0,0,RC-03,Yes,8.0,4,2,0,1.0,1.0,Yes,0,Low friction
APL-2026-002345,2026-06-29,2026-06-29,2026-07-03,2026-07-06,2026-07-08,2026-07-08,Clinical,Urgent,PAY-03,TM-07,TM-07,Closed,Upheld,7,Yes,No,No,0,0,RC-09,Yes,9.0,0,4,3,2.0,0.0,No,0,Low friction
APL-2026-003836,2026-03-23,2026-03-23,2026-03-25,2026-03-30,2026-04-02,2026-04-02,Authorization,Standard,PAY-02,TM-04,TM-04,Closed,Upheld,7,Yes,No,No,0,0,RC-01,Yes,10.0,0,2,5,3.0,0.0,No,0,Low friction
APL-2026-002006,2026-02-25,2026-02-25,2026-02-26,2026-02-27,2026-03-12,2026-03-16,Clinical,Standard,PAY-04,TM-03,TM-07,Closed,Upheld,14,Yes,No,No,1,0,RC-05,Yes,19.0,0,1,1,13.0,4.0,No,20,Moderate friction
APL-2026-003951,2026-03-01,2026-03-03,2026-03-05,2026-03-05,2026-03-27,2026-04-03,Administrative,Standard,PAY-01,TM-01,TM-01,Closed,Upheld,30,Yes,Yes,No,0,0,RC-08,Yes,33.0,2,2,0,22.0,7.0,No,10,Low friction
APL-2026-003709,2026-03-07,2026-03-09,2026-03-13,2026-03-13,2026-03-23,2026-03-23,Authorization,Standard,PAY-01,TM-04,TM-03,Closed,Upheld,7,Yes,No,No,1,0,RC-04,No,16.0,2,4,0,10.0,0.0,No,30,Moderate friction
APL-2026-002517,2026-01-26,2026-01-26,2026-01-28,2026-01-28,2026-01-29,2026-02-02,Clinical,Standard,PAY-04,TM-02,TM-02,Closed,Overturned,14,Yes,No,No,0,0,RC-01,Yes,7.0,0,2,0,1.0,4.0,Yes,10,Low friction
APL-2026-002737,2026-01-13,2026-01-13,2026-01-13,2026-01-15,2026-01-16,2026-01-16,Administrative,Standard,PAY-06,TM-07,TM-07,Closed,Upheld,30,Yes,No,No,0,0,RC-15,Yes,3.0,0,0,2,1.0,0.0,Yes,0,Low friction
APL-2026-002328,2026-02-19,2026-02-23,2026-02-24,2026-02-24,2026-03-06,2026-03-06,Clinical,Standard,PAY-01,TM-03,TM-03,Closed,Upheld,14,No,No,No,0,5,RC-05,Yes,15.0,4,1,0,10.0,0.0,No,25,Moderate friction
APL-2026-001475,2026-08-11,2026-08-11,2026-08-12,2026-08-12,2026-08-13,2026-08-13,Administrative,Low,PAY-04,TM-01,TM-01,Closed,Partially Overturned,30,Yes,No,No,0,0,RC-02,Yes,2.0,0,1,0,1.0,0.0,Yes,0,Low friction
APL-2026-001871,2026-06-11,2026-06-12,2026-06-15,2026-06-16,2026-06-25,2026-06-25,Administrative,Standard,PAY-02,TM-01,TM-01,Closed,Overturned,30,Yes,No,No,0,0,RC-04,Yes,14.0,1,3,1,9.0,0.0,Yes,0,Low friction
APL-2026-000540,2026-05-31,2026-05-31,2026-06-05,2026-06-09,2026-07-02,2026-07-09,Pharmacy,Low,PAY-03,TM-05,TM-02,Closed,Overturned,7,No,Yes,No,2,3,RC-10,No,39.0,0,5,4,23.0,7.0,No,75,Critical friction
APL-2026-001285,2026-08-18,2026-08-19,2026-08-25,2026-08-26,2026-08-31,2026-08-31,Claims Payment,Standard,PAY-07,TM-01,TM-01,Closed,Upheld,30,Yes,No,No,0,0,RC-04,Yes,13.0,1,6,1,5.0,0.0,Yes,0,Low friction
APL-2026-003890,2026-02-09,2026-02-11,2026-02-12,2026-02-13,2026-02-17,2026-02-17,Clinical,Standard,PAY-06,TM-07,TM-07,Closed,Upheld,14,Yes,No,No,0,0,RC-02,Yes,8.0,2,1,1,4.0,0.0,Yes,0,Low friction
APL-2026-002223,2026-03-20,2026-03-20,2026-03-20,2026-03-25,2026-04-06,2026-04-06,Administrative,Standard,PAY-02,TM-01,TM-01,Closed,Partially Overturned,30,Yes,No,No,0,0,RC-10,Yes,17.0,0,0,5,12.0,0.0,Yes,0,Low friction
APL-2026-000946,2026-08-09,2026-08-10,2026-08-10,2026-08-11,2026-08-19,2026-08-19,Clinical,Low,PAY-05,TM-02,TM-02,Closed,Upheld,14,Yes,No,No,0,0,RC-03,Yes,10.0,1,0,1,8.0,0.0,Yes,0,Low friction
APL-2026-000119,2026-08-31,2026-09-02,2026-09-08,2026-09-08,2026-09-14,2026-09-16,Authorization,Low,PAY-04,TM-04,TM-04,Closed,Upheld,7,Yes,No,No,0,0,RC-12,Yes,16.0,2,6,0,6.0,2.0,No,0,Low friction
APL-2026-000787,2026-07-01,2026-07-01,2026-07-02,2026-07-06,2026-07-08,2026-07-08,Clinical,Low,PAY-05,TM-02,TM-02,Closed,Upheld,14,Yes,No,No,0,0,RC-04,Yes,7.0,0,1,4,2.0,0.0,Yes,0,Low friction
APL-2026-001227,2026-05-18,2026-05-20,2026-05-26,2026-05-27,2026-06-02,2026-06-09,Authorization,Low,PAY-01,TM-04,TM-04,Closed,Overturned,7,Yes,No,No,0,0,RC-08,Yes,22.0,2,6,1,6.0,7.0,No,10,Low friction
APL-2026-003732,2026-08-03,2026-08-04,2026-08-05,2026-08-06,2026-08-07,2026-08-10,Pharmacy,Standard,PAY-02,TM-05,TM-05,Closed,Overturned,7,Yes,No,No,0,0,RC-11,Yes,7.0,1,1,1,1.0,3.0,Yes,10,Low friction
APL-2026-002577,2026-04-24,2026-04-27,2026-04-28,2026-04-29,2026-05-18,2026-05-18,Claims Payment,Standard,PAY-02,TM-01,TM-01,Closed,Upheld,30,Yes,No,No,0,0,RC-01,Yes,24.0,3,1,1,19.0,0.0,Yes,0,Low friction
APL-2026-002139,2026-03-20,2026-03-20,2026-03-24,2026-03-24,2026-04-03,2026-04-06,Authorization,Low,PAY-02,TM-04,TM-04,Closed,Upheld,7,No,No,No,0,6,RC-12,Yes,17.0,0,4,0,10.0,3.0,No,55,High friction
APL-2026-000110,2026-09-09,2026-09-11,2026-09-14,2026-09-16,2026-09-21,2026-09-21,Authorization,Standard,PAY-04,TM-04,TM-04,Closed,Upheld,7,Yes,No,No,0,0,RC-11,Yes,12.0,2,3,2,5.0,0.0,No,0,Low friction
APL-2026-003305,2026-03-15,2026-03-15,2026-03-16,2026-03-19,2026-04-03,2026-04-03,Authorization,Standard,PAY-01,TM-04,TM-04,Closed,Upheld,7,No,Yes,No,0,3,RC-12,Yes,19.0,0,1,3,15.0,0.0,No,25,Moderate friction
APL-2026-000784,2026-05-10,2026-05-10,2026-05-11,2026-05-13,2026-05-21,2026-05-28,Administrative,Standard,PAY-02,TM-01,TM-01,Closed,Upheld,30,Yes,No,No,0,0,RC-01,Yes,18.0,0,1,2,8.0,7.0,Yes,10,Low friction
APL-2026-001952,2026-04-30,2026-05-01,2026-05-05,2026-05-06,2026-05-08,2026-05-08,Clinical,Urgent,PAY-03,TM-07,TM-07,Closed,Overturned,7,No,Yes,No,0,0,RC-07,Yes,8.0,1,4,1,2.0,0.0,No,25,Moderate friction
APL-2026-002900,2026-01-17,2026-01-19,2026-01-19,2026-01-20,2026-01-23,2026-01-26,Administrative,Low,PAY-01,TM-01,TM-01,Closed,Upheld,30,Yes,No,No,0,0,RC-12,Yes,9.0,2,0,1,3.0,3.0,Yes,10,Low friction
APL-2026-002450,2026-07-10,2026-07-14,2026-07-15,2026-07-16,2026-07-22,2026-07-22,Authorization,Low,PAY-03,TM-04,TM-04,Closed,Upheld,7,Yes,No,No,0,0,RC-01,Yes,12.0,4,1,1,6.0,0.0,No,0,Low friction
APL-2026-002207,2026-09-23,2026-09-23,2026-09-25,2026-09-25,,,Administrative,Standard,PAY-04,TM-01,TM-05,In Review,,30,Yes,No,No,1,0,RC-02,No,,0,2,0,,,,30,Moderate friction
APL-2026-002494,2026-05-17,2026-05-18,2026-05-20,2026-05-20,2026-05-25,2026-05-26,Clinical,Urgent,PAY-02,TM-02,TM-02,Closed,Overturned,7,Yes,No,No,0,0,RC-02,Yes,9.0,1,2,0,5.0,1.0,No,0,Low friction
APL-2026-003449,2026-01-07,2026-01-08,2026-01-09,2026-01-09,2026-01-16,2026-01-23,Clinical,Low,PAY-01,TM-03,TM-03,Closed,Upheld,14,Yes,No,No,0,0,RC-09,Yes,16.0,1,1,0,7.0,7.0,No,10,Low friction
APL-2026-002620,2026-08-20,2026-08-24,2026-08-25,2026-08-25,2026-09-14,2026-09-15,Administrative,Standard,PAY-01,TM-01,TM-01,Closed,Upheld,30,No,No,No,0,10,RC-12,Yes,26.0,4,1,0,20.0,1.0,Yes,45,High friction
APL-2026-003637,2026-02-27,2026-02-27,2026-03-03,2026-03-04,2026-04-01,2026-04-01,Pharmacy,Standard,PAY-06,TM-05,TM-05,Closed,Upheld,7,No,Yes,Yes,0,10,RC-01,Yes,33.0,0,4,1,28.0,0.0,No,60,Critical friction
APL-2026-001119,2026-08-01,2026-08-01,2026-08-04,2026-08-06,2026-08-12,2026-08-13,Authorization,Standard,PAY-04,TM-04,TM-06,Closed,Partially Overturned,7,Yes,No,No,1,0,RC-14,Yes,12.0,0,3,2,6.0,1.0,No,10,Low friction
APL-2026-003744,2026-02-10,2026-02-12,2026-02-18,2026-02-20,2026-03-17,2026-03-17,Authorization,Standard,PAY-02,TM-04,TM-08,Closed,Upheld,7,No,Yes,No,2,4,RC-05,No,35.0,2,6,2,25.0,0.0,No,65,Critical friction
APL-2026-000215,2026-09-05,2026-09-05,2026-09-07,2026-09-08,2026-09-14,2026-09-14,Clinical,Standard,PAY-01,TM-03,TM-03,Closed,Upheld,14,Yes,No,No,0,0,RC-08,Yes,9.0,0,2,1,6.0,0.0,Yes,0,Low friction
APL-2026-000779,2026-05-26,2026-05-26,2026-05-27,2026-05-27,2026-05-28,2026-05-28,Claims Payment,Standard,PAY-02,TM-01,TM-01,Closed,Upheld,30,Yes,No,No,0,0,RC-10,Yes,2.0,0,1,0,1.0,0.0,Yes,0,Low friction
APL-2026-001551,2026-08-29,2026-08-31,2026-09-01,2026-09-02,2026-09-04,2026-09-07,Authorization,Standard,PAY-05,TM-04,TM-04,Closed,Upheld,7,Yes,No,No,0,0,RC-05,Yes,9.0,2,1,1,2.0,3.0,No,10,Low friction
APL-2026-003060,2026-01-06,2026-01-06,2026-01-12,2026-01-14,2026-01-21,2026-01-21,Clinical,Standard,PAY-03,TM-07,TM-07,Closed,Upheld,14,Yes,No,No,0,0,RC-01,Yes,15.0,0,6,2,7.0,0.0,No,0,Low friction
APL-2026-000310,2026-03-14,2026-03-14,2026-03-16,2026-03-19,2026-03-23,2026-03-30,Authorization,Urgent,PAY-03,TM-04,TM-04,Closed,Partially Overturned,7,Yes,No,No,0,0,RC-03,Yes,16.0,0,2,3,4.0,7.0,No,10,Low friction
APL-2026-001161,2026-06-03,2026-06-04,2026-06-05,2026-06-09,2026-06-10,2026-06-11,Clinical,Standard,PAY-03,TM-07,TM-07,Closed,Upheld,14,Yes,No,No,0,0,RC-07,Yes,8.0,1,1,4,1.0,1.0,Yes,0,Low friction
APL-2026-003387,2026-01-22,2026-01-22,2026-01-28,2026-01-30,2026-02-17,2026-02-17,Pharmacy,Standard,PAY-04,TM-05,TM-05,Closed,Partially Overturned,7,No,Yes,No,0,6,RC-01,Yes,26.0,0,6,2,18.0,0.0,No,45,High friction
APL-2026-000219,2026-04-05,2026-04-07,2026-04-07,2026-04-07,2026-04-22,2026-04-22,Administrative,Standard,PAY-03,TM-07,TM-07,Closed,Overturned,30,Yes,No,No,0,0,RC-06,Yes,17.0,2,0,0,15.0,0.0,Yes,0,Low friction
APL-2026-000429,2026-04-08,2026-04-08,2026-04-09,2026-04-14,2026-04-27,2026-04-28,Pharmacy,Low,PAY-03,TM-05,TM-05,Closed,Upheld,7,No,Yes,No,0,4,RC-02,Yes,20.0,0,1,5,13.0,1.0,No,25,Moderate friction
APL-2026-003500,2026-08-18,2026-08-18,2026-08-24,2026-08-25,2026-08-26,2026-09-02,Pharmacy,Standard,PAY-05,TM-05,TM-05,Closed,Upheld,7,Yes,No,No,0,0,RC-10,Yes,15.0,0,6,1,1.0,7.0,No,10,Low friction
APL-2026-000713,2026-07-16,2026-07-17,2026-07-20,2026-07-22,2026-07-31,2026-07-31,Authorization,Standard,PAY-02,TM-04,TM-04,Closed,Overturned,7,Yes,No,No,0,0,RC-06,Yes,15.0,1,3,2,9.0,0.0,No,0,Low friction
APL-2026-002855,2026-01-24,2026-01-24,2026-01-26,2026-01-28,2026-01-29,2026-01-30,Clinical,Low,PAY-07,TM-02,TM-02,Closed,Overturned,14,Yes,No,No,0,0,RC-11,Yes,6.0,0,2,2,1.0,1.0,Yes,0,Low friction
APL-2026-003049,2026-01-21,2026-01-22,2026-01-23,2026-01-27,2026-02-03,2026-02-04,Administrative,Standard,PAY-01,TM-01,TM-01,Closed,Upheld,30,Yes,No,No,0,0,RC-03,Yes,14.0,1,1,4,7.0,1.0,Yes,0,Low friction
APL-2026-000009,2026-02-02,2026-02-02,2026-02-05,2026-02-09,2026-03-09,2026-03-10,Authorization,Standard,PAY-01,TM-04,TM-06,Closed,Upheld,7,No,Yes,No,1,13,RC-04,No,36.0,0,3,4,28.0,1.0,No,75,Critical friction
APL-2026-003411,2026-05-23,2026-05-23,2026-05-26,2026-05-26,2026-06-01,2026-06-01,Clinical,Standard,PAY-04,TM-02,TM-02,Closed,Partially Overturned,14,No,No,No,0,0,RC-01,Yes,9.0,0,3,0,6.0,0.0,Yes,25,Moderate friction
APL-2026-001662,2026-02-26,2026-02-26,2026-02-27,2026-03-03,2026-03-04,2026-03-06,Clinical,Standard,PAY-06,TM-07,TM-07,Closed,Overturned,14,Yes,No,No,0,0,RC-03,Yes,8.0,0,1,4,1.0,2.0,Yes,0,Low friction
APL-2026-001221,2026-03-15,2026-03-16,2026-03-18,2026-03-20,2026-03-25,2026-03-27,Administrative,Standard,PAY-01,TM-01,TM-01,Closed,Overturned,30,Yes,No,No,0,0,RC-06,Yes,12.0,1,2,2,5.0,2.0,Yes,0,Low friction
APL-2026-002908,2026-07-23,2026-07-23,2026-07-24,2026-07-24,2026-08-05,2026-08-12,Administrative,Standard,PAY-04,TM-01,TM-08,Closed,Upheld,30,Yes,No,No,1,0,RC-04,Yes,20.0,0,1,0,12.0,7.0,Yes,20,Moderate friction
APL-2026-000596,2026-06-30,2026-07-02,2026-07-02,2026-07-03,2026-07-09,2026-07-10,Authorization,Urgent,PAY-02,TM-04,TM-04,Closed,Overturned,7,Yes,No,No,0,0,RC-01,Yes,10.0,2,0,1,6.0,1.0,No,0,Low friction
APL-2026-003758,2026-03-13,2026-03-13,2026-03-16,2026-03-16,2026-03-17,2026-03-17,Administrative,Low,PAY-01,TM-01,TM-01,Closed,Overturned,30,Yes,No,No,0,0,RC-02,Yes,4.0,0,3,0,1.0,0.0,Yes,0,Low friction
APL-2026-001472,2026-08-27,2026-08-27,2026-08-28,2026-08-28,2026-09-08,2026-09-10,Administrative,Standard,PAY-04,TM-01,TM-06,Closed,Partially Overturned,30,No,No,No,1,0,RC-12,Yes,14.0,0,1,0,11.0,2.0,Yes,35,Moderate friction
APL-2026-003062,2026-06-06,2026-06-08,2026-06-11,2026-06-12,2026-06-24,2026-06-25,Administrative,Urgent,PAY-04,TM-01,TM-03,Closed,Upheld,7,Yes,No,No,3,0,RC-04,No,19.0,2,3,1,12.0,1.0,No,50,High friction
APL-2026-003004,2026-05-19,2026-05-20,2026-05-21,2026-05-26,2026-05-27,2026-05-27,Administrative,Standard,PAY-04,TM-01,TM-01,Closed,Upheld,30,Yes,No,No,0,0,RC-12,Yes,8.0,1,1,5,1.0,0.0,Yes,0,Low friction
APL-2026-000517,2026-02-28,2026-03-03,2026-03-06,2026-03-10,2026-03-24,2026-03-24,Administrative,Standard,PAY-03,TM-07,TM-06,Closed,Upheld,30,Yes,Yes,No,1,0,RC-14,No,24.0,3,3,4,14.0,0.0,Yes,30,Moderate friction
APL-2026-001588,2026-08-31,2026-08-31,2026-09-02,2026-09-04,2026-09-07,2026-09-08,Pharmacy,Standard,PAY-02,TM-05,TM-05,Closed,Overturned,7,Yes,No,No,0,0,RC-02,Yes,8.0,0,2,2,3.0,1.0,No,0,Low friction
APL-2026-003111,2026-07-04,2026-07-04,2026-07-07,2026-07-08,2026-07-20,2026-07-27,Administrative,Urgent,PAY-06,TM-07,TM-07,Closed,Overturned,7,Yes,No,No,0,0,RC-14,Yes,23.0,0,3,1,12.0,7.0,No,10,Low friction
APL-2026-002016,2026-08-02,2026-08-03,2026-08-03,2026-08-04,2026-08-06,2026-08-07,Administrative,Urgent,PAY-01,TM-01,TM-01,Closed,Upheld,7,Yes,No,No,0,0,RC-05,Yes,5.0,1,0,1,2.0,1.0,Yes,0,Low friction
APL-2026-002807,2026-04-04,2026-04-04,2026-04-07,2026-04-07,2026-04-15,2026-04-16,Clinical,Low,PAY-07,TM-03,TM-03,Closed,Overturned,14,Yes,No,No,0,0,RC-01,Yes,12.0,0,3,0,8.0,1.0,Yes,0,Low friction
APL-2026-002321,2026-07-17,2026-07-17,2026-07-23,2026-07-28,2026-08-12,2026-08-12,Clinical,Urgent,PAY-03,TM-07,TM-03,Closed,Upheld,7,Yes,No,Yes,1,0,RC-02,Yes,26.0,0,6,5,15.0,0.0,No,25,Moderate friction
APL-2026-003272,2026-01-29,2026-01-30,2026-02-03,2026-02-03,2026-02-06,2026-02-06,Administrative,Standard,PAY-02,TM-01,TM-01,Closed,Upheld,30,Yes,No,No,0,0,RC-08,Yes,8.0,1,4,0,3.0,0.0,Yes,0,Low friction
APL-2026-001663,2026-04-05,2026-04-07,2026-04-13,2026-04-16,2026-04-17,2026-04-21,Authorization,Low,PAY-02,TM-04,TM-04,Closed,Overturned,7,Yes,No,No,0,0,RC-14,Yes,16.0,2,6,3,1.0,4.0,No,10,Low friction
APL-2026-002188,2026-04-03,2026-04-07,2026-04-08,2026-04-08,2026-04-15,2026-04-15,Authorization,Standard,PAY-01,TM-04,TM-04,Closed,Partially Overturned,7,Yes,No,No,0,0,RC-04,Yes,12.0,4,1,0,7.0,0.0,No,0,Low friction
APL-2026-003151,2026-02-06,2026-02-06,2026-02-06,2026-02-11,2026-02-23,2026-02-24,Clinical,Standard,PAY-05,TM-02,TM-02,Closed,Upheld,14,Yes,No,No,0,0,RC-01,Yes,18.0,0,0,5,12.0,1.0,No,0,Low friction
APL-2026-001874,2026-07-14,2026-07-14,2026-07-14,2026-07-14,2026-08-03,2026-08-03,Clinical,Standard,PAY-04,TM-02,TM-02,Closed,Upheld,14,No,No,No,0,10,RC-03,Yes,20.0,0,0,0,20.0,0.0,No,45,High friction
APL-2026-001217,2026-09-12,2026-09-15,2026-09-16,2026-09-16,,,Pharmacy,Standard,PAY-05,TM-05,TM-05,Escalated,,7,Yes,No,Yes,0,0,RC-03,Yes,,3,1,0,,,,15,Low friction
APL-2026-003520,2026-02-04,2026-02-04,2026-02-10,2026-02-12,2026-03-02,2026-03-02,Claims Payment,Urgent,PAY-01,TM-01,TM-03,Closed,Partially Overturned,7,Yes,No,Yes,1,0,RC-04,Yes,26.0,0,6,2,18.0,0.0,No,25,Moderate friction
APL-2026-001806,2026-07-16,2026-07-16,2026-07-17,2026-07-21,2026-07-29,2026-07-30,Clinical,Standard,PAY-04,TM-03,TM-03,Closed,Upheld,14,Yes,No,No,0,0,RC-14,Yes,14.0,0,1,4,8.0,1.0,Yes,0,Low friction
APL-2026-001333,2026-02-20,2026-02-20,2026-02-24,2026-02-26,2026-02-27,2026-03-03,Clinical,Urgent,PAY-05,TM-02,TM-02,Closed,Overturned,7,Yes,No,No,0,0,RC-04,Yes,11.0,0,4,2,1.0,4.0,No,10,Low friction
APL-2026-003240,2026-03-31,2026-03-31,2026-04-01,2026-04-01,2026-04-10,2026-04-10,Authorization,Standard,PAY-07,TM-04,TM-04,Closed,Upheld,7,Yes,No,No,0,0,RC-09,Yes,10.0,0,1,0,9.0,0.0,No,0,Low friction
APL-2026-000675,2026-03-31,2026-03-31,2026-04-02,2026-04-02,2026-04-07,2026-04-09,Clinical,Standard,PAY-04,TM-02,TM-01,Closed,Upheld,14,Yes,No,No,1,0,RC-04,No,9.0,0,2,0,5.0,2.0,Yes,30,Moderate friction
APL-2026-000820,2026-05-29,2026-06-01,2026-06-01,2026-06-03,2026-06-16,2026-06-16,Claims Payment,Standard,PAY-02,TM-01,TM-08,Closed,Upheld,30,Yes,No,No,1,0,RC-12,Yes,18.0,3,0,2,13.0,0.0,Yes,10,Low friction
APL-2026-000432,2026-01-31,2026-02-02,2026-02-05,2026-02-06,2026-02-20,2026-02-27,Clinical,Standard,PAY-01,TM-03,TM-07,Closed,Partially Overturned,14,No,No,No,2,5,RC-01,No,27.0,2,3,1,14.0,7.0,No,75,Critical friction
APL-2026-003680,2026-01-10,2026-01-12,2026-01-13,2026-01-15,2026-01-20,2026-01-20,Pharmacy,Standard,PAY-01,TM-05,TM-05,Closed,Upheld,7,Yes,No,No,0,0,RC-08,Yes,10.0,2,1,2,5.0,0.0,No,0,Low friction
APL-2026-002730,2026-05-04,2026-05-05,2026-05-06,2026-05-07,2026-05-12,2026-05-12,Administrative,Low,PAY-01,TM-01,TM-03,Closed,Overturned,30,Yes,No,No,1,0,RC-04,No,8.0,1,1,1,5.0,0.0,Yes,30,Moderate friction
APL-2026-001069,2026-02-17,2026-02-17,2026-02-19,2026-02-24,2026-03-09,2026-03-16,Clinical,Standard,PAY-06,TM-07,TM-07,Closed,Upheld,14,No,No,No,0,5,RC-01,Yes,27.0,0,2,5,13.0,7.0,No,35,Moderate friction
APL-2026-001774,2026-05-10,2026-05-10,2026-05-12,2026-05-14,2026-05-22,2026-05-22,Authorization,Standard,PAY-01,TM-04,TM-04,Closed,Upheld,7,Yes,No,No,0,0,RC-03,Yes,12.0,0,2,2,8.0,0.0,No,0,Low friction
APL-2026-002960,2026-04-10,2026-04-13,2026-04-15,2026-04-16,2026-04-22,2026-04-22,Authorization,Low,PAY-06,TM-04,TM-04,Closed,Upheld,7,Yes,Yes,No,0,0,RC-08,Yes,12.0,3,2,1,6.0,0.0,No,0,Low friction
APL-2026-000314,2026-08-20,2026-08-21,2026-08-27,2026-08-31,2026-09-21,2026-09-22,Pharmacy,Standard,PAY-02,TM-05,TM-05,Closed,Upheld,7,No,No,No,0,14,RC-12,Yes,33.0,1,6,4,21.0,1.0,No,45,High friction
APL-2026-003071,2026-05-31,2026-06-01,2026-06-01,2026-06-03,2026-06-10,2026-06-11,Authorization,Standard,PAY-02,TM-04,TM-04,Closed,Overturned,7,Yes,No,No,0,0,RC-01,Yes,11.0,1,0,2,7.0,1.0,No,0,Low friction
APL-2026-002515,2026-01-01,2026-01-05,2026-01-07,2026-01-09,2026-01-16,2026-01-19,Clinical,Low,PAY-04,TM-02,TM-01,Closed,Upheld,14,Yes,No,No,1,0,RC-04,No,18.0,4,2,2,7.0,3.0,No,40,High friction
APL-2026-003668,2026-03-09,2026-03-10,2026-03-16,2026-03-16,2026-03-23,2026-03-25,Administrative,Standard,PAY-02,TM-01,TM-05,Closed,Upheld,30,Yes,No,No,2,0,RC-13,No,16.0,1,6,0,7.0,2.0,Yes,40,High friction
APL-2026-000061,2026-04-08,2026-04-09,2026-04-13,2026-04-15,2026-04-27,2026-04-28,Administrative,Standard,PAY-03,TM-07,TM-07,Closed,Upheld,30,No,No,No,0,0,RC-05,Yes,20.0,1,4,2,12.0,1.0,Yes,25,Moderate friction
APL-2026-002998,2026-07-04,2026-07-06,2026-07-08,2026-07-13,2026-07-16,2026-07-16,Administrative,Standard,PAY-05,TM-01,TM-04,Closed,Upheld,30,Yes,No,No,1,0,RC-12,No,12.0,2,2,5,3.0,0.0,Yes,30,Moderate friction
APL-2026-001963,2026-06-02,2026-06-02,2026-06-04,2026-06-05,2026-06-15,2026-06-15,Administrative,Standard,PAY-03,TM-07,TM-07,Closed,Overturned,30,Yes,No,No,0,0,RC-04,Yes,13.0,0,2,1,10.0,0.0,Yes,0,Low friction
APL-2026-000683,2026-08-06,2026-08-06,2026-08-12,2026-08-12,2026-08-17,2026-08-18,Claims Payment,Standard,PAY-02,TM-01,TM-01,Closed,Overturned,30,Yes,No,No,0,0,RC-02,Yes,12.0,0,6,0,5.0,1.0,Yes,0,Low friction
APL-2026-002782,2026-09-15,2026-09-17,2026-09-17,2026-09-18,,,Authorization,Urgent,PAY-01,TM-04,TM-04,Escalated,,7,Yes,No,No,0,0,RC-11,Yes,,2,0,1,,,,0,Low friction
APL-2026-002325,2026-03-24,2026-03-24,2026-03-25,2026-03-26,2026-03-27,2026-03-31,Clinical,Standard,PAY-07,TM-03,TM-03,Closed,Overturned,14,Yes,No,No,0,0,RC-02,Yes,7.0,0,1,1,1.0,4.0,Yes,10,Low friction
APL-2026-001908,2026-05-28,2026-05-28,2026-05-28,2026-05-28,2026-06-02,2026-06-02,Clinical,Low,PAY-07,TM-03,TM-03,Closed,Overturned,14,Yes,No,No,0,0,RC-01,Yes,5.0,0,0,0,5.0,0.0,Yes,0,Low friction
APL-2026-003706,2026-08-27,2026-08-31,2026-08-31,2026-09-01,2026-09-02,2026-09-03,Clinical,Standard,PAY-01,TM-03,TM-03,Closed,Overturned,14,Yes,No,No,0,0,RC-06,Yes,7.0,4,0,1,1.0,1.0,Yes,0,Low friction
APL-2026-002291,2026-07-06,2026-07-06,2026-07-06,2026-07-07,2026-07-14,2026-07-15,Administrative,Standard,PAY-03,TM-07,TM-01,Closed,Partially Overturned,30,Yes,No,No,1,0,RC-04,Yes,9.0,0,0,1,7.0,1.0,Yes,10,Low friction
APL-2026-002769,2026-09-18,2026-09-18,2026-09-18,2026-09-23,2026-09-24,2026-09-24,Clinical,Standard,PAY-02,TM-03,TM-03,Closed,Upheld,14,Yes,No,No,0,0,RC-08,Yes,6.0,0,0,5,1.0,0.0,Yes,0,Low friction
APL-2026-001153,2026-04-08,2026-04-09,2026-04-10,2026-04-15,2026-04-23,2026-04-23,Authorization,Standard,PAY-03,TM-04,TM-04,Closed,Overturned,7,Yes,No,No,0,0,RC-04,Yes,15.0,1,1,5,8.0,0.0,No,0,Low friction
APL-2026-000890,2026-05-20,2026-05-20,2026-05-20,2026-05-21,2026-05-27,2026-05-28,Authorization,Standard,PAY-01,TM-04,TM-04,Closed,Upheld,7,Yes,No,No,0,0,RC-12,Yes,8.0,0,0,1,6.0,1.0,No,0,Low friction
APL-2026-000945,2026-09-07,2026-09-08,2026-09-08,2026-09-09,2026-09-15,2026-09-15,Clinical,Standard,PAY-04,TM-02,TM-02,Closed,Overturned,14,Yes,Yes,No,0,0,RC-06,Yes,8.0,1,0,1,6.0,0.0,Yes,0,Low friction
APL-2026-002057,2026-09-16,2026-09-16,2026-09-18,2026-09-21,,,Administrative,Urgent,PAY-05,TM-01,TM-01,In Review,,7,Yes,Yes,No,0,0,RC-02,Yes,,0,2,3,,,,0,Low friction
APL-2026-001336,2026-03-13,2026-03-16,2026-03-17,2026-03-17,2026-04-03,2026-04-06,Authorization,Low,PAY-04,TM-04,TM-04,Closed,Upheld,7,No,Yes,No,0,9,RC-01,Yes,24.0,3,1,0,17.0,3.0,No,55,High friction
APL-2026-001862,2026-01-08,2026-01-09,2026-01-12,2026-01-12,2026-01-27,2026-01-27,Clinical,Urgent,PAY-06,TM-07,TM-07,Closed,Upheld,7,No,No,No,0,7,RC-01,Yes,19.0,1,3,0,15.0,0.0,No,45,High friction
APL-2026-000645,2026-04-10,2026-04-10,2026-04-13,2026-04-14,2026-04-17,2026-04-17,Claims Payment,Urgent,PAY-03,TM-07,TM-02,Closed,Overturned,7,Yes,No,No,1,0,RC-09,Yes,7.0,0,3,1,3.0,0.0,Yes,10,Low friction
APL-2026-003610,2026-07-05,2026-07-05,2026-07-05,2026-07-07,2026-07-08,2026-07-10,Administrative,Urgent,PAY-06,TM-07,TM-07,Closed,Upheld,7,Yes,No,No,0,0,RC-06,Yes,5.0,0,0,2,1.0,2.0,Yes,0,Low friction
APL-2026-001887,2026-04-05,2026-04-06,2026-04-08,2026-04-09,2026-04-17,2026-04-17,Administrative,Urgent,PAY-06,TM-07,TM-07,Closed,Partially Overturned,7,Yes,No,No,0,0,RC-12,Yes,12.0,1,2,1,8.0,0.0,No,0,Low friction
APL-2026-000527,2026-02-04,2026-02-05,2026-02-05,2026-02-06,2026-02-23,2026-02-23,Clinical,Urgent,PAY-06,TM-07,TM-07,Closed,Upheld,7,No,No,No,0,6,RC-01,Yes,19.0,1,0,1,17.0,0.0,No,45,High friction
APL-2026-000507,2026-01-10,2026-01-10,2026-01-12,2026-01-15,2026-01-28,2026-01-29,Clinical,Standard,PAY-06,TM-07,TM-07,Closed,Overturned,14,Yes,No,No,0,0,RC-09,Yes,19.0,0,2,3,13.0,1.0,No,0,Low friction
APL-2026-001231,2026-02-28,2026-03-03,2026-03-04,2026-03-09,2026-03-13,2026-03-16,Clinical,Standard,PAY-06,TM-07,TM-07,Closed,Partially Overturned,14,Yes,No,No,0,0,RC-05,Yes,16.0,3,1,5,4.0,3.0,No,10,Low friction
APL-2026-003915,2026-07-15,2026-07-15,2026-07-15,2026-07-16,2026-07-24,2026-07-31,Clinical,Standard,PAY-02,TM-02,TM-02,Closed,Upheld,14,No,No,No,0,4,RC-13,Yes,16.0,0,0,1,8.0,7.0,No,35,Moderate friction
APL-2026-000717,2026-07-14,2026-07-14,2026-07-15,2026-07-16,2026-08-11,2026-08-18,Clinical,Standard,PAY-01,TM-02,TM-04,Closed,Partially Overturned,14,No,No,No,1,14,RC-12,Yes,35.0,0,1,1,26.0,7.0,No,65,Critical friction
APL-2026-002024,2026-06-12,2026-06-15,2026-06-17,2026-06-22,2026-06-30,2026-07-01,Clinical,Urgent,PAY-04,TM-02,TM-02,Closed,Partially Overturned,7,Yes,No,No,0,0,RC-06,Yes,19.0,3,2,5,8.0,1.0,No,0,Low friction
APL-2026-001842,2026-09-15,2026-09-15,2026-09-15,2026-09-15,2026-09-23,2026-09-30,Administrative,Urgent,PAY-03,TM-07,TM-07,Closed,Upheld,7,No,Yes,No,0,0,RC-12,Yes,15.0,0,0,0,8.0,7.0,No,35,Moderate friction
APL-2026-002319,2026-09-23,2026-09-24,2026-09-25,2026-09-25,,,Pharmacy,Low,PAY-02,TM-05,TM-05,Escalated,,7,No,No,No,0,8,RC-05,Yes,,1,1,0,,,,45,High friction
APL-2026-001017,2026-03-13,2026-03-13,2026-03-16,2026-03-17,2026-03-26,2026-03-27,Authorization,Standard,PAY-04,TM-04,TM-04,Closed,Overturned,7,Yes,Yes,No,0,0,RC-02,Yes,14.0,0,3,1,9.0,1.0,No,0,Low friction
APL-2026-001969,2026-07-13,2026-07-14,2026-07-20,2026-07-22,2026-08-06,2026-08-06,Clinical,Standard,PAY-04,TM-03,TM-03,Closed,Upheld,14,No,Yes,No,0,4,RC-04,Yes,24.0,1,6,2,15.0,0.0,No,25,Moderate friction
APL-2026-002733,2026-03-30,2026-04-01,2026-04-03,2026-04-03,2026-04-08,2026-04-09,Clinical,Standard,PAY-04,TM-03,TM-03,Closed,Upheld,14,Yes,No,No,0,0,RC-13,Yes,10.0,2,2,0,5.0,1.0,Yes,0,Low friction
APL-2026-000055,2026-04-14,2026-04-15,2026-04-15,2026-04-15,2026-04-17,2026-04-17,Administrative,Standard,PAY-05,TM-01,TM-01,Closed,Upheld,30,No,No,No,0,0,RC-03,Yes,3.0,1,0,0,2.0,0.0,Yes,25,Moderate friction
APL-2026-002589,2026-02-10,2026-02-11,2026-02-13,2026-02-17,2026-02-18,2026-02-19,Administrative,Standard,PAY-03,TM-07,TM-07,Closed,Overturned,30,Yes,No,No,0,0,RC-11,Yes,9.0,1,2,4,1.0,1.0,Yes,0,Low friction
APL-2026-000050,2026-06-07,2026-06-07,2026-06-07,2026-06-10,2026-06-12,2026-06-16,Administrative,Urgent,PAY-02,TM-01,TM-01,Closed,Overturned,7,Yes,No,No,0,0,RC-03,Yes,9.0,0,0,3,2.0,4.0,No,10,Low friction
APL-2026-000767,2026-05-11,2026-05-12,2026-05-15,2026-05-20,2026-05-27,2026-05-27,Authorization,Urgent,PAY-04,TM-04,TM-03,Closed,Overturned,7,Yes,No,No,1,0,RC-07,No,16.0,1,3,5,7.0,0.0,No,30,Moderate friction
APL-2026-003303,2026-06-22,2026-06-24,2026-06-26,2026-06-30,2026-07-17,2026-07-20,Clinical,Standard,PAY-03,TM-07,TM-06,Closed,Upheld,14,No,No,No,1,8,RC-02,No,28.0,2,2,4,17.0,3.0,No,85,Critical friction
APL-2026-002238,2026-04-12,2026-04-12,2026-04-14,2026-04-15,2026-05-14,2026-05-18,Administrative,Standard,PAY-06,TM-07,TM-05,Closed,Partially Overturned,30,No,Yes,No,2,11,RC-05,No,36.0,0,2,1,29.0,4.0,No,95,Critical friction
APL-2026-002157,2026-01-24,2026-01-24,2026-01-26,2026-01-26,2026-02-04,2026-02-06,Authorization,Standard,PAY-04,TM-04,TM-04,Closed,Partially Overturned,7,Yes,No,No,0,0,RC-15,Yes,13.0,0,2,0,9.0,2.0,No,0,Low friction
APL-2026-002586,2026-06-23,2026-06-24,2026-06-30,2026-07-02,2026-07-20,2026-07-21,Claims Payment,Low,PAY-02,TM-01,TM-03,Closed,Upheld,30,Yes,Yes,No,2,0,RC-04,No,28.0,1,6,2,18.0,1.0,Yes,40,High friction
APL-2026-000810,2026-08-31,2026-08-31,2026-09-04,2026-09-08,2026-09-10,2026-09-10,Authorization,Urgent,PAY-04,TM-04,TM-04,Closed,Upheld,7,Yes,No,No,0,0,RC-08,Yes,10.0,0,4,4,2.0,0.0,No,0,Low friction
APL-2026-003312,2026-03-28,2026-03-30,2026-04-01,2026-04-01,2026-04-09,2026-04-09,Authorization,Standard,PAY-03,TM-04,TM-04,Closed,Upheld,7,Yes,No,No,0,0,RC-02,Yes,12.0,2,2,0,8.0,0.0,No,0,Low friction
APL-2026-002071,2026-02-28,2026-02-28,2026-03-02,2026-03-02,2026-03-25,2026-03-26,Administrative,Urgent,PAY-01,TM-01,TM-01,Closed,Partially Overturned,7,Yes,No,Yes,0,0,RC-03,Yes,26.0,0,2,0,23.0,1.0,No,15,Low friction
APL-2026-000377,2026-02-09,2026-02-11,2026-02-11,2026-02-11,2026-02-18,2026-02-19,Administrative,Standard,PAY-02,TM-01,TM-01,Closed,Upheld,30,Yes,No,No,0,0,RC-01,Yes,10.0,2,0,0,7.0,1.0,Yes,0,Low friction
APL-2026-000737,2026-01-06,2026-01-06,2026-01-07,2026-01-07,2026-01-16,2026-01-19,Administrative,Low,PAY-01,TM-01,TM-01,Closed,Upheld,30,Yes,No,No,0,0,RC-05,Yes,13.0,0,1,0,9.0,3.0,Yes,10,Low friction
APL-2026-003623,2026-04-29,2026-04-29,2026-04-29,2026-05-01,2026-05-04,2026-05-04,Clinical,Low,PAY-07,TM-03,TM-03,Closed,Partially Overturned,14,Yes,No,No,0,0,RC-05,Yes,5.0,0,0,2,3.0,0.0,Yes,0,Low friction
APL-2026-000595,2026-03-10,2026-03-10,2026-03-12,2026-03-12,2026-03-17,2026-03-18,Clinical,Urgent,PAY-06,TM-07,TM-07,Closed,Overturned,7,Yes,No,No,0,0,RC-02,Yes,8.0,0,2,0,5.0,1.0,No,0,Low friction
APL-2026-000349,2026-03-15,2026-03-16,2026-03-17,2026-03-18,2026-03-26,2026-03-26,Administrative,Standard,PAY-02,TM-01,TM-01,Closed,Upheld,30,Yes,No,No,0,0,RC-01,Yes,11.0,1,1,1,8.0,0.0,Yes,0,Low friction
APL-2026-002254,2026-07-05,2026-07-07,2026-07-08,2026-07-08,2026-07-24,2026-07-27,Administrative,Standard,PAY-01,TM-01,TM-02,Closed,Upheld,30,No,No,No,2,6,RC-11,No,22.0,2,1,0,16.0,3.0,Yes,95,Critical friction
APL-2026-000094,2026-08-27,2026-08-27,2026-08-28,2026-09-01,2026-09-08,2026-09-09,Pharmacy,Standard,PAY-04,TM-05,TM-05,Closed,Upheld,7,Yes,Yes,No,0,0,RC-13,Yes,13.0,0,1,4,7.0,1.0,No,0,Low friction
APL-2026-002856,2026-04-07,2026-04-09,2026-04-13,2026-04-13,2026-04-14,2026-04-14,Authorization,Standard,PAY-04,TM-04,TM-04,Closed,Upheld,7,Yes,No,No,0,0,RC-08,Yes,7.0,2,4,0,1.0,0.0,Yes,0,Low friction
APL-2026-001249,2026-02-24,2026-02-25,2026-03-02,2026-03-03,2026-04-02,2026-04-02,Authorization,Standard,PAY-01,TM-04,TM-03,Closed,Partially Overturned,7,No,No,No,2,14,RC-07,No,37.0,1,5,1,30.0,0.0,No,85,Critical friction
APL-2026-003731,2026-05-01,2026-05-01,2026-05-06,2026-05-07,2026-05-18,2026-05-18,Pharmacy,Low,PAY-04,TM-05,TM-04,Closed,Upheld,7,Yes,Yes,No,2,0,RC-04,No,17.0,0,5,1,11.0,0.0,No,40,High friction
APL-2026-003856,2026-07-23,2026-07-23,2026-07-24,2026-07-29,2026-08-20,2026-08-21,Authorization,Standard,PAY-04,TM-04,TM-04,Closed,Upheld,7,No,No,No,0,10,RC-02,Yes,29.0,0,1,5,22.0,1.0,No,45,High friction
APL-2026-003378,2026-09-13,2026-09-14,2026-09-16,2026-09-17,2026-09-22,2026-09-24,Claims Payment,Standard,PAY-02,TM-01,TM-01,Closed,Upheld,30,Yes,No,No,0,0,RC-08,Yes,11.0,1,2,1,5.0,2.0,Yes,0,Low friction
APL-2026-003172,2026-09-29,2026-09-29,2026-09-30,2026-10-05,,,Authorization,Standard,PAY-03,TM-04,TM-04,Pending Information,,7,Yes,No,No,0,0,RC-15,Yes,,0,1,5,,,,0,Low friction
APL-2026-003348,2026-09-13,2026-09-13,2026-09-13,2026-09-14,2026-09-21,2026-09-21,Clinical,Low,PAY-02,TM-03,TM-03,Closed,Upheld,14,Yes,No,No,0,0,RC-14,Yes,8.0,0,0,1,7.0,0.0,Yes,0,Low friction
APL-2026-002495,2026-05-26,2026-05-26,2026-05-26,2026-05-28,2026-06-08,2026-06-10,Authorization,Standard,PAY-04,TM-04,TM-04,Closed,Overturned,7,Yes,No,Yes,0,0,RC-01,Yes,15.0,0,0,2,11.0,2.0,No,15,Low friction
APL-2026-003537,2026-05-17,2026-05-19,2026-05-19,2026-05-19,2026-05-21,2026-05-22,Claims Payment,Urgent,PAY-05,TM-01,TM-01,Closed,Overturned,7,Yes,No,No,0,0,RC-01,Yes,5.0,2,0,0,2.0,1.0,Yes,0,Low friction
APL-2026-000136,2026-06-24,2026-06-24,2026-06-25,2026-06-25,2026-06-26,2026-06-30,Authorization,Low,PAY-03,TM-04,TM-04,Closed,Overturned,7,Yes,No,No,0,0,RC-03,Yes,6.0,0,1,0,1.0,4.0,Yes,10,Low friction
APL-2026-002616,2026-07-10,2026-07-13,2026-07-17,2026-07-21,2026-07-27,2026-07-29,Pharmacy,Standard,PAY-04,TM-05,TM-02,Closed,Upheld,7,Yes,No,No,1,0,RC-07,No,19.0,3,4,4,6.0,2.0,No,30,Moderate friction
APL-2026-003291,2026-03-12,2026-03-16,2026-03-17,2026-03-17,2026-03-27,2026-03-30,Authorization,Standard,PAY-04,TM-04,TM-04,Closed,Upheld,7,Yes,No,Yes,0,0,RC-05,Yes,18.0,4,1,0,10.0,3.0,No,25,Moderate friction
APL-2026-000936,2026-07-30,2026-07-30,2026-08-03,2026-08-05,2026-08-07,2026-08-14,Administrative,Urgent,PAY-05,TM-01,TM-01,Closed,Upheld,7,Yes,No,No,0,0,RC-12,Yes,15.0,0,4,2,2.0,7.0,No,10,Low friction
APL-2026-001715,2026-01-21,2026-01-23,2026-01-23,2026-01-26,2026-02-12,2026-02-16,Clinical,Urgent,PAY-04,TM-02,TM-02,Closed,Upheld,7,No,No,No,0,9,RC-13,Yes,26.0,2,0,3,17.0,4.0,No,55,High friction
APL-2026-003664,2026-08-11,2026-08-11,2026-08-13,2026-08-14,2026-08-17,2026-08-24,Clinical,Standard,PAY-04,TM-02,TM-02,Closed,Overturned,14,Yes,No,No,0,0,RC-06,Yes,13.0,0,2,1,3.0,7.0,Yes,10,Low friction
APL-2026-003377,2026-03-31,2026-03-31,2026-04-06,2026-04-07,2026-04-13,2026-04-14,Clinical,Standard,PAY-07,TM-02,TM-02,Closed,Overturned,14,No,No,No,0,2,RC-06,Yes,14.0,0,6,1,6.0,1.0,Yes,25,Moderate friction
APL-2026-000778,2026-01-28,2026-01-28,2026-01-29,2026-02-03,2026-02-10,2026-02-10,Clinical,Standard,PAY-06,TM-07,TM-02,Closed,Overturned,14,No,No,No,1,0,RC-12,Yes,13.0,0,1,5,7.0,0.0,Yes,35,Moderate friction
APL-2026-001135,2026-03-26,2026-03-26,2026-03-27,2026-04-01,2026-04-22,2026-04-23,Clinical,Standard,PAY-01,TM-03,TM-06,Closed,Upheld,14,No,No,Yes,1,6,RC-06,Yes,28.0,0,1,5,21.0,1.0,No,70,Critical friction
APL-2026-001679,2026-09-18,2026-09-18,2026-09-18,2026-09-23,2026-09-24,2026-09-24,Authorization,Low,PAY-04,TM-04,TM-04,Closed,Upheld,7,Yes,No,No,0,0,RC-04,Yes,6.0,0,0,5,1.0,0.0,Yes,0,Low friction
APL-2026-003995,2026-05-20,2026-05-22,2026-05-22,2026-05-25,2026-05-28,2026-05-28,Authorization,Standard,PAY-01,TM-04,TM-08,Closed,Partially Overturned,7,Yes,No,No,1,0,RC-04,Yes,8.0,2,0,3,3.0,0.0,No,10,Low friction
APL-2026-001665,2026-01-25,2026-01-25,2026-01-25,2026-01-27,2026-02-02,2026-02-02,Pharmacy,Standard,PAY-04,TM-05,TM-05,Closed,Upheld,7,Yes,Yes,No,0,0,RC-08,Yes,8.0,0,0,2,6.0,0.0,No,0,Low friction
APL-2026-000708,2026-05-21,2026-05-21,2026-05-21,2026-05-22,2026-06-04,2026-06-04,Administrative,Standard,PAY-04,TM-01,TM-01,Closed,Overturned,30,Yes,No,No,0,0,RC-10,Yes,14.0,0,0,1,13.0,0.0,Yes,0,Low friction
APL-2026-000561,2026-02-01,2026-02-02,2026-02-03,2026-02-06,2026-02-12,2026-02-16,Authorization,Urgent,PAY-04,TM-04,TM-08,Closed,Upheld,7,Yes,No,No,1,0,RC-15,Yes,15.0,1,1,3,6.0,4.0,No,20,Moderate friction
APL-2026-000654,2026-05-20,2026-05-20,2026-05-26,2026-05-26,2026-06-25,2026-06-26,Pharmacy,Standard,PAY-02,TM-05,TM-06,Closed,Upheld,7,No,No,No,2,8,RC-06,No,37.0,0,6,0,30.0,1.0,No,85,Critical friction
APL-2026-002648,2026-09-07,2026-09-07,2026-09-07,2026-09-07,2026-09-11,2026-09-14,Clinical,Standard,PAY-02,TM-02,TM-02,Closed,Overturned,14,Yes,No,No,0,0,RC-03,Yes,7.0,0,0,0,4.0,3.0,Yes,10,Low friction
APL-2026-003205,2026-03-09,2026-03-09,2026-03-10,2026-03-12,2026-03-24,2026-03-26,Clinical,Standard,PAY-02,TM-03,TM-07,Closed,Upheld,14,Yes,No,No,1,0,RC-13,Yes,17.0,0,1,2,12.0,2.0,No,10,Low friction
APL-2026-001271,2026-08-30,2026-08-30,2026-08-30,2026-08-31,2026-09-28,2026-09-29,Clinical,Standard,PAY-01,TM-02,TM-02,Closed,Upheld,14,No,Yes,No,0,9,RC-01,Yes,30.0,0,0,1,28.0,1.0,No,45,High friction
APL-2026-003757,2026-06-04,2026-06-05,2026-06-05,2026-06-05,2026-06-18,2026-06-18,Clinical,Low,PAY-02,TM-02,TM-02,Closed,Upheld,14,Yes,Yes,No,0,0,RC-15,Yes,14.0,1,0,0,13.0,0.0,Yes,0,Low friction
APL-2026-000418,2026-09-23,2026-09-25,2026-10-01,2026-10-01,,,Authorization,Standard,PAY-02,TM-04,TM-04,In Review,,7,Yes,Yes,No,0,0,RC-03,Yes,,2,6,0,,,,0,Low friction
APL-2026-002518,2026-08-30,2026-08-31,2026-08-31,2026-09-02,2026-09-07,2026-09-07,Clinical,Urgent,PAY-01,TM-02,TM-02,Closed,Upheld,7,No,Yes,No,0,0,RC-01,Yes,8.0,1,0,2,5.0,0.0,No,25,Moderate friction
APL-2026-001879,2026-01-12,2026-01-13,2026-01-16,2026-01-21,2026-02-13,2026-02-13,Claims Payment,Urgent,PAY-05,TM-01,TM-08,Closed,Upheld,7,Yes,No,No,3,0,RC-04,No,32.0,1,3,5,23.0,0.0,No,50,High friction
APL-2026-000987,2026-01-26,2026-01-26,2026-01-27,2026-01-30,2026-02-02,2026-02-03,Claims Payment,Standard,PAY-04,TM-01,TM-01,Closed,Partially Overturned,30,Yes,No,No,0,0,RC-12,Yes,8.0,0,1,3,3.0,1.0,Yes,0,Low friction
APL-2026-002386,2026-04-18,2026-04-21,2026-04-21,2026-04-21,2026-04-30,2026-04-30,Administrative,Standard,PAY-01,TM-01,TM-01,Closed,Partially Overturned,30,No,No,No,0,6,RC-01,Yes,12.0,3,0,0,9.0,0.0,Yes,45,High friction
APL-2026-002858,2026-02-22,2026-02-23,2026-02-26,2026-02-27,2026-03-10,2026-03-10,Administrative,Urgent,PAY-01,TM-01,TM-07,Closed,Upheld,7,Yes,No,No,2,0,RC-04,No,16.0,1,3,1,11.0,0.0,No,40,High friction
APL-2026-003392,2026-02-21,2026-02-24,2026-02-24,2026-02-25,2026-03-05,2026-03-06,Pharmacy,Urgent,PAY-02,TM-05,TM-05,Closed,Overturned,7,Yes,No,No,0,0,RC-02,Yes,13.0,3,0,1,8.0,1.0,No,0,Low friction
APL-2026-000131,2026-08-25,2026-08-27,2026-08-27,2026-08-31,2026-09-07,2026-09-07,Authorization,Urgent,PAY-01,TM-04,TM-04,Closed,Upheld,7,Yes,No,Yes,0,0,RC-13,Yes,13.0,2,0,4,7.0,0.0,No,15,Low friction
APL-2026-000848,2026-04-05,2026-04-05,2026-04-06,2026-04-06,2026-04-23,2026-04-27,Administrative,Standard,PAY-05,TM-01,TM-04,Closed,Upheld,30,No,No,No,1,6,RC-08,Yes,22.0,0,1,0,17.0,4.0,Yes,65,Critical friction
APL-2026-001150,2026-07-04,2026-07-07,2026-07-08,2026-07-10,2026-07-15,2026-07-17,Clinical,Standard,PAY-04,TM-03,TM-03,Closed,Upheld,14,Yes,No,No,0,0,RC-01,Yes,13.0,3,1,2,5.0,2.0,Yes,0,Low friction
APL-2026-000025,2026-04-03,2026-04-06,2026-04-07,2026-04-10,2026-04-15,2026-04-15,Clinical,Standard,PAY-03,TM-07,TM-07,Closed,Upheld,14,Yes,No,No,0,0,RC-12,Yes,12.0,3,1,3,5.0,0.0,Yes,0,Low friction
APL-2026-002632,2026-05-08,2026-05-08,2026-05-11,2026-05-13,2026-05-29,2026-05-29,Authorization,Standard,PAY-02,TM-04,TM-07,Closed,Upheld,7,Yes,No,No,1,0,RC-04,Yes,21.0,0,3,2,16.0,0.0,No,10,Low friction
APL-2026-002440,2026-04-12,2026-04-13,2026-04-17,2026-04-17,2026-05-20,2026-05-21,Clinical,Low,PAY-02,TM-02,TM-02,Closed,Upheld,14,No,No,Yes,0,11,RC-08,Yes,39.0,1,4,0,33.0,1.0,No,60,Critical friction
APL-2026-002391,2026-06-26,2026-06-30,2026-06-30,2026-06-30,2026-07-01,2026-07-01,Authorization,Standard,PAY-04,TM-04,TM-04,Closed,Upheld,7,Yes,No,No,0,0,RC-01,Yes,5.0,4,0,0,1.0,0.0,Yes,0,Low friction
APL-2026-001805,2026-09-12,2026-09-15,2026-09-21,2026-09-22,2026-09-23,2026-09-23,Authorization,Urgent,PAY-06,TM-04,TM-04,Closed,Upheld,7,Yes,No,No,0,0,RC-01,Yes,11.0,3,6,1,1.0,0.0,No,0,Low friction
APL-2026-001890,2026-06-29,2026-07-01,2026-07-02,2026-07-03,2026-07-24,2026-07-24,Authorization,Urgent,PAY-01,TM-04,TM-04,Closed,Overturned,7,Yes,No,No,0,0,RC-15,Yes,25.0,2,1,1,21.0,0.0,No,0,Low friction
APL-2026-001528,2026-08-16,2026-08-16,2026-08-17,2026-08-20,2026-08-27,2026-08-31,Pharmacy,Urgent,PAY-03,TM-05,TM-03,Closed,Overturned,7,Yes,No,No,1,0,RC-02,Yes,15.0,0,1,3,7.0,4.0,No,20,Moderate friction
APL-2026-002455,2026-08-10,2026-08-12,2026-08-18,2026-08-19,2026-09-04,2026-09-04,Claims Payment,Low,PAY-03,TM-07,TM-05,Closed,Upheld,30,Yes,No,Yes,1,0,RC-11,Yes,25.0,2,6,1,16.0,0.0,Yes,25,Moderate friction
APL-2026-002204,2026-09-18,2026-09-18,2026-09-24,2026-09-29,,,Clinical,Standard,PAY-01,TM-02,TM-01,In Review,,14,Yes,No,No,1,0,RC-01,Yes,,0,6,5,,,,10,Low friction
APL-2026-003909,2026-03-22,2026-03-23,2026-03-24,2026-03-25,2026-03-27,2026-03-31,Administrative,Urgent,PAY-01,TM-01,TM-01,Closed,Partially Overturned,7,Yes,No,No,0,0,RC-03,Yes,9.0,1,1,1,2.0,4.0,No,10,Low friction
APL-2026-003041,2026-04-16,2026-04-17,2026-04-23,2026-04-27,2026-04-29,2026-04-29,Claims Payment,Standard,PAY-05,TM-01,TM-01,Closed,Upheld,30,Yes,No,No,0,0,RC-10,Yes,13.0,1,6,4,2.0,0.0,Yes,0,Low friction
APL-2026-002343,2026-03-01,2026-03-03,2026-03-04,2026-03-09,2026-03-11,2026-03-11,Clinical,Standard,PAY-06,TM-07,TM-07,Closed,Upheld,14,Yes,No,No,0,0,RC-04,Yes,10.0,2,1,5,2.0,0.0,Yes,0,Low friction
APL-2026-001023,2026-04-06,2026-04-06,2026-04-06,2026-04-07,2026-04-13,2026-04-20,Authorization,Standard,PAY-04,TM-04,TM-01,Closed,Overturned,7,Yes,No,No,1,0,RC-03,Yes,14.0,0,0,1,6.0,7.0,No,20,Moderate friction
APL-2026-000873,2026-07-17,2026-07-20,2026-07-20,2026-07-21,2026-08-07,2026-08-10,Clinical,Urgent,PAY-02,TM-02,TM-02,Closed,Overturned,7,Yes,No,Yes,0,0,RC-13,Yes,24.0,3,0,1,17.0,3.0,No,25,Moderate friction
APL-2026-001567,2026-02-11,2026-02-12,2026-02-12,2026-02-12,2026-02-19,2026-02-20,Authorization,Standard,PAY-01,TM-04,TM-04,Closed,Upheld,7,Yes,No,No,0,0,RC-02,Yes,9.0,1,0,0,7.0,1.0,No,0,Low friction
APL-2026-002678,2026-03-12,2026-03-12,2026-03-17,2026-03-20,2026-04-07,2026-04-07,Administrative,Low,PAY-04,TM-01,TM-08,Closed,Partially Overturned,30,No,No,No,1,4,RC-04,No,26.0,0,5,3,18.0,0.0,Yes,55,High friction
APL-2026-003805,2026-06-04,2026-06-05,2026-06-09,2026-06-12,2026-06-23,2026-06-23,Administrative,Standard,PAY-03,TM-07,TM-07,Closed,Upheld,30,No,Yes,No,0,0,RC-02,Yes,19.0,1,4,3,11.0,0.0,Yes,25,Moderate friction
APL-2026-000226,2026-03-05,2026-03-06,2026-03-06,2026-03-06,2026-03-17,2026-03-18,Clinical,Urgent,PAY-01,TM-03,TM-03,Closed,Upheld,7,No,Yes,No,0,0,RC-07,Yes,13.0,1,0,0,11.0,1.0,No,25,Moderate friction
APL-2026-002023,2026-09-11,2026-09-11,2026-09-11,2026-09-16,2026-09-17,2026-09-18,Authorization,Standard,PAY-02,TM-04,TM-04,Closed,Upheld,7,Yes,No,No,0,0,RC-06,Yes,7.0,0,0,5,1.0,1.0,Yes,0,Low friction
APL-2026-001470,2026-02-24,2026-02-25,2026-02-26,2026-02-26,2026-03-06,2026-03-09,Administrative,Standard,PAY-02,TM-01,TM-01,Closed,Overturned,30,Yes,No,No,0,0,RC-03,Yes,13.0,1,1,0,8.0,3.0,Yes,10,Low friction
APL-2026-001462,2026-06-16,2026-06-17,2026-06-19,2026-06-23,2026-06-26,2026-06-26,Authorization,Standard,PAY-04,TM-04,TM-06,Closed,Upheld,7,Yes,No,No,1,0,RC-06,Yes,10.0,1,2,4,3.0,0.0,No,10,Low friction
APL-2026-001057,2026-08-05,2026-08-06,2026-08-12,2026-08-12,2026-08-13,2026-08-13,Clinical,Low,PAY-02,TM-02,TM-02,Closed,Overturned,14,Yes,No,No,0,0,RC-07,Yes,8.0,1,6,0,1.0,0.0,Yes,0,Low friction
APL-2026-002929,2026-01-27,2026-01-28,2026-01-29,2026-02-03,2026-02-27,2026-02-27,Administrative,Low,PAY-01,TM-01,TM-08,Closed,Partially Overturned,30,No,No,Yes,1,6,RC-07,Yes,31.0,1,1,5,24.0,0.0,No,70,Critical friction
APL-2026-003250,2026-08-04,2026-08-05,2026-08-05,2026-08-07,2026-08-28,2026-08-31,Clinical,Standard,PAY-01,TM-03,TM-03,Closed,Partially Overturned,14,No,No,No,0,10,RC-12,Yes,27.0,1,0,2,21.0,3.0,No,55,High friction
APL-2026-003100,2026-04-03,2026-04-06,2026-04-09,2026-04-10,2026-04-21,2026-04-21,Clinical,Standard,PAY-03,TM-07,TM-02,Closed,Overturned,14,Yes,No,No,1,0,RC-04,No,18.0,3,3,1,11.0,0.0,No,30,Moderate friction
APL-2026-002228,2026-08-30,2026-08-31,2026-08-31,2026-08-31,2026-09-01,2026-09-02,Clinical,Urgent,PAY-05,TM-03,TM-03,Closed,Overturned,7,Yes,No,No,0,0,RC-06,Yes,3.0,1,0,0,1.0,1.0,Yes,0,Low friction
APL-2026-000948,2026-06-08,2026-06-08,2026-06-09,2026-06-09,2026-06-19,2026-06-19,Authorization,Standard,PAY-04,TM-04,TM-05,Closed,Overturned,7,No,No,No,1,3,RC-05,Yes,11.0,0,1,0,10.0,0.0,No,35,Moderate friction
APL-2026-001909,2026-06-02,2026-06-03,2026-06-04,2026-06-09,2026-06-12,2026-06-12,Authorization,Standard,PAY-01,TM-04,TM-06,Closed,Partially Overturned,7,Yes,No,No,1,0,RC-07,No,10.0,1,1,5,3.0,0.0,No,30,Moderate friction
APL-2026-002059,2026-02-15,2026-02-16,2026-02-19,2026-02-20,2026-03-09,2026-03-11,Administrative,Standard,PAY-02,TM-01,TM-04,Closed,Overturned,30,Yes,No,No,1,0,RC-04,No,24.0,1,3,1,17.0,2.0,Yes,30,Moderate friction
APL-2026-000355,2026-05-14,2026-05-14,2026-05-14,2026-05-15,2026-05-20,2026-05-21,Authorization,Standard,PAY-04,TM-04,TM-04,Closed,Partially Overturned,7,Yes,No,No,0,0,RC-09,Yes,7.0,0,0,1,5.0,1.0,Yes,0,Low friction
APL-2026-000068,2026-01-10,2026-01-10,2026-01-12,2026-01-14,2026-01-23,2026-01-23,Claims Payment,Standard,PAY-03,TM-07,TM-07,Closed,Overturned,30,Yes,No,No,0,0,RC-01,Yes,13.0,0,2,2,9.0,0.0,Yes,0,Low friction
APL-2026-001698,2026-09-24,2026-09-25,2026-09-25,2026-09-29,,,Authorization,Low,PAY-02,TM-04,TM-04,Escalated,,7,Yes,No,No,0,0,RC-09,Yes,,1,0,4,,,,0,Low friction
APL-2026-000722,2026-06-21,2026-06-23,2026-06-24,2026-06-25,2026-07-02,2026-07-06,Pharmacy,Low,PAY-04,TM-05,TM-05,Closed,Upheld,7,Yes,No,No,0,0,RC-14,Yes,15.0,2,1,1,7.0,4.0,No,10,Low friction
APL-2026-000146,2026-04-17,2026-04-20,2026-04-20,2026-04-21,2026-04-30,2026-05-01,Authorization,Standard,PAY-06,TM-04,TM-04,Closed,Upheld,7,No,No,No,0,0,RC-12,Yes,14.0,3,0,1,9.0,1.0,No,25,Moderate friction
APL-2026-000416,2026-01-01,2026-01-02,2026-01-08,2026-01-13,2026-01-15,2026-01-15,Authorization,Standard,PAY-01,TM-04,TM-04,Closed,Overturned,7,Yes,No,No,0,0,RC-06,Yes,14.0,1,6,5,2.0,0.0,No,0,Low friction
APL-2026-002441,2026-01-03,2026-01-03,2026-01-03,2026-01-05,2026-01-12,2026-01-19,Pharmacy,Standard,PAY-02,TM-05,TM-05,Closed,Upheld,7,Yes,No,No,0,0,RC-01,Yes,16.0,0,0,2,7.0,7.0,No,10,Low friction
APL-2026-001531,2026-01-15,2026-01-15,2026-01-15,2026-01-19,2026-01-28,2026-01-28,Clinical,Urgent,PAY-02,TM-02,TM-02,Closed,Overturned,7,Yes,Yes,No,0,0,RC-06,Yes,13.0,0,0,4,9.0,0.0,No,0,Low friction
APL-2026-002572,2026-03-09,2026-03-09,2026-03-12,2026-03-13,2026-03-20,2026-03-23,Administrative,Standard,PAY-01,TM-01,TM-05,Closed,Partially Overturned,30,Yes,Yes,No,1,0,RC-04,No,14.0,0,3,1,7.0,3.0,Yes,40,High friction
APL-2026-003949,2026-03-14,2026-03-16,2026-03-16,2026-03-19,2026-03-23,2026-03-23,Clinical,Low,PAY-06,TM-07,TM-07,Closed,Overturned,14,Yes,No,No,0,0,RC-11,Yes,9.0,2,0,3,4.0,0.0,Yes,0,Low friction
APL-2026-000172,2026-01-04,2026-01-04,2026-01-04,2026-01-06,2026-01-09,2026-01-12,Clinical,Standard,PAY-05,TM-03,TM-03,Closed,Overturned,14,Yes,No,No,0,0,RC-08,Yes,8.0,0,0,2,3.0,3.0,Yes,10,Low friction
APL-2026-002486,2026-05-22,2026-05-25,2026-05-25,2026-05-28,2026-06-17,2026-06-18,Pharmacy,Standard,PAY-01,TM-05,TM-06,Closed,Upheld,7,Yes,No,Yes,1,0,RC-02,Yes,27.0,3,0,3,20.0,1.0,No,25,Moderate friction
APL-2026-000727,2026-05-25,2026-05-26,2026-05-26,2026-05-28,2026-06-05,2026-06-12,Clinical,Standard,PAY-01,TM-02,TM-04,Closed,Overturned,14,Yes,No,No,1,0,RC-10,Yes,18.0,1,0,2,8.0,7.0,No,20,Moderate friction
APL-2026-001896,2026-06-26,2026-06-29,2026-07-01,2026-07-01,2026-07-10,2026-07-13,Authorization,Low,PAY-04,TM-04,TM-04,Closed,Overturned,7,Yes,No,No,0,0,RC-02,Yes,17.0,3,2,0,9.0,3.0,No,10,Low friction
APL-2026-000056,2026-02-10,2026-02-11,2026-02-12,2026-02-13,2026-02-26,2026-02-26,Clinical,Standard,PAY-02,TM-02,TM-02,Closed,Partially Overturned,14,No,No,No,0,7,RC-05,Yes,16.0,1,1,1,13.0,0.0,No,45,High friction
APL-2026-000139,2026-08-17,2026-08-17,2026-08-17,2026-08-17,2026-08-19,2026-08-19,Authorization,Urgent,PAY-06,TM-04,TM-04,Closed,Overturned,7,Yes,No,No,0,0,RC-11,Yes,2.0,0,0,0,2.0,0.0,Yes,0,Low friction
APL-2026-003626,2026-04-03,2026-04-07,2026-04-09,2026-04-10,2026-04-14,2026-04-14,Clinical,Standard,PAY-07,TM-03,TM-03,Closed,Partially Overturned,14,Yes,No,No,0,0,RC-02,Yes,11.0,4,2,1,4.0,0.0,Yes,0,Low friction
APL-2026-002244,2026-06-12,2026-06-16,2026-06-17,2026-06-18,2026-06-22,2026-06-24,Administrative,Urgent,PAY-04,TM-01,TM-01,Closed,Overturned,7,Yes,No,No,0,0,RC-09,Yes,12.0,4,1,1,4.0,2.0,No,0,Low friction
APL-2026-003485,2026-01-05,2026-01-05,2026-01-13,2026-01-16,2026-01-29,2026-01-29,Clinical,Standard,PAY-01,TM-03,TM-02,Closed,Overturned,14,No,No,No,1,6,RC-03,No,24.0,0,8,3,13.0,0.0,No,75,Critical friction
APL-2026-000450,2026-05-21,2026-05-21,2026-05-21,2026-05-21,2026-05-25,2026-05-25,Administrative,Standard,PAY-06,TM-07,TM-07,Closed,Overturned,30,Yes,No,No,0,0,RC-05,Yes,4.0,0,0,0,4.0,0.0,Yes,0,Low friction
APL-2026-001998,2026-05-11,2026-05-11,2026-05-12,2026-05-13,2026-06-01,2026-06-01,Claims Payment,Low,PAY-04,TM-01,TM-01,Closed,Upheld,30,No,No,Yes,0,7,RC-06,Yes,21.0,0,1,1,19.0,0.0,Yes,60,Critical friction
APL-2026-002595,2026-08-16,2026-08-16,2026-08-16,2026-08-18,2026-08-20,2026-08-24,Administrative,Standard,PAY-03,TM-07,TM-07,Closed,Overturned,30,Yes,No,No,0,0,RC-07,Yes,8.0,0,0,2,2.0,4.0,Yes,10,Low friction
APL-2026-000989,2026-02-21,2026-02-23,2026-02-23,2026-02-23,2026-03-09,2026-03-16,Authorization,Standard,PAY-05,TM-04,TM-06,Closed,Upheld,7,Yes,No,No,1,0,RC-08,Yes,23.0,2,0,0,14.0,7.0,No,20,Moderate friction
APL-2026-002975,2026-07-28,2026-07-28,2026-07-28,2026-07-31,2026-08-11,2026-08-12,Authorization,Urgent,PAY-01,TM-04,TM-04,Closed,Partially Overturned,7,Yes,No,Yes,0,0,RC-06,Yes,15.0,0,0,3,11.0,1.0,No,15,Low friction
APL-2026-000970,2026-03-11,2026-03-11,2026-03-13,2026-03-13,2026-03-19,2026-03-26,Pharmacy,Low,PAY-06,TM-05,TM-05,Closed,Upheld,7,Yes,No,No,0,0,RC-01,Yes,15.0,0,2,0,6.0,7.0,No,10,Low friction
APL-2026-000137,2026-07-10,2026-07-14,2026-07-15,2026-07-16,2026-07-17,2026-07-17,Authorization,Urgent,PAY-06,TM-04,TM-04,Closed,Overturned,7,Yes,No,No,0,0,RC-09,Yes,7.0,4,1,1,1.0,0.0,Yes,0,Low friction
APL-2026-002487,2026-04-02,2026-04-02,2026-04-02,2026-04-03,2026-05-07,2026-05-07,Authorization,Standard,PAY-05,TM-04,TM-08,Closed,Upheld,7,No,No,Yes,1,10,RC-06,Yes,35.0,0,0,1,34.0,0.0,No,70,Critical friction
APL-2026-001897,2026-02-23,2026-02-23,2026-02-23,2026-02-24,2026-02-26,2026-02-26,Administrative,Standard,PAY-04,TM-01,TM-01,Closed,Upheld,30,Yes,No,No,0,0,RC-07,Yes,3.0,0,0,1,2.0,0.0,Yes,0,Low friction
APL-2026-000175,2026-01-22,2026-01-22,2026-01-26,2026-01-27,2026-02-03,2026-02-03,Clinical,Standard,PAY-02,TM-02,TM-02,Closed,Upheld,14,Yes,No,No,0,0,RC-01,Yes,12.0,0,4,1,7.0,0.0,Yes,0,Low friction
APL-2026-002303,2026-07-07,2026-07-08,2026-07-09,2026-07-09,2026-07-16,2026-07-16,Clinical,Urgent,PAY-03,TM-07,TM-07,Closed,Upheld,7,No,No,No,0,4,RC-12,Yes,9.0,1,1,0,7.0,0.0,No,25,Moderate friction
APL-2026-001966,2026-02-27,2026-03-02,2026-03-02,2026-03-02,2026-03-09,2026-03-10,Clinical,Low,PAY-07,TM-02,TM-02,Closed,Upheld,14,Yes,No,No,0,0,RC-02,Yes,11.0,3,0,0,7.0,1.0,Yes,0,Low friction
APL-2026-000386,2026-04-03,2026-04-06,2026-04-08,2026-04-08,2026-04-20,2026-04-21,Pharmacy,Standard,PAY-03,TM-05,TM-05,Closed,Upheld,7,No,No,No,0,3,RC-05,Yes,18.0,3,2,0,12.0,1.0,No,25,Moderate friction
APL-2026-001725,2026-05-31,2026-06-01,2026-06-02,2026-06-02,2026-06-10,2026-06-10,Claims Payment,Urgent,PAY-06,TM-07,TM-07,Closed,Upheld,7,Yes,No,No,0,0,RC-12,Yes,10.0,1,1,0,8.0,0.0,No,0,Low friction
APL-2026-003675,2026-05-15,2026-05-18,2026-05-19,2026-05-20,2026-05-21,2026-05-22,Authorization,Standard,PAY-02,TM-04,TM-04,Closed,Upheld,7,Yes,No,No,0,0,RC-04,Yes,7.0,3,1,1,1.0,1.0,Yes,0,Low friction
APL-2026-000445,2026-08-01,2026-08-01,2026-08-03,2026-08-05,2026-08-18,2026-08-20,Claims Payment,Urgent,PAY-02,TM-01,TM-01,Closed,Upheld,7,Yes,No,Yes,0,0,RC-08,Yes,19.0,0,2,2,13.0,2.0,No,15,Low friction
APL-2026-001102,2026-01-24,2026-01-24,2026-01-24,2026-01-28,2026-02-03,2026-02-10,Clinical,Low,PAY-03,TM-07,TM-07,Closed,Partially Overturned,14,Yes,No,No,0,0,RC-08,Yes,17.0,0,0,4,6.0,7.0,No,10,Low friction
APL-2026-003722,2026-07-27,2026-07-29,2026-07-30,2026-08-04,2026-08-14,2026-08-14,Administrative,Standard,PAY-04,TM-01,TM-03,Closed,Overturned,30,Yes,No,No,1,0,RC-06,Yes,18.0,2,1,5,10.0,0.0,Yes,10,Low friction
APL-2026-002760,2026-08-11,2026-08-12,2026-08-13,2026-08-14,2026-09-21,2026-09-21,Clinical,Standard,PAY-07,TM-02,TM-04,Closed,Upheld,14,No,Yes,Yes,1,7,RC-06,Yes,41.0,1,1,1,38.0,0.0,No,70,Critical friction
APL-2026-001828,2026-01-10,2026-01-12,2026-01-12,2026-01-13,2026-01-22,2026-01-29,Authorization,Standard,PAY-04,TM-04,TM-04,Closed,Partially Overturned,7,No,Yes,No,0,0,RC-12,Yes,19.0,2,0,1,9.0,7.0,No,35,Moderate friction
APL-2026-002886,2026-07-24,2026-07-24,2026-07-28,2026-07-29,2026-08-11,2026-08-11,Clinical,Low,PAY-06,TM-07,TM-07,Closed,Upheld,14,Yes,No,No,0,0,RC-05,Yes,18.0,0,4,1,13.0,0.0,No,0,Low friction
APL-2026-003910,2026-06-27,2026-06-29,2026-07-03,2026-07-03,2026-07-28,2026-07-29,Clinical,Standard,PAY-03,TM-07,TM-04,Closed,Overturned,14,No,No,Yes,2,6,RC-04,No,32.0,2,4,0,25.0,1.0,No,100,Critical friction
APL-2026-001884,2026-02-15,2026-02-15,2026-02-19,2026-02-20,2026-02-27,2026-03-02,Authorization,Low,PAY-04,TM-04,TM-05,Closed,Upheld,7,Yes,No,No,1,0,RC-04,No,15.0,0,4,1,7.0,3.0,No,40,High friction
APL-2026-001290,2026-08-26,2026-08-28,2026-08-31,2026-09-02,2026-09-03,2026-09-03,Administrative,Standard,PAY-01,TM-01,TM-01,Closed,Overturned,30,Yes,No,No,0,0,RC-12,Yes,8.0,2,3,2,1.0,0.0,Yes,0,Low friction
APL-2026-003875,2026-05-30,2026-06-01,2026-06-01,2026-06-01,2026-06-03,2026-06-04,Pharmacy,Standard,PAY-03,TM-05,TM-05,Closed,Overturned,7,Yes,No,No,0,0,RC-02,Yes,5.0,2,0,0,2.0,1.0,Yes,0,Low friction
APL-2026-001582,2026-04-05,2026-04-05,2026-04-06,2026-04-07,2026-04-15,2026-04-16,Administrative,Standard,PAY-06,TM-07,TM-07,Closed,Partially Overturned,30,Yes,No,No,0,0,RC-10,Yes,11.0,0,1,1,8.0,1.0,Yes,0,Low friction
APL-2026-000090,2026-03-31,2026-03-31,2026-03-31,2026-04-01,2026-04-13,2026-04-14,Authorization,Standard,PAY-04,TM-04,TM-04,Closed,Overturned,7,Yes,No,Yes,0,0,RC-01,Yes,14.0,0,0,1,12.0,1.0,No,15,Low friction
APL-2026-003274,2026-03-06,2026-03-06,2026-03-06,2026-03-06,2026-03-30,2026-03-30,Claims Payment,Low,PAY-01,TM-01,TM-01,Closed,Overturned,30,Yes,No,No,0,0,RC-03,Yes,24.0,0,0,0,24.0,0.0,Yes,0,Low friction
APL-2026-003096,2026-05-13,2026-05-14,2026-05-20,2026-05-22,2026-06-05,2026-06-08,Authorization,Standard,PAY-01,TM-04,TM-02,Closed,Partially Overturned,7,Yes,Yes,No,2,0,RC-03,No,26.0,1,6,2,14.0,3.0,No,50,High friction
APL-2026-001306,2026-03-25,2026-03-26,2026-03-30,2026-03-31,2026-04-01,2026-04-01,Clinical,Urgent,PAY-01,TM-02,TM-02,Closed,Upheld,7,Yes,No,No,0,0,RC-08,Yes,7.0,1,4,1,1.0,0.0,Yes,0,Low friction
APL-2026-002101,2026-05-22,2026-05-22,2026-05-26,2026-05-29,2026-06-05,2026-06-05,Clinical,Urgent,PAY-02,TM-02,TM-02,Closed,Upheld,7,Yes,No,No,0,0,RC-05,Yes,14.0,0,4,3,7.0,0.0,No,0,Low friction
APL-2026-002049,2026-08-08,2026-08-08,2026-08-08,2026-08-12,2026-08-14,2026-08-14,Administrative,Urgent,PAY-07,TM-01,TM-01,Closed,Upheld,7,Yes,No,No,0,0,RC-01,Yes,6.0,0,0,4,2.0,0.0,Yes,0,Low friction
APL-2026-002178,2026-02-19,2026-02-20,2026-02-20,2026-02-25,2026-03-05,2026-03-06,Clinical,Standard,PAY-03,TM-07,TM-07,Closed,Upheld,14,No,No,No,0,0,RC-12,Yes,15.0,1,0,5,8.0,1.0,No,25,Moderate friction
APL-2026-002871,2026-04-18,2026-04-20,2026-04-22,2026-04-24,2026-04-27,2026-04-27,Clinical,Standard,PAY-07,TM-03,TM-03,Closed,Upheld,14,Yes,No,No,0,0,RC-05,Yes,9.0,2,2,2,3.0,0.0,Yes,0,Low friction
APL-2026-002662,2026-04-23,2026-04-24,2026-04-27,2026-04-28,2026-05-08,2026-05-11,Authorization,Standard,PAY-02,TM-04,TM-04,Closed,Upheld,7,Yes,No,No,0,0,RC-08,Yes,18.0,1,3,1,10.0,3.0,No,10,Low friction
APL-2026-001030,2026-03-24,2026-03-25,2026-03-31,2026-04-01,2026-04-09,2026-04-09,Clinical,Standard,PAY-01,TM-03,TM-03,Closed,Upheld,14,Yes,No,No,0,0,RC-01,Yes,16.0,1,6,1,8.0,0.0,No,0,Low friction
APL-2026-001330,2026-04-21,2026-04-23,2026-04-29,2026-04-30,2026-05-04,2026-05-04,Clinical,Standard,PAY-01,TM-03,TM-03,Closed,Upheld,14,Yes,No,No,0,0,RC-03,Yes,13.0,2,6,1,4.0,0.0,Yes,0,Low friction
APL-2026-000040,2026-09-27,2026-09-28,2026-09-29,2026-10-01,,,Clinical,Standard,PAY-02,TM-02,TM-02,Escalated,,14,Yes,No,No,0,0,RC-04,Yes,,1,1,2,,,,0,Low friction
APL-2026-002967,2026-03-31,2026-03-31,2026-04-06,2026-04-07,2026-04-28,2026-04-28,Authorization,Standard,PAY-06,TM-04,TM-02,Closed,Upheld,7,Yes,No,No,1,0,RC-10,Yes,28.0,0,6,1,21.0,0.0,No,10,Low friction
APL-2026-001013,2026-08-11,2026-08-11,2026-08-17,2026-08-17,2026-08-21,2026-08-24,Administrative,Standard,PAY-02,TM-01,TM-01,Closed,Overturned,30,Yes,No,Yes,0,0,RC-13,Yes,13.0,0,6,0,4.0,3.0,Yes,25,Moderate friction
APL-2026-000944,2026-01-25,2026-01-25,2026-01-26,2026-01-26,2026-01-30,2026-02-06,Administrative,Standard,PAY-02,TM-01,TM-01,Closed,Upheld,30,No,No,No,0,2,RC-05,Yes,12.0,0,1,0,4.0,7.0,Yes,35,Moderate friction
APL-2026-000666,2026-08-24,2026-08-25,2026-08-25,2026-08-25,2026-09-03,2026-09-04,Administrative,Standard,PAY-01,TM-01,TM-01,Closed,Upheld,30,No,No,No,0,5,RC-05,Yes,11.0,1,0,0,9.0,1.0,Yes,25,Moderate friction
APL-2026-003104,2026-08-31,2026-09-02,2026-09-04,2026-09-07,2026-09-15,2026-09-15,Clinical,Low,PAY-02,TM-02,TM-01,Closed,Upheld,14,Yes,Yes,No,1,0,RC-13,Yes,15.0,2,2,3,8.0,0.0,No,10,Low friction
APL-2026-000453,2026-06-01,2026-06-02,2026-06-03,2026-06-08,2026-06-16,2026-06-17,Administrative,Standard,PAY-03,TM-07,TM-07,Closed,Upheld,30,Yes,No,No,0,0,RC-11,Yes,16.0,1,1,5,8.0,1.0,Yes,0,Low friction
APL-2026-000781,2026-03-26,2026-03-26,2026-03-26,2026-03-27,2026-04-03,2026-04-03,Pharmacy,Standard,PAY-01,TM-05,TM-05,Closed,Upheld,7,Yes,No,No,0,0,RC-15,Yes,8.0,0,0,1,7.0,0.0,No,0,Low friction
APL-2026-003999,2026-01-07,2026-01-08,2026-01-09,2026-01-14,2026-01-20,2026-01-20,Authorization,Standard,PAY-01,TM-04,TM-04,Closed,Partially Overturned,7,Yes,No,No,0,0,RC-03,Yes,13.0,1,1,5,6.0,0.0,No,0,Low friction
APL-2026-001149,2026-08-31,2026-08-31,2026-09-01,2026-09-03,2026-09-11,2026-09-14,Clinical,Standard,PAY-07,TM-02,TM-01,Closed,Upheld,14,Yes,No,No,1,0,RC-04,No,14.0,0,1,2,8.0,3.0,Yes,40,High friction
APL-2026-000178,2026-02-16,2026-02-16,2026-02-17,2026-02-19,2026-02-20,2026-02-20,Authorization,Standard,PAY-04,TM-04,TM-04,Closed,Partially Overturned,7,Yes,No,No,0,0,RC-02,Yes,4.0,0,1,2,1.0,0.0,Yes,0,Low friction
APL-2026-002185,2026-01-14,2026-01-15,2026-01-19,2026-01-20,2026-01-29,2026-02-05,Clinical,Standard,PAY-02,TM-03,TM-03,Closed,Partially Overturned,14,Yes,No,No,0,0,RC-13,Yes,22.0,1,4,1,9.0,7.0,No,10,Low friction
APL-2026-000337,2026-06-13,2026-06-13,2026-06-18,2026-06-18,2026-06-30,2026-06-30,Clinical,Urgent,PAY-01,TM-03,TM-03,Closed,Partially Overturned,7,Yes,No,No,0,0,RC-07,Yes,17.0,0,5,0,12.0,0.0,No,0,Low friction
APL-2026-001919,2026-01-05,2026-01-05,2026-01-05,2026-01-08,2026-01-22,2026-01-22,Clinical,Urgent,PAY-04,TM-03,TM-03,Closed,Upheld,7,Yes,No,Yes,0,0,RC-02,Yes,17.0,0,0,3,14.0,0.0,No,15,Low friction
APL-2026-002167,2026-06-14,2026-06-15,2026-06-15,2026-06-16,2026-06-22,2026-06-22,Authorization,Urgent,PAY-05,TM-04,TM-04,Closed,Overturned,7,Yes,No,Yes,0,0,RC-06,Yes,8.0,1,0,1,6.0,0.0,No,15,Low friction
APL-2026-003989,2026-05-17,2026-05-17,2026-05-17,2026-05-17,2026-05-26,2026-05-27,Administrative,Standard,PAY-02,TM-01,TM-06,Closed,Upheld,30,Yes,No,No,1,0,RC-09,Yes,10.0,0,0,0,9.0,1.0,Yes,10,Low friction
APL-2026-001557,2026-01-20,2026-01-20,2026-01-26,2026-01-29,2026-01-30,2026-01-30,Clinical,Standard,PAY-01,TM-03,TM-03,Closed,Upheld,14,Yes,No,No,0,0,RC-13,Yes,10.0,0,6,3,1.0,0.0,Yes,0,Low friction
APL-2026-003867,2026-09-04,2026-09-08,2026-09-10,2026-09-10,2026-09-22,2026-09-22,Clinical,Standard,PAY-03,TM-07,TM-04,Closed,Upheld,14,No,No,No,1,4,RC-04,No,18.0,4,2,0,12.0,0.0,No,55,High friction
APL-2026-002978,2026-08-01,2026-08-01,2026-08-03,2026-08-06,2026-08-19,2026-08-26,Administrative,Standard,PAY-01,TM-01,TM-01,Closed,Partially Overturned,30,Yes,No,No,0,0,RC-04,Yes,25.0,0,2,3,13.0,7.0,Yes,10,Low friction
APL-2026-001601,2026-04-21,2026-04-22,2026-04-28,2026-04-30,2026-05-21,2026-05-21,Clinical,Standard,PAY-03,TM-07,TM-02,Closed,Upheld,14,No,No,No,1,7,RC-12,No,30.0,1,6,2,21.0,0.0,No,75,Critical friction
APL-2026-001642,2026-07-13,2026-07-14,2026-07-15,2026-07-16,2026-07-21,2026-07-21,Authorization,Low,PAY-03,TM-04,TM-08,Closed,Upheld,7,Yes,No,No,1,0,RC-01,No,8.0,1,1,1,5.0,0.0,No,30,Moderate friction
APL-2026-000352,2026-07-18,2026-07-18,2026-07-20,2026-07-23,2026-07-24,2026-07-28,Clinical,Standard,PAY-02,TM-03,TM-03,Closed,Overturned,14,Yes,No,No,0,0,RC-06,Yes,10.0,0,2,3,1.0,4.0,Yes,10,Low friction
APL-2026-000625,2026-01-30,2026-01-30,2026-02-03,2026-02-03,2026-02-04,2026-02-06,Authorization,Urgent,PAY-01,TM-04,TM-04,Closed,Upheld,7,Yes,No,No,0,0,RC-06,Yes,7.0,0,4,0,1.0,2.0,Yes,0,Low friction
APL-2026-002241,2026-02-24,2026-02-24,2026-02-25,2026-02-27,2026-03-05,2026-03-09,Administrative,Standard,PAY-02,TM-01,TM-01,Closed,Overturned,30,Yes,No,No,0,0,RC-06,Yes,13.0,0,1,2,6.0,4.0,Yes,10,Low friction
APL-2026-003359,2026-05-26,2026-05-28,2026-06-02,2026-06-02,2026-07-07,2026-07-14,Clinical,Standard,PAY-04,TM-02,TM-06,Closed,Partially Overturned,14,No,Yes,Yes,2,9,RC-04,No,49.0,2,5,0,35.0,7.0,No,110,Critical friction
APL-2026-003307,2026-07-25,2026-07-25,2026-07-25,2026-07-27,2026-08-04,2026-08-04,Administrative,Standard,PAY-03,TM-07,TM-07,Closed,Upheld,30,Yes,No,No,0,0,RC-01,Yes,10.0,0,0,2,8.0,0.0,Yes,0,Low friction
APL-2026-001552,2026-05-05,2026-05-05,2026-05-11,2026-05-14,2026-05-27,2026-05-27,Administrative,Urgent,PAY-05,TM-01,TM-07,Closed,Overturned,7,Yes,No,No,1,0,RC-11,Yes,22.0,0,6,3,13.0,0.0,No,10,Low friction
APL-2026-002184,2026-06-03,2026-06-03,2026-06-03,2026-06-05,2026-06-12,2026-06-16,Clinical,Standard,PAY-02,TM-02,TM-02,Closed,Upheld,14,Yes,No,No,0,0,RC-15,Yes,13.0,0,0,2,7.0,4.0,Yes,10,Low friction
APL-2026-003423,2026-09-26,2026-09-26,2026-09-26,2026-09-28,,,Clinical,Urgent,PAY-06,TM-07,TM-07,In Review,,7,Yes,No,No,0,0,RC-08,Yes,,0,0,2,,,,0,Low friction
APL-2026-002509,2026-08-11,2026-08-11,2026-08-13,2026-08-13,2026-08-25,2026-08-27,Clinical,Urgent,PAY-02,TM-03,TM-03,Closed,Upheld,7,No,No,No,0,0,RC-01,Yes,16.0,0,2,0,12.0,2.0,No,25,Moderate friction
APL-2026-002090,2026-06-08,2026-06-08,2026-06-08,2026-06-08,2026-06-10,2026-06-10,Administrative,Low,PAY-01,TM-01,TM-01,Closed,Upheld,30,Yes,No,No,0,0,RC-10,Yes,2.0,0,0,0,2.0,0.0,Yes,0,Low friction
APL-2026-000724,2026-07-12,2026-07-12,2026-07-14,2026-07-15,2026-07-20,2026-07-22,Administrative,Standard,PAY-04,TM-01,TM-01,Closed,Overturned,30,Yes,No,No,0,0,RC-04,Yes,10.0,0,2,1,5.0,2.0,Yes,0,Low friction
APL-2026-000699,2026-07-13,2026-07-14,2026-07-16,2026-07-17,2026-08-20,2026-08-21,Administrative,Standard,PAY-04,TM-01,TM-01,Closed,Upheld,30,No,Yes,Yes,0,11,RC-12,Yes,39.0,1,2,1,34.0,1.0,No,60,Critical friction
APL-2026-002685,2026-07-28,2026-07-29,2026-08-04,2026-08-05,2026-08-07,2026-08-11,Administrative,Standard,PAY-04,TM-01,TM-01,Closed,Overturned,30,Yes,No,No,0,0,RC-07,Yes,14.0,1,6,1,2.0,4.0,Yes,10,Low friction
APL-2026-000359,2026-02-12,2026-02-12,2026-02-13,2026-02-18,2026-02-19,2026-02-19,Authorization,Standard,PAY-01,TM-04,TM-04,Closed,Overturned,7,Yes,No,No,0,0,RC-10,Yes,7.0,0,1,5,1.0,0.0,Yes,0,Low friction
APL-2026-003840,2026-04-30,2026-05-01,2026-05-04,2026-05-05,2026-05-13,2026-05-15,Administrative,Standard,PAY-04,TM-01,TM-01,Closed,Overturned,30,Yes,No,No,0,0,RC-05,Yes,15.0,1,3,1,8.0,2.0,Yes,0,Low friction
APL-2026-001322,2026-06-04,2026-06-05,2026-06-05,2026-06-08,2026-06-09,2026-06-09,Clinical,Standard,PAY-01,TM-02,TM-02,Closed,Upheld,14,No,No,No,0,0,RC-02,Yes,5.0,1,0,3,1.0,0.0,Yes,25,Moderate friction
APL-2026-001614,2026-03-15,2026-03-15,2026-03-17,2026-03-17,2026-03-30,2026-04-01,Authorization,Urgent,PAY-04,TM-04,TM-04,Closed,Upheld,7,Yes,No,Yes,0,0,RC-01,Yes,17.0,0,2,0,13.0,2.0,No,15,Low friction
APL-2026-002781,2026-07-17,2026-07-20,2026-07-22,2026-07-22,2026-08-07,2026-08-07,Authorization,Standard,PAY-04,TM-04,TM-04,Closed,Upheld,7,No,Yes,No,0,6,RC-01,Yes,21.0,3,2,0,16.0,0.0,No,45,High friction
APL-2026-003628,2026-01-04,2026-01-04,2026-01-05,2026-01-05,2026-01-12,2026-01-12,Administrative,Standard,PAY-01,TM-01,TM-05,Closed,Upheld,30,Yes,No,No,1,0,RC-04,Yes,8.0,0,1,0,7.0,0.0,Yes,10,Low friction
APL-2026-003425,2026-03-06,2026-03-10,2026-03-10,2026-03-11,2026-03-18,2026-03-19,Authorization,Standard,PAY-06,TM-04,TM-04,Closed,Upheld,7,Yes,No,No,0,0,RC-12,Yes,13.0,4,0,1,7.0,1.0,No,0,Low friction
APL-2026-002607,2026-01-18,2026-01-19,2026-01-21,2026-01-21,2026-02-06,2026-02-06,Claims Payment,Standard,PAY-03,TM-07,TM-07,Closed,Overturned,30,Yes,No,Yes,0,0,RC-02,Yes,19.0,1,2,0,16.0,0.0,Yes,15,Low friction
APL-2026-001526,2026-01-13,2026-01-14,2026-01-15,2026-01-15,2026-01-16,2026-01-20,Authorization,Low,PAY-04,TM-04,TM-04,Closed,Upheld,7,Yes,No,No,0,0,RC-05,Yes,7.0,1,1,0,1.0,4.0,Yes,10,Low friction
APL-2026-002862,2026-09-09,2026-09-10,2026-09-14,2026-09-14,2026-09-28,2026-09-28,Authorization,Urgent,PAY-06,TM-04,TM-06,Closed,Upheld,7,Yes,No,No,3,0,RC-04,No,19.0,1,4,0,14.0,0.0,No,50,High friction
APL-2026-000619,2026-06-01,2026-06-01,2026-06-01,2026-06-01,2026-06-02,2026-06-02,Clinical,Standard,PAY-05,TM-03,TM-03,Closed,Upheld,14,No,No,No,0,0,RC-05,Yes,1.0,0,0,0,1.0,0.0,Yes,25,Moderate friction
APL-2026-000466,2026-04-13,2026-04-13,2026-04-13,2026-04-15,2026-04-22,2026-04-22,Administrative,Standard,PAY-01,TM-01,TM-01,Closed,Partially Overturned,30,Yes,No,No,0,0,RC-07,Yes,9.0,0,0,2,7.0,0.0,Yes,0,Low friction
APL-2026-001435,2026-03-25,2026-03-26,2026-03-26,2026-03-31,2026-04-01,2026-04-02,Clinical,Urgent,PAY-04,TM-02,TM-02,Closed,Overturned,7,Yes,No,No,0,0,RC-12,Yes,8.0,1,0,5,1.0,1.0,No,0,Low friction
APL-2026-003774,2026-05-08,2026-05-08,2026-05-11,2026-05-11,2026-05-12,2026-05-12,Authorization,Standard,PAY-03,TM-04,TM-04,Closed,Upheld,7,Yes,No,No,0,0,RC-11,Yes,4.0,0,3,0,1.0,0.0,Yes,0,Low friction
APL-2026-003662,2026-01-23,2026-01-23,2026-01-29,2026-01-29,2026-02-16,2026-02-18,Claims Payment,Standard,PAY-03,TM-07,TM-07,Closed,Partially Overturned,30,Yes,No,No,0,0,RC-02,Yes,26.0,0,6,0,18.0,2.0,Yes,0,Low friction
APL-2026-001420,2026-04-15,2026-04-15,2026-04-17,2026-04-20,2026-04-27,2026-04-29,Authorization,Standard,PAY-05,TM-04,TM-04,Closed,Upheld,7,Yes,No,No,0,0,RC-10,Yes,14.0,0,2,3,7.0,2.0,No,0,Low friction
APL-2026-003331,2026-03-19,2026-03-19,2026-03-19,2026-03-20,2026-03-27,2026-03-30,Clinical,Low,PAY-03,TM-07,TM-07,Closed,Upheld,14,Yes,No,No,0,0,RC-02,Yes,11.0,0,0,1,7.0,3.0,Yes,10,Low friction
APL-2026-001703,2026-04-01,2026-04-02,2026-04-07,2026-04-08,2026-04-20,2026-04-27,Clinical,Low,PAY-01,TM-02,TM-03,Closed,Overturned,14,Yes,No,No,3,0,RC-04,No,26.0,1,5,1,12.0,7.0,No,60,Critical friction
APL-2026-002128,2026-06-21,2026-06-21,2026-06-25,2026-06-26,2026-07-10,2026-07-17,Authorization,Urgent,PAY-04,TM-04,TM-04,Closed,Upheld,7,No,No,No,0,7,RC-02,Yes,26.0,0,4,1,14.0,7.0,No,55,High friction
APL-2026-001988,2026-05-25,2026-05-25,2026-05-29,2026-05-29,2026-06-02,2026-06-04,Administrative,Standard,PAY-04,TM-01,TM-01,Closed,Upheld,30,Yes,No,No,0,0,RC-08,Yes,10.0,0,4,0,4.0,2.0,Yes,0,Low friction
APL-2026-002650,2026-05-19,2026-05-21,2026-05-22,2026-05-22,2026-06-12,2026-06-15,Clinical,Standard,PAY-05,TM-02,TM-02,Closed,Upheld,14,No,No,No,0,6,RC-12,Yes,27.0,2,1,0,21.0,3.0,No,55,High friction
APL-2026-000492,2026-06-13,2026-06-13,2026-06-15,2026-06-15,2026-06-29,2026-06-29,Authorization,Urgent,PAY-02,TM-04,TM-04,Closed,Upheld,7,No,No,Yes,0,6,RC-04,Yes,16.0,0,2,0,14.0,0.0,No,60,Critical friction
APL-2026-003841,2026-04-05,2026-04-06,2026-04-08,2026-04-09,2026-04-16,2026-04-16,Clinical,Standard,PAY-07,TM-02,TM-05,Closed,Upheld,14,No,No,No,1,0,RC-05,No,11.0,1,2,1,7.0,0.0,Yes,55,High friction
APL-2026-002576,2026-02-05,2026-02-05,2026-02-05,2026-02-05,2026-02-27,2026-03-02,Clinical,Urgent,PAY-07,TM-02,TM-03,Closed,Upheld,7,No,Yes,Yes,1,4,RC-12,Yes,25.0,0,0,0,22.0,3.0,No,60,Critical friction
APL-2026-001766,2026-06-01,2026-06-01,2026-06-01,2026-06-02,2026-06-19,2026-06-23,Administrative,Standard,PAY-03,TM-07,TM-07,Closed,Upheld,30,Yes,No,Yes,0,0,RC-03,Yes,22.0,0,0,1,17.0,4.0,Yes,25,Moderate friction
APL-2026-003412,2026-09-17,2026-09-18,2026-09-21,2026-09-22,2026-09-28,2026-09-28,Clinical,Standard,PAY-05,TM-02,TM-02,Closed,Overturned,14,Yes,No,No,0,0,RC-04,Yes,11.0,1,3,1,6.0,0.0,Yes,0,Low friction
APL-2026-003301,2026-05-19,2026-05-20,2026-05-20,2026-05-21,2026-05-27,2026-05-29,Authorization,Standard,PAY-05,TM-04,TM-04,Closed,Upheld,7,Yes,No,No,0,0,RC-04,Yes,10.0,1,0,1,6.0,2.0,No,0,Low friction
APL-2026-003204,2026-08-12,2026-08-12,2026-08-13,2026-08-13,2026-08-14,2026-08-18,Claims Payment,Urgent,PAY-06,TM-07,TM-07,Closed,Upheld,7,Yes,No,No,0,0,RC-02,Yes,6.0,0,1,0,1.0,4.0,Yes,10,Low friction
APL-2026-002415,2026-01-26,2026-01-27,2026-01-29,2026-01-30,2026-02-11,2026-02-12,Administrative,Urgent,PAY-02,TM-01,TM-01,Closed,Upheld,7,Yes,No,No,0,0,RC-10,Yes,17.0,1,2,1,12.0,1.0,No,0,Low friction
APL-2026-001789,2026-09-13,2026-09-15,2026-09-16,2026-09-21,,,Authorization,Standard,PAY-05,TM-04,TM-04,In Review,,7,No,Yes,No,0,8,RC-10,Yes,,2,1,5,,,,45,High friction
APL-2026-003930,2026-03-05,2026-03-06,2026-03-12,2026-03-13,2026-03-16,2026-03-18,Pharmacy,Standard,PAY-04,TM-05,TM-05,Closed,Overturned,7,Yes,No,No,0,0,RC-05,Yes,13.0,1,6,1,3.0,2.0,No,0,Low friction
APL-2026-002670,2026-04-16,2026-04-16,2026-04-22,2026-04-27,2026-04-28,2026-04-28,Clinical,Standard,PAY-01,TM-03,TM-03,Closed,Overturned,14,Yes,No,No,0,0,RC-09,Yes,12.0,0,6,5,1.0,0.0,Yes,0,Low friction
APL-2026-001482,2026-02-01,2026-02-02,2026-02-02,2026-02-03,2026-02-09,2026-02-09,Administrative,Standard,PAY-02,TM-01,TM-01,Closed,Upheld,30,Yes,No,No,0,0,RC-07,Yes,8.0,1,0,1,6.0,0.0,Yes,0,Low friction
APL-2026-003553,2026-08-08,2026-08-11,2026-08-11,2026-08-12,2026-08-19,2026-08-19,Authorization,Low,PAY-04,TM-04,TM-04,Closed,Upheld,7,Yes,No,No,0,0,RC-05,Yes,11.0,3,0,1,7.0,0.0,No,0,Low friction
APL-2026-001136,2026-09-08,2026-09-08,2026-09-09,2026-09-10,2026-09-14,2026-09-15,Clinical,Urgent,PAY-01,TM-02,TM-02,Closed,Upheld,7,Yes,No,No,0,0,RC-12,Yes,7.0,0,1,1,4.0,1.0,Yes,0,Low friction
APL-2026-001936,2026-01-23,2026-01-23,2026-01-26,2026-01-28,2026-02-12,2026-02-12,Administrative,Low,PAY-04,TM-01,TM-01,Closed,Overturned,30,Yes,No,No,0,0,RC-02,Yes,20.0,0,3,2,15.0,0.0,Yes,0,Low friction
APL-2026-003175,2026-09-18,2026-09-18,2026-09-21,2026-09-22,,,Claims Payment,Standard,PAY-03,TM-07,TM-07,Escalated,,30,No,No,No,0,5,RC-12,Yes,,0,3,1,,,,25,Moderate friction
APL-2026-001581,2026-05-07,2026-05-08,2026-05-14,2026-05-14,2026-05-25,2026-05-27,Administrative,Low,PAY-01,TM-01,TM-02,Closed,Upheld,30,Yes,No,No,1,0,RC-08,Yes,20.0,1,6,0,11.0,2.0,Yes,10,Low friction
APL-2026-000480,2026-03-21,2026-03-21,2026-03-21,2026-03-24,2026-03-27,2026-03-27,Authorization,Urgent,PAY-04,TM-04,TM-04,Closed,Overturned,7,Yes,No,No,0,0,RC-01,Yes,6.0,0,0,3,3.0,0.0,Yes,0,Low friction
APL-2026-002266,2026-01-01,2026-01-02,2026-01-08,2026-01-08,2026-01-30,2026-02-03,Clinical,Standard,PAY-03,TM-07,TM-05,Closed,Upheld,14,No,No,Yes,2,7,RC-03,No,33.0,1,6,0,22.0,4.0,No,110,Critical friction
APL-2026-002638,2026-06-07,2026-06-08,2026-06-08,2026-06-08,2026-06-30,2026-07-02,Clinical,Standard,PAY-02,TM-03,TM-03,Closed,Partially Overturned,14,No,No,No,0,15,RC-12,Yes,25.0,1,0,0,22.0,2.0,No,45,High friction
APL-2026-000103,2026-02-06,2026-02-09,2026-02-11,2026-02-12,2026-02-18,2026-02-20,Clinical,Low,PAY-05,TM-03,TM-03,Closed,Upheld,14,Yes,No,No,0,0,RC-14,Yes,14.0,3,2,1,6.0,2.0,Yes,0,Low friction
APL-2026-001479,2026-05-09,2026-05-11,2026-05-11,2026-05-12,2026-05-13,2026-05-14,Clinical,Standard,PAY-04,TM-02,TM-02,Closed,Upheld,14,Yes,No,No,0,0,RC-15,Yes,5.0,2,0,1,1.0,1.0,Yes,0,Low friction
APL-2026-002712,2026-01-30,2026-01-30,2026-02-02,2026-02-04,2026-02-17,2026-02-17,Administrative,Urgent,PAY-01,TM-01,TM-05,Closed,Upheld,7,Yes,Yes,No,1,0,RC-09,Yes,18.0,0,3,2,13.0,0.0,No,10,Low friction
APL-2026-000743,2026-05-16,2026-05-18,2026-05-19,2026-05-22,2026-06-01,2026-06-02,Authorization,Standard,PAY-02,TM-04,TM-04,Closed,Upheld,7,Yes,No,No,0,0,RC-01,Yes,17.0,2,1,3,10.0,1.0,No,0,Low friction
APL-2026-003490,2026-09-08,2026-09-08,2026-09-09,2026-09-09,2026-09-16,2026-09-16,Clinical,Urgent,PAY-01,TM-03,TM-07,Closed,Upheld,7,Yes,No,No,1,0,RC-03,Yes,8.0,0,1,0,7.0,0.0,No,10,Low friction
APL-2026-003516,2026-08-18,2026-08-18,2026-08-21,2026-08-25,2026-09-01,2026-09-08,Authorization,Urgent,PAY-05,TM-04,TM-05,Closed,Partially Overturned,7,No,No,No,2,0,RC-04,No,21.0,0,3,4,7.0,7.0,No,75,Critical friction
APL-2026-000054,2026-07-09,2026-07-13,2026-07-13,2026-07-14,2026-07-28,2026-07-28,Authorization,Low,PAY-02,TM-04,TM-04,Closed,Upheld,7,No,No,No,0,7,RC-15,Yes,19.0,4,0,1,14.0,0.0,No,45,High friction
APL-2026-000988,2026-01-02,2026-01-05,2026-01-09,2026-01-09,2026-01-16,2026-01-16,Administrative,Standard,PAY-07,TM-01,TM-04,Closed,Overturned,30,Yes,No,No,2,0,RC-01,No,14.0,3,4,0,7.0,0.0,Yes,40,High friction
APL-2026-003224,2026-04-26,2026-04-27,2026-05-05,2026-05-07,2026-06-02,2026-06-03,Clinical,Low,PAY-02,TM-02,TM-06,Closed,Upheld,14,No,No,No,3,7,RC-04,No,38.0,1,8,2,26.0,1.0,No,95,Critical friction
APL-2026-000069,2026-04-29,2026-04-29,2026-04-30,2026-04-30,2026-05-01,2026-05-01,Clinical,Urgent,PAY-02,TM-03,TM-03,Closed,Upheld,7,Yes,No,No,0,0,RC-10,Yes,2.0,0,1,0,1.0,0.0,Yes,0,Low friction
APL-2026-003714,2026-06-01,2026-06-01,2026-06-03,2026-06-05,2026-06-09,2026-06-16,Administrative,Standard,PAY-05,TM-01,TM-01,Closed,Upheld,30,Yes,No,No,0,0,RC-02,Yes,15.0,0,2,2,4.0,7.0,Yes,10,Low friction
APL-2026-000718,2026-03-13,2026-03-13,2026-03-16,2026-03-17,2026-03-18,2026-03-18,Pharmacy,Standard,PAY-04,TM-05,TM-05,Closed,Overturned,7,Yes,No,No,0,0,RC-03,Yes,5.0,0,3,1,1.0,0.0,Yes,0,Low friction
APL-2026-001101,2026-05-22,2026-05-25,2026-05-26,2026-05-29,2026-06-01,2026-06-01,Pharmacy,Standard,PAY-03,TM-05,TM-05,Closed,Partially Overturned,7,Yes,No,No,0,0,RC-15,Yes,10.0,3,1,3,3.0,0.0,No,0,Low friction
APL-2026-002775,2026-01-19,2026-01-20,2026-01-28,2026-01-28,2026-02-09,2026-02-09,Pharmacy,Urgent,PAY-01,TM-05,TM-07,Closed,Partially Overturned,7,Yes,No,No,1,0,RC-08,No,21.0,1,8,0,12.0,0.0,No,30,Moderate friction
APL-2026-000334,2026-09-26,2026-09-26,2026-09-29,2026-09-30,,,Clinical,Standard,PAY-06,TM-07,TM-07,Pending Information,,14,Yes,No,No,0,0,RC-10,Yes,,0,3,1,,,,0,Low friction
APL-2026-003228,2026-04-16,2026-04-16,2026-04-20,2026-04-22,2026-04-27,2026-04-27,Pharmacy,Urgent,PAY-02,TM-05,TM-05,Closed,Upheld,7,Yes,No,No,0,0,RC-09,Yes,11.0,0,4,2,5.0,0.0,No,0,Low friction
APL-2026-001392,2026-06-22,2026-06-23,2026-06-24,2026-06-25,2026-06-29,2026-07-06,Administrative,Urgent,PAY-04,TM-01,TM-01,Closed,Upheld,7,Yes,No,No,0,0,RC-03,Yes,14.0,1,1,1,4.0,7.0,No,10,Low friction
APL-2026-002835,2026-06-22,2026-06-23,2026-06-24,2026-06-25,2026-06-29,2026-07-06,Authorization,Standard,PAY-01,TM-04,TM-04,Closed,Overturned,7,Yes,No,No,0,0,RC-05,Yes,14.0,1,1,1,4.0,7.0,No,10,Low friction
APL-2026-001240,2026-05-28,2026-05-29,2026-05-29,2026-05-29,2026-06-08,2026-06-09,Authorization,Standard,PAY-01,TM-04,TM-04,Closed,Upheld,7,Yes,No,No,0,0,RC-02,Yes,12.0,1,0,0,10.0,1.0,No,0,Low friction
APL-2026-000785,2026-04-24,2026-04-24,2026-04-30,2026-05-05,2026-05-14,2026-05-15,Authorization,Standard,PAY-04,TM-04,TM-04,Closed,Upheld,7,Yes,Yes,No,0,0,RC-12,Yes,21.0,0,6,5,9.0,1.0,No,0,Low friction
APL-2026-001174,2026-06-27,2026-06-30,2026-07-01,2026-07-03,2026-07-22,2026-07-29,Clinical,Standard,PAY-03,TM-07,TM-02,Closed,Upheld,14,No,No,No,1,8,RC-01,No,32.0,3,1,2,19.0,7.0,No,85,Critical friction
APL-2026-001159,2026-03-17,2026-03-17,2026-03-19,2026-03-24,2026-04-14,2026-04-21,Authorization,Low,PAY-03,TM-04,TM-04,Closed,Overturned,7,Yes,No,No,0,0,RC-07,Yes,35.0,0,2,5,21.0,7.0,No,10,Low friction
APL-2026-001316,2026-06-11,2026-06-11,2026-06-12,2026-06-15,2026-06-19,2026-06-19,Administrative,Standard,PAY-03,TM-07,TM-07,Closed,Overturned,30,Yes,No,No,0,0,RC-10,Yes,8.0,0,1,3,4.0,0.0,Yes,0,Low friction
APL-2026-003003,2026-09-11,2026-09-11,2026-09-14,2026-09-15,2026-09-23,2026-09-25,Clinical,Standard,PAY-04,TM-03,TM-03,Closed,Overturned,14,Yes,No,No,0,0,RC-02,Yes,14.0,0,3,1,8.0,2.0,Yes,0,Low friction
APL-2026-001138,2026-09-05,2026-09-08,2026-09-09,2026-09-10,2026-09-17,2026-09-17,Authorization,Standard,PAY-05,TM-04,TM-04,Closed,Upheld,7,Yes,No,No,0,0,RC-07,Yes,12.0,3,1,1,7.0,0.0,No,0,Low friction
APL-2026-002594,2026-07-04,2026-07-06,2026-07-08,2026-07-09,2026-07-13,2026-07-13,Clinical,Standard,PAY-01,TM-03,TM-03,Closed,Upheld,14,Yes,No,No,0,0,RC-13,Yes,9.0,2,2,1,4.0,0.0,Yes,0,Low friction
APL-2026-000128,2026-02-04,2026-02-05,2026-02-06,2026-02-06,2026-03-05,2026-03-09,Claims Payment,Urgent,PAY-02,TM-01,TM-03,Closed,Upheld,7,No,No,No,1,15,RC-01,Yes,33.0,1,1,0,27.0,4.0,No,65,Critical friction
APL-2026-001584,2026-08-30,2026-08-30,2026-09-07,2026-09-08,2026-09-16,2026-09-17,Authorization,Standard,PAY-03,TM-04,TM-06,Closed,Upheld,7,Yes,No,No,2,0,RC-04,No,18.0,0,8,1,8.0,1.0,No,40,High friction
APL-2026-001975,2026-06-15,2026-06-15,2026-06-15,2026-06-16,2026-06-25,2026-06-26,Administrative,Standard,PAY-05,TM-01,TM-01,Closed,Upheld,30,Yes,No,Yes,0,0,RC-01,Yes,11.0,0,0,1,9.0,1.0,Yes,15,Low friction
APL-2026-003431,2026-01-23,2026-01-23,2026-01-26,2026-01-26,2026-02-13,2026-02-13,Clinical,Urgent,PAY-07,TM-03,TM-03,Closed,Upheld,7,Yes,No,Yes,0,0,RC-01,Yes,21.0,0,3,0,18.0,0.0,No,15,Low friction
APL-2026-002538,2026-07-23,2026-07-23,2026-07-27,2026-07-29,2026-07-31,2026-08-04,Clinical,Standard,PAY-01,TM-02,TM-02,Closed,Upheld,14,Yes,No,No,0,0,RC-07,Yes,12.0,0,4,2,2.0,4.0,Yes,10,Low friction
APL-2026-002468,2026-05-03,2026-05-03,2026-05-04,2026-05-05,2026-05-06,2026-05-06,Administrative,Low,PAY-05,TM-01,TM-01,Closed,Upheld,30,Yes,No,No,0,0,RC-03,Yes,3.0,0,1,1,1.0,0.0,Yes,0,Low friction
APL-2026-001262,2026-04-04,2026-04-04,2026-04-04,2026-04-06,2026-04-09,2026-04-09,Clinical,Standard,PAY-04,TM-02,TM-02,Closed,Upheld,14,Yes,No,No,0,0,RC-07,Yes,5.0,0,0,2,3.0,0.0,Yes,0,Low friction
APL-2026-003421,2026-07-08,2026-07-08,2026-07-08,2026-07-08,2026-07-14,2026-07-16,Clinical,Standard,PAY-01,TM-02,TM-02,Closed,Partially Overturned,14,Yes,No,No,0,0,RC-01,Yes,8.0,0,0,0,6.0,2.0,Yes,0,Low friction
APL-2026-002508,2026-01-03,2026-01-06,2026-01-08,2026-01-08,2026-01-13,2026-01-13,Administrative,Standard,PAY-05,TM-01,TM-01,Closed,Partially Overturned,30,Yes,No,No,0,0,RC-05,Yes,10.0,3,2,0,5.0,0.0,Yes,0,Low friction
APL-2026-001107,2026-07-10,2026-07-13,2026-07-17,2026-07-17,2026-07-30,2026-07-30,Administrative,Standard,PAY-06,TM-07,TM-07,Closed,Upheld,30,No,No,No,0,2,RC-05,Yes,20.0,3,4,0,13.0,0.0,Yes,25,Moderate friction
APL-2026-000951,2026-09-04,2026-09-08,2026-09-09,2026-09-09,,,Clinical,Standard,PAY-06,TM-07,TM-05,Escalated,,14,No,Yes,No,2,8,RC-04,No,,4,1,0,,,,85,Critical friction
APL-2026-003128,2026-08-04,2026-08-04,2026-08-04,2026-08-06,2026-08-12,2026-08-13,Clinical,Low,PAY-07,TM-02,TM-02,Closed,Upheld,14,Yes,No,No,0,0,RC-01,Yes,9.0,0,0,2,6.0,1.0,Yes,0,Low friction
APL-2026-002818,2026-01-11,2026-01-13,2026-01-16,2026-01-21,2026-02-04,2026-02-04,Pharmacy,Standard,PAY-02,TM-05,TM-02,Closed,Partially Overturned,7,Yes,Yes,No,1,0,RC-12,No,24.0,2,3,5,14.0,0.0,No,30,Moderate friction
APL-2026-002123,2026-01-14,2026-01-14,2026-01-14,2026-01-19,2026-01-21,2026-01-21,Claims Payment,Standard,PAY-06,TM-07,TM-07,Closed,Partially Overturned,30,Yes,No,No,0,0,RC-02,Yes,7.0,0,0,5,2.0,0.0,Yes,0,Low friction
APL-2026-001130,2026-03-03,2026-03-05,2026-03-09,2026-03-12,2026-03-13,2026-03-13,Clinical,Standard,PAY-07,TM-03,TM-03,Closed,Upheld,14,Yes,No,No,0,0,RC-10,Yes,10.0,2,4,3,1.0,0.0,Yes,0,Low friction
APL-2026-003878,2026-02-17,2026-02-18,2026-02-19,2026-02-20,2026-02-26,2026-02-26,Authorization,Standard,PAY-05,TM-04,TM-07,Closed,Upheld,7,Yes,No,No,1,0,RC-03,Yes,9.0,1,1,1,6.0,0.0,No,10,Low friction
APL-2026-001559,2026-08-19,2026-08-20,2026-08-27,2026-08-27,,,Administrative,Standard,PAY-01,TM-01,TM-07,Escalated,,30,No,Yes,Yes,2,11,RC-04,No,,1,7,0,,,,100,Critical friction
APL-2026-000462,2026-06-03,2026-06-04,2026-06-09,2026-06-10,2026-06-19,2026-06-19,Claims Payment,Standard,PAY-07,TM-01,TM-03,Closed,Partially Overturned,30,Yes,No,No,1,0,RC-04,No,16.0,1,5,1,9.0,0.0,Yes,30,Moderate friction
APL-2026-002433,2026-02-28,2026-02-28,2026-03-05,2026-03-05,2026-04-07,2026-04-07,Clinical,Standard,PAY-02,TM-02,TM-06,Closed,Partially Overturned,14,Yes,Yes,No,1,0,RC-05,No,38.0,0,5,0,33.0,0.0,No,30,Moderate friction
APL-2026-000640,2026-07-11,2026-07-11,2026-07-13,2026-07-13,2026-07-22,2026-07-24,Authorization,Low,PAY-04,TM-04,TM-04,Closed,Partially Overturned,7,No,No,No,0,4,RC-01,Yes,13.0,0,2,0,9.0,2.0,No,25,Moderate friction
APL-2026-002504,2026-07-14,2026-07-14,2026-07-14,2026-07-16,2026-07-20,2026-07-22,Clinical,Urgent,PAY-02,TM-03,TM-03,Closed,Partially Overturned,7,Yes,No,No,0,0,RC-03,Yes,8.0,0,0,2,4.0,2.0,No,0,Low friction
APL-2026-002567,2026-09-14,2026-09-15,2026-09-15,2026-09-16,2026-09-24,2026-09-28,Clinical,Urgent,PAY-06,TM-07,TM-07,Closed,Overturned,7,Yes,No,No,0,0,RC-02,Yes,14.0,1,0,1,8.0,4.0,No,10,Low friction
APL-2026-000758,2026-09-21,2026-09-21,2026-09-23,2026-09-24,,,Administrative,Standard,PAY-02,TM-01,TM-01,Pending Information,,30,Yes,No,No,0,0,RC-02,Yes,,0,2,1,,,,0,Low friction
APL-2026-003524,2026-08-26,2026-08-26,2026-08-28,2026-08-28,2026-09-03,2026-09-07,Clinical,Standard,PAY-02,TM-03,TM-03,Closed,Upheld,14,Yes,No,No,0,0,RC-02,Yes,12.0,0,2,0,6.0,4.0,Yes,10,Low friction
APL-2026-000930,2026-01-27,2026-01-27,2026-01-28,2026-01-29,2026-02-05,2026-02-05,Authorization,Standard,PAY-03,TM-04,TM-03,Closed,Upheld,7,Yes,No,No,1,0,RC-05,Yes,9.0,0,1,1,7.0,0.0,No,10,Low friction
APL-2026-000231,2026-03-09,2026-03-09,2026-03-11,2026-03-11,2026-03-16,2026-03-16,Clinical,Low,PAY-04,TM-02,TM-02,Closed,Upheld,14,Yes,No,No,0,0,RC-06,Yes,7.0,0,2,0,5.0,0.0,Yes,0,Low friction
APL-2026-002461,2026-03-26,2026-03-26,2026-03-26,2026-03-26,2026-04-01,2026-04-01,Pharmacy,Low,PAY-01,TM-05,TM-05,Closed,Partially Overturned,7,Yes,No,No,0,0,RC-01,Yes,6.0,0,0,0,6.0,0.0,Yes,0,Low friction
APL-2026-001320,2026-04-02,2026-04-02,2026-04-08,2026-04-08,2026-04-23,2026-04-24,Administrative,Standard,PAY-02,TM-01,TM-01,Closed,Upheld,30,No,No,No,0,9,RC-09,Yes,22.0,0,6,0,15.0,1.0,Yes,45,High friction
APL-2026-000556,2026-05-07,2026-05-07,2026-05-07,2026-05-12,2026-05-25,2026-05-26,Clinical,Standard,PAY-01,TM-03,TM-03,Closed,Upheld,14,Yes,Yes,No,0,0,RC-06,Yes,19.0,0,0,5,13.0,1.0,No,0,Low friction
APL-2026-000544,2026-01-18,2026-01-19,2026-01-19,2026-01-21,2026-01-28,2026-01-28,Administrative,Low,PAY-05,TM-01,TM-01,Closed,Partially Overturned,30,Yes,No,No,0,0,RC-01,Yes,10.0,1,0,2,7.0,0.0,Yes,0,Low friction
APL-2026-003402,2026-09-02,2026-09-03,2026-09-04,2026-09-09,2026-09-17,2026-09-17,Clinical,Low,PAY-01,TM-02,TM-02,Closed,Upheld,14,Yes,Yes,No,0,0,RC-11,Yes,15.0,1,1,5,8.0,0.0,No,0,Low friction
APL-2026-003630,2026-03-12,2026-03-13,2026-03-13,2026-03-17,2026-03-23,2026-03-24,Clinical,Standard,PAY-02,TM-03,TM-03,Closed,Overturned,14,No,No,No,0,3,RC-01,Yes,12.0,1,0,4,6.0,1.0,Yes,25,Moderate friction
APL-2026-003210,2026-02-14,2026-02-16,2026-02-18,2026-02-20,2026-02-25,2026-02-25,Administrative,Standard,PAY-03,TM-07,TM-07,Closed,Overturned,30,Yes,No,No,0,0,RC-02,Yes,11.0,2,2,2,5.0,0.0,Yes,0,Low friction
APL-2026-003319,2026-08-01,2026-08-01,2026-08-01,2026-08-05,2026-08-10,2026-08-10,Authorization,Standard,PAY-02,TM-04,TM-04,Closed,Partially Overturned,7,Yes,No,No,0,0,RC-05,Yes,9.0,0,0,4,5.0,0.0,No,0,Low friction
APL-2026-000099,2026-01-19,2026-01-20,2026-01-21,2026-01-26,2026-01-29,2026-01-29,Clinical,Standard,PAY-03,TM-07,TM-07,Closed,Upheld,14,No,No,No,0,0,RC-12,Yes,10.0,1,1,5,3.0,0.0,Yes,25,Moderate friction
APL-2026-001431,2026-02-03,2026-02-03,2026-02-05,2026-02-05,2026-02-09,2026-02-09,Authorization,Standard,PAY-03,TM-04,TM-04,Closed,Overturned,7,Yes,No,No,0,0,RC-01,Yes,6.0,0,2,0,4.0,0.0,Yes,0,Low friction
APL-2026-001251,2026-01-08,2026-01-09,2026-01-12,2026-01-12,2026-01-15,2026-01-15,Administrative,Standard,PAY-01,TM-01,TM-02,Closed,Overturned,30,Yes,No,No,1,0,RC-04,No,7.0,1,3,0,3.0,0.0,Yes,30,Moderate friction
APL-2026-002693,2026-04-05,2026-04-06,2026-04-10,2026-04-14,2026-04-15,2026-04-16,Clinical,Standard,PAY-02,TM-03,TM-03,Closed,Overturned,14,Yes,No,No,0,0,RC-08,Yes,11.0,1,4,4,1.0,1.0,Yes,0,Low friction
APL-2026-001888,2026-05-03,2026-05-04,2026-05-05,2026-05-05,2026-05-14,2026-05-14,Authorization,Urgent,PAY-03,TM-04,TM-04,Closed,Upheld,7,Yes,No,No,0,0,RC-05,Yes,11.0,1,1,0,9.0,0.0,No,0,Low friction
APL-2026-001900,2026-07-24,2026-07-27,2026-07-31,2026-07-31,2026-08-13,2026-08-13,Pharmacy,Urgent,PAY-04,TM-05,TM-05,Closed,Upheld,7,Yes,No,Yes,0,0,RC-07,Yes,20.0,3,4,0,13.0,0.0,No,15,Low friction
APL-2026-001006,2026-04-30,2026-04-30,2026-04-30,2026-05-05,2026-05-06,2026-05-06,Claims Payment,Standard,PAY-06,TM-07,TM-07,Closed,Upheld,30,Yes,No,No,0,0,RC-04,Yes,6.0,0,0,5,1.0,0.0,Yes,0,Low friction
APL-2026-002445,2026-01-30,2026-02-03,2026-02-10,2026-02-13,2026-02-23,2026-02-23,Clinical,Standard,PAY-03,TM-07,TM-04,Closed,Partially Overturned,14,Yes,No,No,2,0,RC-06,No,24.0,4,7,3,10.0,0.0,No,40,High friction
APL-2026-003007,2026-03-12,2026-03-16,2026-03-18,2026-03-19,2026-03-31,2026-03-31,Pharmacy,Standard,PAY-02,TM-05,TM-02,Closed,Overturned,7,Yes,No,Yes,1,0,RC-04,Yes,19.0,4,2,1,12.0,0.0,No,25,Moderate friction
APL-2026-001471,2026-03-01,2026-03-02,2026-03-04,2026-03-05,2026-03-16,2026-03-18,Clinical,Standard,PAY-01,TM-02,TM-02,Closed,Overturned,14,No,No,Yes,0,0,RC-02,Yes,17.0,1,2,1,11.0,2.0,No,40,High friction
APL-2026-002713,2026-07-03,2026-07-06,2026-07-06,2026-07-06,2026-07-10,2026-07-17,Authorization,Low,PAY-04,TM-04,TM-07,Closed,Upheld,7,Yes,No,No,1,0,RC-06,Yes,14.0,3,0,0,4.0,7.0,No,20,Moderate friction
APL-2026-003334,2026-02-18,2026-02-18,2026-02-19,2026-02-23,2026-03-09,2026-03-16,Administrative,Standard,PAY-05,TM-01,TM-01,Closed,Upheld,30,Yes,No,Yes,0,0,RC-03,Yes,26.0,0,1,4,14.0,7.0,Yes,25,Moderate friction
APL-2026-003302,2026-01-15,2026-01-16,2026-01-19,2026-01-21,2026-02-03,2026-02-04,Administrative,Standard,PAY-07,TM-01,TM-08,Closed,Upheld,30,Yes,No,No,1,0,RC-01,Yes,20.0,1,3,2,13.0,1.0,Yes,10,Low friction
APL-2026-002820,2026-06-13,2026-06-13,2026-06-15,2026-06-16,2026-06-17,2026-06-24,Administrative,Standard,PAY-03,TM-07,TM-07,Closed,Upheld,30,Yes,No,No,0,0,RC-15,Yes,11.0,0,2,1,1.0,7.0,Yes,10,Low friction
APL-2026-003427,2026-08-08,2026-08-08,2026-08-13,2026-08-14,2026-08-19,2026-08-21,Clinical,Standard,PAY-02,TM-03,TM-03,Closed,Partially Overturned,14,Yes,No,No,0,0,RC-09,Yes,13.0,0,5,1,5.0,2.0,Yes,0,Low friction
APL-2026-002310,2026-08-12,2026-08-12,2026-08-13,2026-08-13,2026-08-20,2026-08-20,Claims Payment,Standard,PAY-04,TM-01,TM-01,Closed,Overturned,30,Yes,No,Yes,0,0,RC-01,Yes,8.0,0,1,0,7.0,0.0,Yes,15,Low friction
APL-2026-000295,2026-03-14,2026-03-14,2026-03-17,2026-03-17,2026-03-20,2026-03-23,Clinical,Standard,PAY-04,TM-03,TM-05,Closed,Overturned,14,Yes,No,No,1,0,RC-04,No,9.0,0,3,0,3.0,3.0,Yes,40,High friction
APL-2026-002770,2026-09-27,2026-09-29,2026-09-30,2026-10-02,,,Authorization,Standard,PAY-01,TM-04,TM-04,Escalated,,7,Yes,No,No,0,0,RC-05,Yes,,2,1,2,,,,0,Low friction
APL-2026-003213,2026-05-29,2026-05-29,2026-06-01,2026-06-02,2026-06-11,2026-06-11,Pharmacy,Standard,PAY-06,TM-05,TM-05,Closed,Partially Overturned,7,Yes,Yes,No,0,0,RC-02,Yes,13.0,0,3,1,9.0,0.0,No,0,Low friction
APL-2026-003578,2026-07-29,2026-07-29,2026-07-30,2026-07-30,2026-08-07,2026-08-07,Administrative,Standard,PAY-03,TM-07,TM-07,Closed,Overturned,30,Yes,No,No,0,0,RC-03,Yes,9.0,0,1,0,8.0,0.0,Yes,0,Low friction
APL-2026-003733,2026-04-18,2026-04-18,2026-04-20,2026-04-23,2026-05-04,2026-05-04,Authorization,Standard,PAY-06,TM-04,TM-04,Closed,Upheld,7,No,No,No,0,5,RC-12,Yes,16.0,0,2,3,11.0,0.0,No,25,Moderate friction
APL-2026-003990,2026-07-30,2026-07-31,2026-08-04,2026-08-05,2026-08-12,2026-08-13,Authorization,Standard,PAY-02,TM-04,TM-04,Closed,Overturned,7,Yes,No,No,0,0,RC-07,Yes,14.0,1,4,1,7.0,1.0,No,0,Low friction
APL-2026-002354,2026-08-15,2026-08-15,2026-08-17,2026-08-17,2026-08-25,2026-08-25,Pharmacy,Urgent,PAY-03,TM-05,TM-05,Closed,Upheld,7,Yes,No,No,0,0,RC-14,Yes,10.0,0,2,0,8.0,0.0,No,0,Low friction
APL-2026-000160,2026-06-04,2026-06-04,2026-06-04,2026-06-04,2026-06-09,2026-06-11,Administrative,Standard,PAY-02,TM-01,TM-01,Closed,Partially Overturned,30,Yes,No,No,0,0,RC-11,Yes,7.0,0,0,0,5.0,2.0,Yes,0,Low friction
APL-2026-001237,2026-06-08,2026-06-09,2026-06-10,2026-06-10,2026-06-15,2026-06-16,Pharmacy,Low,PAY-05,TM-05,TM-05,Closed,Upheld,7,No,No,No,0,0,RC-05,Yes,8.0,1,1,0,5.0,1.0,No,25,Moderate friction
APL-2026-000651,2026-03-23,2026-03-24,2026-03-25,2026-03-26,2026-04-03,2026-04-06,Administrative,Standard,PAY-02,TM-01,TM-01,Closed,Upheld,30,Yes,No,No,0,0,RC-13,Yes,14.0,1,1,1,8.0,3.0,Yes,10,Low friction
APL-2026-003658,2026-04-29,2026-04-30,2026-05-06,2026-05-07,2026-06-05,2026-06-09,Administrative,Standard,PAY-05,TM-01,TM-01,Closed,Partially Overturned,30,No,Yes,Yes,0,8,RC-12,Yes,41.0,1,6,1,29.0,4.0,No,70,Critical friction
APL-2026-002743,2026-03-26,2026-03-26,2026-03-27,2026-03-30,2026-04-07,2026-04-09,Administrative,Urgent,PAY-02,TM-01,TM-01,Closed,Upheld,7,Yes,No,No,0,0,RC-01,Yes,14.0,0,1,3,8.0,2.0,No,0,Low friction
APL-2026-000910,2026-04-08,2026-04-08,2026-04-09,2026-04-14,2026-04-28,2026-04-28,Pharmacy,Low,PAY-03,TM-05,TM-05,Closed,Upheld,7,No,Yes,No,0,6,RC-05,Yes,20.0,0,1,5,14.0,0.0,No,45,High friction
APL-2026-003772,2026-01-08,2026-01-08,2026-01-12,2026-01-13,2026-01-15,2026-01-15,Claims Payment,Standard,PAY-01,TM-01,TM-01,Closed,Upheld,30,Yes,No,No,0,0,RC-02,Yes,7.0,0,4,1,2.0,0.0,Yes,0,Low friction
APL-2026-002432,2026-03-27,2026-03-27,2026-04-03,2026-04-08,2026-04-13,2026-04-14,Authorization,Low,PAY-04,TM-04,TM-07,Closed,Partially Overturned,7,Yes,No,No,1,0,RC-11,No,18.0,0,7,5,5.0,1.0,No,30,Moderate friction
APL-2026-002917,2026-01-02,2026-01-05,2026-01-07,2026-01-07,2026-01-14,2026-01-14,Pharmacy,Standard,PAY-07,TM-05,TM-08,Closed,Overturned,7,No,No,No,1,0,RC-12,Yes,12.0,3,2,0,7.0,0.0,No,35,Moderate friction
APL-2026-003984,2026-08-27,2026-08-28,2026-08-28,2026-09-02,2026-09-15,2026-09-17,Administrative,Standard,PAY-04,TM-01,TM-07,Closed,Overturned,30,No,No,No,1,6,RC-04,Yes,21.0,1,0,5,13.0,2.0,Yes,55,High friction
APL-2026-001558,2026-05-18,2026-05-18,2026-05-22,2026-05-22,2026-05-26,2026-05-26,Authorization,Low,PAY-02,TM-04,TM-04,Closed,Overturned,7,Yes,No,No,0,0,RC-01,Yes,8.0,0,4,0,4.0,0.0,No,0,Low friction
APL-2026-000321,2026-02-27,2026-03-02,2026-03-02,2026-03-04,2026-03-16,2026-03-16,Administrative,Standard,PAY-01,TM-01,TM-01,Closed,Upheld,30,Yes,No,No,0,0,RC-09,Yes,17.0,3,0,2,12.0,0.0,Yes,0,Low friction
APL-2026-000015,2026-09-29,2026-09-29,2026-10-01,2026-10-06,,,Pharmacy,Urgent,PAY-06,TM-05,TM-05,Escalated,,7,Yes,No,No,0,0,RC-08,Yes,,0,2,5,,,,0,Low friction
APL-2026-000976,2026-07-07,2026-07-07,2026-07-08,2026-07-08,2026-07-15,2026-07-15,Authorization,Standard,PAY-06,TM-04,TM-04,Closed,Upheld,7,Yes,No,No,0,0,RC-06,Yes,8.0,0,1,0,7.0,0.0,No,0,Low friction
APL-2026-003624,2026-02-28,2026-03-03,2026-03-04,2026-03-06,2026-03-18,2026-03-19,Clinical,Standard,PAY-01,TM-02,TM-07,Closed,Upheld,14,Yes,No,Yes,2,0,RC-05,No,19.0,3,1,2,12.0,1.0,No,55,High friction
APL-2026-001447,2026-04-18,2026-04-20,2026-04-22,2026-04-23,2026-04-29,2026-04-29,Clinical,Standard,PAY-04,TM-03,TM-08,Closed,Upheld,14,No,No,No,1,0,RC-14,Yes,11.0,2,2,1,6.0,0.0,Yes,35,Moderate friction
APL-2026-000463,2026-07-06,2026-07-06,2026-07-13,2026-07-15,2026-07-28,2026-07-29,Pharmacy,Standard,PAY-05,TM-05,TM-04,Closed,Upheld,7,Yes,No,No,1,0,RC-09,No,23.0,0,7,2,13.0,1.0,No,30,Moderate friction
APL-2026-003941,2026-08-02,2026-08-02,2026-08-02,2026-08-02,2026-08-06,2026-08-10,Clinical,Standard,PAY-03,TM-07,TM-07,Closed,Upheld,14,No,Yes,No,0,0,RC-01,Yes,8.0,0,0,0,4.0,4.0,Yes,35,Moderate friction
APL-2026-001693,2026-01-07,2026-01-08,2026-01-09,2026-01-13,2026-01-21,2026-01-28,Authorization,Urgent,PAY-03,TM-04,TM-04,Closed,Upheld,7,Yes,Yes,No,0,0,RC-06,Yes,21.0,1,1,4,8.0,7.0,No,10,Low friction
APL-2026-001720,2026-06-14,2026-06-16,2026-06-22,2026-06-23,2026-07-10,2026-07-10,Administrative,Urgent,PAY-03,TM-07,TM-07,Closed,Overturned,7,Yes,Yes,Yes,0,0,RC-02,Yes,26.0,2,6,1,17.0,0.0,No,15,Low friction
APL-2026-000644,2026-04-25,2026-04-27,2026-04-27,2026-04-28,2026-04-29,2026-05-01,Administrative,Standard,PAY-04,TM-01,TM-01,Closed,Overturned,30,Yes,No,No,0,0,RC-07,Yes,6.0,2,0,1,1.0,2.0,Yes,0,Low friction
APL-2026-000620,2026-07-31,2026-08-04,2026-08-06,2026-08-06,2026-08-11,2026-08-18,Clinical,Standard,PAY-03,TM-07,TM-07,Closed,Upheld,14,No,No,No,0,0,RC-01,Yes,18.0,4,2,0,5.0,7.0,No,35,Moderate friction
APL-2026-000652,2026-08-04,2026-08-04,2026-08-06,2026-08-07,2026-08-10,2026-08-12,Clinical,Standard,PAY-03,TM-07,TM-07,Closed,Upheld,14,Yes,No,No,0,0,RC-01,Yes,8.0,0,2,1,3.0,2.0,Yes,0,Low friction
APL-2026-000254,2026-03-16,2026-03-17,2026-03-18,2026-03-18,2026-03-26,2026-03-26,Authorization,Standard,PAY-07,TM-04,TM-02,Closed,Overturned,7,Yes,Yes,No,1,0,RC-06,Yes,10.0,1,1,0,8.0,0.0,No,10,Low friction
APL-2026-001882,2026-04-30,2026-04-30,2026-04-30,2026-05-04,2026-06-02,2026-06-02,Pharmacy,Standard,PAY-02,TM-05,TM-05,Closed,Overturned,7,No,Yes,Yes,0,8,RC-09,Yes,33.0,0,0,4,29.0,0.0,No,60,Critical friction
APL-2026-000874,2026-05-09,2026-05-11,2026-05-12,2026-05-15,2026-06-01,2026-06-02,Clinical,Standard,PAY-05,TM-03,TM-03,Closed,Overturned,14,Yes,No,Yes,0,0,RC-07,Yes,24.0,2,1,3,17.0,1.0,No,15,Low friction
APL-2026-000467,2026-06-30,2026-07-01,2026-07-07,2026-07-07,2026-07-14,2026-07-15,Authorization,Low,PAY-04,TM-04,TM-02,Closed,Upheld,7,Yes,No,No,1,0,RC-04,No,15.0,1,6,0,7.0,1.0,No,30,Moderate friction
APL-2026-000754,2026-02-02,2026-02-03,2026-02-04,2026-02-05,2026-02-18,2026-02-20,Clinical,Standard,PAY-06,TM-07,TM-03,Closed,Partially Overturned,14,Yes,No,Yes,1,0,RC-03,Yes,18.0,1,1,1,13.0,2.0,No,25,Moderate friction
APL-2026-003488,2026-08-29,2026-08-29,2026-08-29,2026-09-02,2026-09-04,2026-09-11,Clinical,Standard,PAY-05,TM-02,TM-02,Closed,Overturned,14,Yes,No,No,0,0,RC-05,Yes,13.0,0,0,4,2.0,7.0,Yes,10,Low friction
APL-2026-000942,2026-06-06,2026-06-08,2026-06-08,2026-06-09,2026-06-24,2026-06-24,Administrative,Urgent,PAY-03,TM-07,TM-07,Closed,Upheld,7,Yes,No,No,0,0,RC-14,Yes,18.0,2,0,1,15.0,0.0,No,0,Low friction
APL-2026-000883,2026-07-29,2026-07-29,2026-07-31,2026-08-03,2026-08-10,2026-08-10,Clinical,Standard,PAY-02,TM-02,TM-02,Closed,Upheld,14,No,No,No,0,2,RC-06,Yes,12.0,0,2,3,7.0,0.0,Yes,25,Moderate friction
APL-2026-000292,2026-08-31,2026-08-31,2026-09-02,2026-09-03,2026-09-07,2026-09-07,Authorization,Standard,PAY-07,TM-04,TM-04,Closed,Overturned,7,Yes,No,No,0,0,RC-03,Yes,7.0,0,2,1,4.0,0.0,Yes,0,Low friction
APL-2026-000234,2026-08-15,2026-08-18,2026-08-20,2026-08-21,2026-09-11,2026-09-14,Authorization,Standard,PAY-01,TM-04,TM-04,Closed,Upheld,7,No,No,Yes,0,8,RC-05,Yes,30.0,3,2,1,21.0,3.0,No,70,Critical friction
APL-2026-002790,2026-04-22,2026-04-24,2026-04-24,2026-04-24,2026-04-30,2026-04-30,Administrative,Standard,PAY-01,TM-01,TM-01,Closed,Upheld,30,Yes,No,No,0,0,RC-11,Yes,8.0,2,0,0,6.0,0.0,Yes,0,Low friction
APL-2026-003940,2026-09-18,2026-09-18,2026-09-24,2026-09-29,,,Authorization,Standard,PAY-01,TM-04,TM-04,Pending Information,,7,Yes,Yes,No,0,0,RC-04,Yes,,0,6,5,,,,0,Low friction
APL-2026-003280,2026-09-06,2026-09-07,2026-09-11,2026-09-15,2026-09-22,2026-09-22,Administrative,Urgent,PAY-03,TM-07,TM-07,Closed,Upheld,7,Yes,No,No,0,0,RC-01,Yes,16.0,1,4,4,7.0,0.0,No,0,Low friction
APL-2026-001305,2026-03-10,2026-03-10,2026-03-16,2026-03-17,2026-04-01,2026-04-01,Clinical,Low,PAY-01,TM-03,TM-03,Closed,Overturned,14,Yes,No,Yes,0,0,RC-01,Yes,22.0,0,6,1,15.0,0.0,No,15,Low friction
APL-2026-001767,2026-04-03,2026-04-03,2026-04-07,2026-04-08,2026-04-10,2026-04-13,Clinical,Standard,PAY-02,TM-02,TM-02,Closed,Overturned,14,Yes,No,No,0,0,RC-06,Yes,10.0,0,4,1,2.0,3.0,Yes,10,Low friction
APL-2026-001519,2026-04-17,2026-04-17,2026-04-17,2026-04-17,2026-04-21,2026-04-21,Authorization,Standard,PAY-03,TM-04,TM-04,Closed,Overturned,7,Yes,No,No,0,0,RC-09,Yes,4.0,0,0,0,4.0,0.0,Yes,0,Low friction
APL-2026-002272,2026-07-27,2026-07-28,2026-07-28,2026-07-29,2026-08-18,2026-08-18,Authorization,Standard,PAY-01,TM-04,TM-04,Closed,Upheld,7,No,No,No,0,10,RC-01,Yes,22.0,1,0,1,20.0,0.0,No,45,High friction
APL-2026-003473,2026-01-16,2026-01-16,2026-01-16,2026-01-16,2026-01-30,2026-02-06,Administrative,Standard,PAY-04,TM-01,TM-01,Closed,Upheld,30,Yes,Yes,No,0,0,RC-06,Yes,21.0,0,0,0,14.0,7.0,Yes,10,Low friction
APL-2026-002098,2026-07-12,2026-07-14,2026-07-15,2026-07-17,2026-07-20,2026-07-22,Pharmacy,Standard,PAY-02,TM-05,TM-05,Closed,Upheld,7,Yes,No,No,0,0,RC-03,Yes,10.0,2,1,2,3.0,2.0,No,0,Low friction
APL-2026-002834,2026-07-06,2026-07-07,2026-07-08,2026-07-10,2026-07-17,2026-07-20,Authorization,Standard,PAY-07,TM-04,TM-04,Closed,Upheld,7,Yes,No,No,0,0,RC-06,Yes,14.0,1,1,2,7.0,3.0,No,10,Low friction
APL-2026-003132,2026-08-17,2026-08-17,2026-08-18,2026-08-18,2026-08-19,2026-08-19,Authorization,Urgent,PAY-02,TM-04,TM-04,Closed,Upheld,7,No,No,No,0,0,RC-01,Yes,2.0,0,1,0,1.0,0.0,Yes,25,Moderate friction
APL-2026-002418,2026-08-03,2026-08-05,2026-08-07,2026-08-10,2026-08-14,2026-08-17,Administrative,Standard,PAY-01,TM-01,TM-01,Closed,Upheld,30,Yes,No,No,0,0,RC-07,Yes,14.0,2,2,3,4.0,3.0,Yes,10,Low friction
APL-2026-002026,2026-01-01,2026-01-01,2026-01-07,2026-01-07,2026-01-15,2026-01-16,Administrative,Urgent,PAY-02,TM-01,TM-01,Closed,Partially Overturned,7,Yes,No,No,0,0,RC-02,Yes,15.0,0,6,0,8.0,1.0,No,0,Low friction
APL-2026-001486,2026-05-06,2026-05-06,2026-05-08,2026-05-08,2026-05-13,2026-05-15,Clinical,Low,PAY-02,TM-03,TM-02,Closed,Upheld,14,Yes,No,No,1,0,RC-04,No,9.0,0,2,0,5.0,2.0,Yes,30,Moderate friction
APL-2026-001242,2026-03-05,2026-03-09,2026-03-13,2026-03-16,2026-03-18,2026-03-18,Clinical,Low,PAY-02,TM-02,TM-02,Closed,Upheld,14,Yes,No,No,0,0,RC-01,Yes,13.0,4,4,3,2.0,0.0,Yes,0,Low friction
APL-2026-000535,2026-04-12,2026-04-12,2026-04-14,2026-04-15,2026-04-20,2026-04-20,Authorization,Standard,PAY-04,TM-04,TM-04,Closed,Upheld,7,Yes,No,Yes,0,0,RC-09,Yes,8.0,0,2,1,5.0,0.0,No,15,Low friction
APL-2026-002677,2026-03-28,2026-03-28,2026-04-02,2026-04-07,2026-04-13,2026-04-14,Pharmacy,Urgent,PAY-02,TM-05,TM-05,Closed,Upheld,7,Yes,No,No,0,0,RC-01,Yes,17.0,0,5,5,6.0,1.0,No,0,Low friction
APL-2026-002977,2026-01-29,2026-01-29,2026-02-03,2026-02-04,2026-03-02,2026-03-02,Clinical,Urgent,PAY-03,TM-07,TM-08,Closed,Partially Overturned,7,No,No,No,3,9,RC-12,No,32.0,0,5,1,26.0,0.0,No,95,Critical friction
APL-2026-002629,2026-06-09,2026-06-09,2026-06-11,2026-06-15,2026-06-18,2026-06-19,Authorization,Standard,PAY-01,TM-04,TM-04,Closed,Overturned,7,Yes,No,No,0,0,RC-05,Yes,10.0,0,2,4,3.0,1.0,No,0,Low friction
APL-2026-000526,2026-03-24,2026-03-25,2026-03-25,2026-03-27,2026-03-30,2026-03-31,Administrative,Standard,PAY-06,TM-07,TM-07,Closed,Upheld,30,Yes,No,No,0,0,RC-02,Yes,7.0,1,0,2,3.0,1.0,Yes,0,Low friction
APL-2026-001426,2026-03-17,2026-03-17,2026-03-19,2026-03-20,2026-03-30,2026-03-30,Clinical,Urgent,PAY-03,TM-07,TM-07,Closed,Upheld,7,Yes,Yes,No,0,0,RC-13,Yes,13.0,0,2,1,10.0,0.0,No,0,Low friction
APL-2026-001081,2026-05-21,2026-05-21,2026-05-25,2026-05-26,2026-06-09,2026-06-10,Claims Payment,Standard,PAY-03,TM-07,TM-04,Closed,Upheld,30,No,No,No,1,5,RC-08,Yes,20.0,0,4,1,14.0,1.0,Yes,35,Moderate friction
APL-2026-002448,2026-01-10,2026-01-12,2026-01-12,2026-01-13,2026-01-20,2026-01-21,Authorization,Standard,PAY-04,TM-04,TM-04,Closed,Upheld,7,Yes,No,No,0,0,RC-05,Yes,11.0,2,0,1,7.0,1.0,No,0,Low friction
APL-2026-003234,2026-08-16,2026-08-17,2026-08-18,2026-08-19,2026-08-26,2026-08-26,Authorization,Low,PAY-01,TM-04,TM-04,Closed,Upheld,7,Yes,No,No,0,0,RC-13,Yes,10.0,1,1,1,7.0,0.0,No,0,Low friction
APL-2026-003590,2026-02-28,2026-03-02,2026-03-04,2026-03-04,2026-03-11,2026-03-12,Authorization,Low,PAY-06,TM-04,TM-04,Closed,Upheld,7,No,No,No,0,4,RC-01,Yes,12.0,2,2,0,7.0,1.0,No,25,Moderate friction
APL-2026-002876,2026-08-25,2026-08-26,2026-08-27,2026-08-28,2026-09-01,2026-09-02,Clinical,Standard,PAY-06,TM-07,TM-07,Closed,Upheld,14,Yes,No,No,0,0,RC-03,Yes,8.0,1,1,1,4.0,1.0,Yes,0,Low friction
APL-2026-003409,2026-09-26,2026-09-28,2026-09-29,2026-09-30,,,Pharmacy,Low,PAY-03,TM-05,TM-05,Pending Information,,7,No,No,No,0,5,RC-12,Yes,,2,1,1,,,,25,Moderate friction
APL-2026-003110,2026-05-30,2026-06-02,2026-06-10,2026-06-10,2026-06-23,2026-06-24,Clinical,Urgent,PAY-03,TM-07,TM-06,Closed,Upheld,7,No,Yes,No,2,0,RC-05,No,25.0,3,8,0,13.0,1.0,No,65,Critical friction
APL-2026-000590,2026-04-17,2026-04-17,2026-04-21,2026-04-22,2026-04-24,2026-04-24,Clinical,Standard,PAY-06,TM-07,TM-07,Closed,Overturned,14,Yes,No,No,0,0,RC-05,Yes,7.0,0,4,1,2.0,0.0,Yes,0,Low friction
APL-2026-000674,2026-08-01,2026-08-03,2026-08-03,2026-08-04,2026-08-05,2026-08-05,Authorization,Low,PAY-03,TM-04,TM-04,Closed,Overturned,7,Yes,No,No,0,0,RC-02,Yes,4.0,2,0,1,1.0,0.0,Yes,0,Low friction
APL-2026-003987,2026-09-04,2026-09-08,2026-09-08,2026-09-09,2026-09-10,2026-09-14,Clinical,Standard,PAY-03,TM-07,TM-07,Closed,Upheld,14,Yes,No,No,0,0,RC-11,Yes,10.0,4,0,1,1.0,4.0,Yes,10,Low friction
APL-2026-002155,2026-01-14,2026-01-14,2026-01-15,2026-01-15,2026-01-26,2026-01-26,Administrative,Low,PAY-01,TM-01,TM-01,Closed,Upheld,30,Yes,No,No,0,0,RC-13,Yes,12.0,0,1,0,11.0,0.0,Yes,0,Low friction
APL-2026-001347,2026-01-11,2026-01-11,2026-01-15,2026-01-16,2026-01-27,2026-01-29,Clinical,Standard,PAY-06,TM-07,TM-07,Closed,Upheld,14,No,No,No,0,5,RC-12,Yes,18.0,0,4,1,11.0,2.0,No,25,Moderate friction
APL-2026-001376,2026-08-01,2026-08-03,2026-08-04,2026-08-04,2026-08-25,2026-08-25,Clinical,Standard,PAY-06,TM-07,TM-05,Closed,Upheld,14,No,No,Yes,1,6,RC-04,Yes,24.0,2,1,0,21.0,0.0,No,70,Critical friction
APL-2026-000836,2026-03-23,2026-03-24,2026-03-30,2026-04-02,2026-04-10,2026-04-10,Clinical,Urgent,PAY-04,TM-03,TM-03,Closed,Partially Overturned,7,No,No,No,0,0,RC-03,Yes,18.0,1,6,3,8.0,0.0,No,25,Moderate friction
APL-2026-000252,2026-04-11,2026-04-14,2026-04-15,2026-04-20,2026-04-23,2026-04-24,Clinical,Standard,PAY-06,TM-07,TM-07,Closed,Overturned,14,No,No,No,0,1,RC-01,Yes,13.0,3,1,5,3.0,1.0,Yes,25,Moderate friction
APL-2026-000667,2026-04-04,2026-04-04,2026-04-06,2026-04-06,2026-04-08,2026-04-09,Claims Payment,Low,PAY-01,TM-01,TM-01,Closed,Overturned,30,Yes,No,No,0,0,RC-06,Yes,5.0,0,2,0,2.0,1.0,Yes,0,Low friction
APL-2026-002210,2026-05-06,2026-05-06,2026-05-06,2026-05-11,2026-05-12,2026-05-13,Clinical,Standard,PAY-01,TM-02,TM-02,Closed,Overturned,14,Yes,No,No,0,0,RC-14,Yes,7.0,0,0,5,1.0,1.0,Yes,0,Low friction
APL-2026-001872,2026-01-08,2026-01-08,2026-01-09,2026-01-09,2026-01-14,2026-01-15,Clinical,Standard,PAY-02,TM-03,TM-03,Closed,Partially Overturned,14,Yes,No,No,0,0,RC-02,Yes,7.0,0,1,0,5.0,1.0,Yes,0,Low friction
APL-2026-000391,2026-06-16,2026-06-16,2026-06-22,2026-06-22,2026-06-23,2026-06-23,Clinical,Standard,PAY-07,TM-03,TM-03,Closed,Partially Overturned,14,Yes,No,No,0,0,RC-02,Yes,7.0,0,6,0,1.0,0.0,Yes,0,Low friction
APL-2026-001468,2026-06-04,2026-06-08,2026-06-09,2026-06-10,2026-06-16,2026-06-23,Authorization,Standard,PAY-02,TM-04,TM-04,Closed,Partially Overturned,7,Yes,No,No,0,0,RC-03,Yes,19.0,4,1,1,6.0,7.0,No,10,Low friction
APL-2026-003403,2026-09-02,2026-09-02,2026-09-04,2026-09-08,2026-09-10,2026-09-11,Claims Payment,Low,PAY-04,TM-01,TM-01,Closed,Overturned,30,Yes,No,No,0,0,RC-12,Yes,9.0,0,2,4,2.0,1.0,Yes,0,Low friction
APL-2026-001363,2026-01-28,2026-01-28,2026-01-29,2026-01-30,2026-02-02,2026-02-02,Authorization,Standard,PAY-06,TM-04,TM-04,Closed,Upheld,7,Yes,No,No,0,0,RC-05,Yes,5.0,0,1,1,3.0,0.0,Yes,0,Low friction
APL-2026-000795,2026-05-12,2026-05-13,2026-05-15,2026-05-18,2026-05-21,2026-05-21,Authorization,Urgent,PAY-06,TM-04,TM-04,Closed,Upheld,7,Yes,No,No,0,0,RC-01,Yes,9.0,1,2,3,3.0,0.0,No,0,Low friction
APL-2026-001985,2026-06-19,2026-06-19,2026-06-22,2026-06-23,2026-06-24,2026-06-24,Authorization,Standard,PAY-04,TM-04,TM-04,Closed,Partially Overturned,7,Yes,No,No,0,0,RC-01,Yes,5.0,0,3,1,1.0,0.0,Yes,0,Low friction
APL-2026-001934,2026-09-08,2026-09-10,2026-09-10,2026-09-11,2026-09-15,2026-09-15,Clinical,Low,PAY-04,TM-03,TM-03,Closed,Overturned,14,Yes,No,No,0,0,RC-04,Yes,7.0,2,0,1,4.0,0.0,Yes,0,Low friction
APL-2026-002105,2026-01-20,2026-01-22,2026-01-28,2026-01-28,2026-03-09,2026-03-10,Administrative,Standard,PAY-02,TM-01,TM-01,Closed,Upheld,30,No,No,Yes,0,12,RC-07,Yes,49.0,2,6,0,40.0,1.0,No,60,Critical friction
APL-2026-002717,2026-02-23,2026-02-25,2026-02-27,2026-03-03,2026-03-06,2026-03-09,Authorization,Standard,PAY-01,TM-04,TM-04,Closed,Overturned,7,Yes,No,No,0,0,RC-02,Yes,14.0,2,2,4,3.0,3.0,No,10,Low friction
APL-2026-000682,2026-03-08,2026-03-08,2026-03-09,2026-03-11,2026-03-20,2026-03-23,Clinical,Standard,PAY-07,TM-03,TM-03,Closed,Upheld,14,Yes,No,No,0,0,RC-04,Yes,15.0,0,1,2,9.0,3.0,No,10,Low friction
APL-2026-002852,2026-09-23,2026-09-23,2026-09-24,2026-09-28,,,Authorization,Standard,PAY-04,TM-04,TM-01,Escalated,,7,No,No,No,1,15,RC-05,Yes,,0,1,4,,,,55,High friction
APL-2026-001206,2026-07-18,2026-07-21,2026-07-21,2026-07-22,2026-07-27,2026-07-29,Clinical,Standard,PAY-01,TM-02,TM-02,Closed,Upheld,14,Yes,No,No,0,0,RC-01,Yes,11.0,3,0,1,5.0,2.0,Yes,0,Low friction
APL-2026-001078,2026-08-10,2026-08-10,2026-08-12,2026-08-17,2026-08-21,2026-08-21,Pharmacy,Standard,PAY-02,TM-05,TM-05,Closed,Upheld,7,Yes,No,No,0,0,RC-07,Yes,11.0,0,2,5,4.0,0.0,No,0,Low friction
APL-2026-003474,2026-03-31,2026-03-31,2026-04-07,2026-04-10,2026-04-29,2026-04-29,Authorization,Low,PAY-05,TM-04,TM-06,Closed,Upheld,7,No,Yes,No,2,0,RC-04,No,29.0,0,7,3,19.0,0.0,No,65,Critical friction
APL-2026-003874,2026-03-23,2026-03-23,2026-03-24,2026-03-26,2026-04-03,2026-04-07,Pharmacy,Low,PAY-02,TM-05,TM-05,Closed,Partially Overturned,7,Yes,No,No,0,0,RC-05,Yes,15.0,0,1,2,8.0,4.0,No,10,Low friction
APL-2026-002395,2026-06-06,2026-06-06,2026-06-10,2026-06-10,2026-07-10,2026-07-13,Authorization,Standard,PAY-05,TM-04,TM-07,Closed,Partially Overturned,7,No,No,No,1,6,RC-04,No,37.0,0,4,0,30.0,3.0,No,85,Critical friction
APL-2026-000152,2026-08-17,2026-08-18,2026-08-19,2026-08-20,2026-08-27,2026-08-31,Administrative,Standard,PAY-03,TM-07,TM-07,Closed,Upheld,30,Yes,No,No,0,0,RC-11,Yes,14.0,1,1,1,7.0,4.0,Yes,10,Low friction
APL-2026-001525,2026-07-27,2026-07-28,2026-07-30,2026-08-03,2026-08-07,2026-08-10,Authorization,Urgent,PAY-03,TM-04,TM-04,Closed,Partially Overturned,7,Yes,No,No,0,0,RC-10,Yes,14.0,1,2,4,4.0,3.0,No,10,Low friction
APL-2026-003711,2026-02-12,2026-02-13,2026-02-16,2026-02-19,2026-02-25,2026-02-25,Clinical,Low,PAY-02,TM-02,TM-02,Closed,Upheld,14,No,No,No,0,3,RC-12,Yes,13.0,1,3,3,6.0,0.0,Yes,25,Moderate friction
APL-2026-000828,2026-04-07,2026-04-07,2026-04-07,2026-04-08,2026-04-14,2026-04-14,Administrative,Urgent,PAY-01,TM-01,TM-01,Closed,Upheld,7,Yes,No,No,0,0,RC-04,Yes,7.0,0,0,1,6.0,0.0,Yes,0,Low friction
APL-2026-001255,2026-08-07,2026-08-10,2026-08-12,2026-08-13,2026-08-26,2026-08-26,Administrative,Urgent,PAY-01,TM-01,TM-02,Closed,Upheld,7,Yes,No,No,2,0,RC-01,No,19.0,3,2,1,13.0,0.0,No,40,High friction
APL-2026-000525,2026-07-29,2026-07-30,2026-07-30,2026-07-30,2026-08-05,2026-08-05,Claims Payment,Standard,PAY-01,TM-01,TM-01,Closed,Overturned,30,Yes,No,No,0,0,RC-14,Yes,7.0,1,0,0,6.0,0.0,Yes,0,Low friction
APL-2026-001266,2026-02-10,2026-02-10,2026-02-12,2026-02-13,2026-02-27,2026-03-03,Clinical,Standard,PAY-01,TM-02,TM-08,Closed,Upheld,14,No,No,No,1,6,RC-01,Yes,21.0,0,2,1,14.0,4.0,No,65,Critical friction
APL-2026-002070,2026-07-18,2026-07-20,2026-07-22,2026-07-23,2026-07-31,2026-08-04,Clinical,Urgent,PAY-03,TM-07,TM-07,Closed,Upheld,7,Yes,No,No,0,0,RC-06,Yes,17.0,2,2,1,8.0,4.0,No,10,Low friction
APL-2026-000406,2026-05-28,2026-05-28,2026-06-02,2026-06-05,2026-06-16,2026-06-16,Clinical,Urgent,PAY-06,TM-07,TM-06,Closed,Upheld,7,Yes,Yes,No,2,0,RC-04,No,19.0,0,5,3,11.0,0.0,No,40,High friction
APL-2026-000258,2026-07-06,2026-07-07,2026-07-08,2026-07-10,2026-07-30,2026-07-30,Clinical,Standard,PAY-03,TM-07,TM-07,Closed,Overturned,14,Yes,No,No,0,0,RC-01,Yes,24.0,1,1,2,20.0,0.0,No,0,Low friction
APL-2026-003862,2026-01-13,2026-01-13,2026-01-14,2026-01-14,2026-01-15,2026-01-15,Clinical,Standard,PAY-05,TM-03,TM-03,Closed,Overturned,14,Yes,No,No,0,0,RC-02,Yes,2.0,0,1,0,1.0,0.0,Yes,0,Low friction
APL-2026-002749,2026-02-01,2026-02-01,2026-02-03,2026-02-04,2026-02-11,2026-02-12,Clinical,Standard,PAY-01,TM-03,TM-05,Closed,Overturned,14,Yes,No,No,1,0,RC-10,Yes,11.0,0,2,1,7.0,1.0,Yes,10,Low friction
APL-2026-002437,2026-07-14,2026-07-16,2026-07-21,2026-07-22,2026-08-11,2026-08-12,Authorization,Standard,PAY-04,TM-04,TM-06,Closed,Upheld,7,Yes,No,Yes,2,0,RC-07,No,29.0,2,5,1,20.0,1.0,No,55,High friction
APL-2026-000186,2026-02-05,2026-02-06,2026-02-09,2026-02-10,2026-02-20,2026-02-20,Authorization,Standard,PAY-04,TM-04,TM-04,Closed,Overturned,7,Yes,No,No,0,0,RC-01,Yes,15.0,1,3,1,10.0,0.0,No,0,Low friction
APL-2026-002092,2026-09-12,2026-09-14,2026-09-16,2026-09-21,2026-09-23,2026-09-24,Administrative,Standard,PAY-02,TM-01,TM-01,Closed,Upheld,30,Yes,No,No,0,0,RC-10,Yes,12.0,2,2,5,2.0,1.0,Yes,0,Low friction
APL-2026-000474,2026-05-27,2026-05-27,2026-05-28,2026-05-29,2026-06-04,2026-06-04,Administrative,Standard,PAY-03,TM-07,TM-07,Closed,Upheld,30,Yes,No,No,0,0,RC-10,Yes,8.0,0,1,1,6.0,0.0,Yes,0,Low friction
APL-2026-002901,2026-01-14,2026-01-14,2026-01-20,2026-01-21,2026-01-28,2026-01-29,Pharmacy,Low,PAY-01,TM-05,TM-05,Closed,Upheld,7,Yes,No,No,0,0,RC-10,Yes,15.0,0,6,1,7.0,1.0,No,0,Low friction
APL-2026-000813,2026-07-30,2026-07-31,2026-08-04,2026-08-04,2026-08-06,2026-08-06,Administrative,Standard,PAY-02,TM-01,TM-01,Closed,Overturned,30,Yes,No,No,0,0,RC-04,Yes,7.0,1,4,0,2.0,0.0,Yes,0,Low friction
APL-2026-002389,2026-03-28,2026-03-31,2026-04-02,2026-04-02,2026-04-10,2026-04-10,Pharmacy,Low,PAY-06,TM-05,TM-05,Closed,Overturned,7,Yes,No,No,0,0,RC-01,Yes,13.0,3,2,0,8.0,0.0,No,0,Low friction
APL-2026-001167,2026-07-26,2026-07-26,2026-07-26,2026-07-28,2026-08-03,2026-08-03,Administrative,Standard,PAY-02,TM-01,TM-01,Closed,Upheld,30,Yes,No,No,0,0,RC-11,Yes,8.0,0,0,2,6.0,0.0,Yes,0,Low friction
APL-2026-003405,2026-01-30,2026-02-02,2026-02-05,2026-02-06,2026-03-04,2026-03-05,Administrative,Standard,PAY-04,TM-01,TM-06,Closed,Upheld,30,No,Yes,No,2,5,RC-04,No,34.0,3,3,1,26.0,1.0,No,65,Critical friction
APL-2026-000365,2026-06-13,2026-06-13,2026-06-18,2026-06-19,2026-06-30,2026-07-01,Administrative,Standard,PAY-06,TM-07,TM-07,Closed,Partially Overturned,30,Yes,Yes,No,0,0,RC-03,Yes,18.0,0,5,1,11.0,1.0,Yes,0,Low friction
APL-2026-003090,2026-08-31,2026-08-31,2026-08-31,2026-09-01,2026-09-04,2026-09-04,Authorization,Standard,PAY-03,TM-04,TM-04,Closed,Upheld,7,Yes,No,No,0,0,RC-02,Yes,4.0,0,0,1,3.0,0.0,Yes,0,Low friction
APL-2026-003927,2026-07-26,2026-07-26,2026-07-30,2026-07-31,2026-08-13,2026-08-13,Pharmacy,Standard,PAY-03,TM-05,TM-05,Closed,Overturned,7,No,No,No,0,0,RC-08,Yes,18.0,0,4,1,13.0,0.0,No,25,Moderate friction
APL-2026-001859,2026-08-19,2026-08-20,2026-08-21,2026-08-21,2026-08-31,2026-08-31,Clinical,Standard,PAY-01,TM-03,TM-03,Closed,Partially Overturned,14,Yes,Yes,No,0,0,RC-04,Yes,12.0,1,1,0,10.0,0.0,Yes,0,Low friction
APL-2026-003009,2026-03-04,2026-03-06,2026-03-06,2026-03-11,2026-03-20,2026-03-27,Administrative,Standard,PAY-01,TM-01,TM-06,Closed,Upheld,30,Yes,No,No,1,0,RC-12,Yes,23.0,2,0,5,9.0,7.0,Yes,20,Moderate friction
APL-2026-002621,2026-01-13,2026-01-13,2026-01-14,2026-01-16,2026-01-23,2026-01-23,Authorization,Standard,PAY-03,TM-04,TM-04,Closed,Upheld,7,Yes,No,No,0,0,RC-07,Yes,10.0,0,1,2,7.0,0.0,No,0,Low friction
APL-2026-003394,2026-09-12,2026-09-15,2026-09-15,2026-09-16,2026-09-23,2026-09-23,Administrative,Standard,PAY-07,TM-01,TM-01,Closed,Partially Overturned,30,Yes,No,No,0,0,RC-07,Yes,11.0,3,0,1,7.0,0.0,Yes,0,Low friction
APL-2026-001351,2026-06-16,2026-06-18,2026-06-22,2026-06-24,2026-07-06,2026-07-06,Clinical,Standard,PAY-01,TM-03,TM-03,Closed,Upheld,14,Yes,No,Yes,0,0,RC-09,Yes,20.0,2,4,2,12.0,0.0,No,15,Low friction
APL-2026-002364,2026-09-06,2026-09-07,2026-09-08,2026-09-08,2026-09-10,2026-09-10,Claims Payment,Standard,PAY-04,TM-01,TM-01,Closed,Partially Overturned,30,Yes,No,No,0,0,RC-06,Yes,4.0,1,1,0,2.0,0.0,Yes,0,Low friction
APL-2026-000330,2026-06-11,2026-06-12,2026-06-15,2026-06-15,2026-06-25,2026-06-26,Clinical,Standard,PAY-01,TM-02,TM-02,Closed,Upheld,14,Yes,No,No,0,0,RC-11,Yes,15.0,1,3,0,10.0,1.0,No,0,Low friction
APL-2026-000513,2026-02-04,2026-02-05,2026-02-05,2026-02-06,2026-02-25,2026-02-26,Administrative,Standard,PAY-05,TM-01,TM-01,Closed,Partially Overturned,30,Yes,No,No,0,0,RC-14,Yes,22.0,1,0,1,19.0,1.0,Yes,0,Low friction
APL-2026-000663,2026-05-17,2026-05-18,2026-05-22,2026-05-25,2026-06-22,2026-06-23,Pharmacy,Standard,PAY-01,TM-05,TM-07,Closed,Overturned,7,No,No,Yes,1,11,RC-06,Yes,37.0,1,4,3,28.0,1.0,No,70,Critical friction
APL-2026-000346,2026-05-01,2026-05-01,2026-05-08,2026-05-08,2026-05-15,2026-05-19,Claims Payment,Standard,PAY-01,TM-01,TM-08,Closed,Upheld,30,Yes,No,No,2,0,RC-04,No,18.0,0,7,0,7.0,4.0,Yes,50,High friction
APL-2026-001604,2026-08-06,2026-08-06,2026-08-10,2026-08-12,2026-08-17,2026-08-17,Administrative,Standard,PAY-05,TM-01,TM-01,Closed,Overturned,30,Yes,No,No,0,0,RC-02,Yes,11.0,0,4,2,5.0,0.0,Yes,0,Low friction
APL-2026-000833,2026-01-13,2026-01-13,2026-01-14,2026-01-14,2026-01-15,2026-01-15,Clinical,Standard,PAY-03,TM-07,TM-07,Closed,Overturned,14,Yes,No,No,0,0,RC-11,Yes,2.0,0,1,0,1.0,0.0,Yes,0,Low friction
APL-2026-000684,2026-02-12,2026-02-13,2026-02-16,2026-02-17,2026-02-24,2026-03-03,Authorization,Urgent,PAY-04,TM-04,TM-04,Closed,Upheld,7,Yes,No,No,0,0,RC-12,Yes,19.0,1,3,1,7.0,7.0,No,10,Low friction
APL-2026-003512,2026-05-05,2026-05-05,2026-05-05,2026-05-05,2026-05-08,2026-05-12,Authorization,Standard,PAY-04,TM-04,TM-04,Closed,Upheld,7,Yes,No,No,0,0,RC-02,Yes,7.0,0,0,0,3.0,4.0,Yes,10,Low friction
APL-2026-001677,2026-07-31,2026-08-04,2026-08-05,2026-08-06,2026-08-10,2026-08-11,Authorization,Standard,PAY-04,TM-04,TM-04,Closed,Partially Overturned,7,Yes,No,No,0,0,RC-06,Yes,11.0,4,1,1,4.0,1.0,No,0,Low friction
APL-2026-003051,2026-05-06,2026-05-08,2026-05-11,2026-05-11,2026-05-20,2026-05-22,Clinical,Standard,PAY-02,TM-03,TM-03,Closed,Overturned,14,Yes,No,Yes,0,0,RC-01,Yes,16.0,2,3,0,9.0,2.0,No,15,Low friction
APL-2026-003946,2026-02-03,2026-02-04,2026-02-06,2026-02-10,2026-02-27,2026-03-03,Pharmacy,Urgent,PAY-06,TM-05,TM-05,Closed,Upheld,7,No,No,No,0,11,RC-01,Yes,28.0,1,2,4,17.0,4.0,No,55,High friction
APL-2026-003885,2026-06-22,2026-06-24,2026-06-26,2026-06-26,2026-06-29,2026-07-06,Administrative,Standard,PAY-05,TM-01,TM-01,Closed,Partially Overturned,30,Yes,No,No,0,0,RC-01,Yes,14.0,2,2,0,3.0,7.0,Yes,10,Low friction
APL-2026-000773,2026-09-06,2026-09-06,2026-09-07,2026-09-10,2026-09-22,2026-09-23,Administrative,Standard,PAY-02,TM-01,TM-01,Closed,Upheld,30,Yes,Yes,No,0,0,RC-01,Yes,17.0,0,1,3,12.0,1.0,Yes,0,Low friction
APL-2026-000067,2026-08-07,2026-08-10,2026-08-10,2026-08-10,2026-08-12,2026-08-12,Authorization,Standard,PAY-04,TM-04,TM-04,Closed,Upheld,7,Yes,No,No,0,0,RC-05,Yes,5.0,3,0,0,2.0,0.0,Yes,0,Low friction
APL-2026-003620,2026-08-14,2026-08-14,2026-08-18,2026-08-20,2026-08-25,2026-08-26,Clinical,Low,PAY-02,TM-03,TM-03,Closed,Partially Overturned,14,Yes,Yes,No,0,0,RC-03,Yes,12.0,0,4,2,5.0,1.0,Yes,0,Low friction
APL-2026-002981,2026-03-02,2026-03-02,2026-03-03,2026-03-05,2026-03-16,2026-03-17,Clinical,Standard,PAY-01,TM-03,TM-03,Closed,Partially Overturned,14,Yes,No,No,0,0,RC-01,Yes,15.0,0,1,2,11.0,1.0,No,0,Low friction
APL-2026-001716,2026-01-05,2026-01-05,2026-01-05,2026-01-07,2026-01-20,2026-01-22,Administrative,Standard,PAY-01,TM-01,TM-05,Closed,Upheld,30,Yes,No,No,1,0,RC-08,Yes,17.0,0,0,2,13.0,2.0,Yes,10,Low friction
APL-2026-003936,2026-06-23,2026-06-23,2026-06-25,2026-06-29,2026-06-30,2026-07-01,Clinical,Standard,PAY-06,TM-07,TM-07,Closed,Upheld,14,Yes,No,No,0,0,RC-02,Yes,8.0,0,2,4,1.0,1.0,Yes,0,Low friction
APL-2026-002421,2026-07-09,2026-07-10,2026-07-16,2026-07-16,2026-08-04,2026-08-04,Authorization,Standard,PAY-06,TM-04,TM-04,Closed,Partially Overturned,7,No,No,No,0,9,RC-07,Yes,26.0,1,6,0,19.0,0.0,No,45,High friction
APL-2026-002692,2026-01-10,2026-01-10,2026-01-20,2026-01-22,2026-02-02,2026-02-02,Clinical,Standard,PAY-06,TM-07,TM-03,Closed,Upheld,14,No,Yes,No,2,0,RC-04,No,23.0,0,10,2,11.0,0.0,No,65,Critical friction
APL-2026-000235,2026-07-22,2026-07-23,2026-07-27,2026-07-28,2026-07-29,2026-07-29,Clinical,Urgent,PAY-05,TM-03,TM-03,Closed,Upheld,7,Yes,No,No,0,0,RC-01,Yes,7.0,1,4,1,1.0,0.0,Yes,0,Low friction
APL-2026-002857,2026-06-05,2026-06-05,2026-06-09,2026-06-09,2026-06-10,2026-06-11,Authorization,Standard,PAY-02,TM-04,TM-04,Closed,Overturned,7,Yes,No,No,0,0,RC-10,Yes,6.0,0,4,0,1.0,1.0,Yes,0,Low friction
APL-2026-000646,2026-01-07,2026-01-08,2026-01-12,2026-01-12,2026-01-15,2026-01-15,Clinical,Standard,PAY-04,TM-03,TM-03,Closed,Upheld,14,Yes,No,No,0,0,RC-01,Yes,8.0,1,4,0,3.0,0.0,Yes,0,Low friction
APL-2026-002466,2026-01-07,2026-01-08,2026-01-16,2026-01-20,2026-01-26,2026-02-02,Claims Payment,Low,PAY-01,TM-01,TM-07,Closed,Overturned,30,Yes,No,No,1,0,RC-04,No,26.0,1,8,4,6.0,7.0,Yes,40,High friction
APL-2026-002348,2026-07-07,2026-07-09,2026-07-15,2026-07-15,2026-07-31,2026-07-31,Clinical,Standard,PAY-01,TM-03,TM-03,Closed,Upheld,14,No,Yes,No,0,3,RC-07,Yes,24.0,2,6,0,16.0,0.0,No,25,Moderate friction
APL-2026-001667,2026-06-10,2026-06-11,2026-06-15,2026-06-16,2026-06-29,2026-06-29,Authorization,Low,PAY-03,TM-04,TM-04,Closed,Upheld,7,Yes,No,No,0,0,RC-07,Yes,19.0,1,4,1,13.0,0.0,No,0,Low friction
APL-2026-001823,2026-09-02,2026-09-02,2026-09-08,2026-09-10,2026-09-21,2026-09-22,Clinical,Standard,PAY-03,TM-07,TM-03,Closed,Overturned,14,Yes,No,No,1,0,RC-02,Yes,20.0,0,6,2,11.0,1.0,No,10,Low friction
APL-2026-002078,2026-01-28,2026-01-29,2026-02-04,2026-02-09,2026-02-13,2026-02-17,Administrative,Standard,PAY-02,TM-01,TM-01,Closed,Overturned,30,Yes,No,No,0,0,RC-04,Yes,20.0,1,6,5,4.0,4.0,Yes,10,Low friction
APL-2026-001139,2026-05-17,2026-05-19,2026-05-21,2026-05-22,2026-05-26,2026-05-26,Administrative,Standard,PAY-03,TM-07,TM-07,Closed,Partially Overturned,30,Yes,No,No,0,0,RC-05,Yes,9.0,2,2,1,4.0,0.0,Yes,0,Low friction
APL-2026-000542,2026-02-09,2026-02-09,2026-02-09,2026-02-10,2026-02-18,2026-02-18,Clinical,Low,PAY-06,TM-07,TM-07,Closed,Upheld,14,Yes,No,No,0,0,RC-05,Yes,9.0,0,0,1,8.0,0.0,Yes,0,Low friction
APL-2026-001314,2026-01-15,2026-01-15,2026-01-16,2026-01-16,2026-01-28,2026-01-28,Claims Payment,Standard,PAY-02,TM-01,TM-01,Closed,Overturned,30,Yes,No,No,0,0,RC-11,Yes,13.0,0,1,0,12.0,0.0,Yes,0,Low friction
APL-2026-003876,2026-03-26,2026-03-26,2026-03-26,2026-03-26,2026-04-15,2026-04-15,Administrative,Standard,PAY-06,TM-07,TM-07,Closed,Upheld,30,Yes,Yes,Yes,0,0,RC-03,Yes,20.0,0,0,0,20.0,0.0,Yes,15,Low friction
APL-2026-000201,2026-07-20,2026-07-21,2026-07-21,2026-07-22,2026-07-23,2026-07-24,Authorization,Standard,PAY-04,TM-04,TM-04,Closed,Overturned,7,Yes,No,No,0,0,RC-14,Yes,4.0,1,0,1,1.0,1.0,Yes,0,Low friction
APL-2026-001964,2026-02-20,2026-02-20,2026-02-23,2026-02-23,2026-02-26,2026-02-26,Authorization,Urgent,PAY-04,TM-04,TM-04,Closed,Upheld,7,No,No,No,0,0,RC-01,Yes,6.0,0,3,0,3.0,0.0,Yes,25,Moderate friction
APL-2026-001296,2026-06-02,2026-06-02,2026-06-03,2026-06-04,2026-06-05,2026-06-05,Administrative,Standard,PAY-02,TM-01,TM-01,Closed,Upheld,30,Yes,No,No,0,0,RC-02,Yes,3.0,0,1,1,1.0,0.0,Yes,0,Low friction
APL-2026-002362,2026-03-22,2026-03-22,2026-03-22,2026-03-23,2026-03-31,2026-04-07,Authorization,Standard,PAY-02,TM-04,TM-04,Closed,Upheld,7,Yes,No,No,0,0,RC-01,Yes,16.0,0,0,1,8.0,7.0,No,10,Low friction
APL-2026-000307,2026-04-09,2026-04-13,2026-04-14,2026-04-15,2026-04-27,2026-04-27,Pharmacy,Standard,PAY-03,TM-05,TM-05,Closed,Upheld,7,No,Yes,No,0,3,RC-12,Yes,18.0,4,1,1,12.0,0.0,No,25,Moderate friction
APL-2026-002989,2026-04-09,2026-04-10,2026-04-10,2026-04-14,2026-04-27,2026-04-27,Clinical,Standard,PAY-02,TM-03,TM-03,Closed,Upheld,14,No,No,No,0,5,RC-11,Yes,18.0,1,0,4,13.0,0.0,No,25,Moderate friction
APL-2026-001309,2026-09-11,2026-09-11,2026-09-11,2026-09-11,2026-09-23,2026-09-23,Claims Payment,Standard,PAY-03,TM-07,TM-01,Closed,Overturned,30,Yes,No,No,1,0,RC-02,Yes,12.0,0,0,0,12.0,0.0,Yes,10,Low friction
APL-2026-000130,2026-02-01,2026-02-02,2026-02-02,2026-02-03,2026-02-04,2026-02-06,Pharmacy,Standard,PAY-01,TM-05,TM-05,Closed,Overturned,7,Yes,No,No,0,0,RC-13,Yes,5.0,1,0,1,1.0,2.0,Yes,0,Low friction
APL-2026-000396,2026-07-16,2026-07-20,2026-07-24,2026-07-24,2026-07-27,2026-07-27,Administrative,Standard,PAY-07,TM-01,TM-01,Closed,Upheld,30,Yes,No,No,0,0,RC-12,Yes,11.0,4,4,0,3.0,0.0,Yes,0,Low friction
APL-2026-003834,2026-04-21,2026-04-21,2026-04-22,2026-04-22,2026-05-12,2026-05-12,Clinical,Urgent,PAY-01,TM-02,TM-02,Closed,Overturned,7,Yes,No,No,0,0,RC-09,Yes,21.0,0,1,0,20.0,0.0,No,0,Low friction
APL-2026-001930,2026-02-10,2026-02-10,2026-02-10,2026-02-11,2026-02-13,2026-02-16,Authorization,Standard,PAY-05,TM-04,TM-04,Closed,Overturned,7,Yes,No,No,0,0,RC-10,Yes,6.0,0,0,1,2.0,3.0,Yes,10,Low friction
APL-2026-000327,2026-08-02,2026-08-04,2026-08-05,2026-08-06,2026-08-11,2026-08-13,Clinical,Standard,PAY-02,TM-02,TM-02,Closed,Overturned,14,Yes,No,No,0,0,RC-02,Yes,11.0,2,1,1,5.0,2.0,Yes,0,Low friction
APL-2026-000192,2026-03-23,2026-03-24,2026-03-25,2026-03-25,2026-04-06,2026-04-13,Administrative,Urgent,PAY-06,TM-07,TM-07,Closed,Overturned,7,Yes,No,Yes,0,0,RC-15,Yes,21.0,1,1,0,12.0,7.0,No,25,Moderate friction
APL-2026-000723,2026-08-22,2026-08-22,2026-08-24,2026-08-24,2026-08-27,2026-08-28,Clinical,Standard,PAY-02,TM-02,TM-02,Closed,Overturned,14,Yes,No,No,0,0,RC-13,Yes,6.0,0,2,0,3.0,1.0,Yes,0,Low friction
APL-2026-003222,2026-01-14,2026-01-15,2026-01-15,2026-01-15,2026-01-27,2026-01-29,Authorization,Low,PAY-02,TM-04,TM-04,Closed,Partially Overturned,7,Yes,No,No,0,0,RC-03,Yes,15.0,1,0,0,12.0,2.0,No,0,Low friction
APL-2026-001855,2026-02-08,2026-02-10,2026-02-11,2026-02-16,2026-02-23,2026-02-23,Authorization,Standard,PAY-03,TM-04,TM-04,Closed,Upheld,7,Yes,No,No,0,0,RC-07,Yes,15.0,2,1,5,7.0,0.0,No,0,Low friction
APL-2026-000308,2026-07-04,2026-07-06,2026-07-06,2026-07-07,2026-07-21,2026-07-21,Clinical,Standard,PAY-01,TM-03,TM-03,Closed,Overturned,14,Yes,No,Yes,0,0,RC-01,Yes,17.0,2,0,1,14.0,0.0,No,15,Low friction
APL-2026-001065,2026-06-04,2026-06-08,2026-06-08,2026-06-08,2026-06-12,2026-06-15,Clinical,Standard,PAY-04,TM-03,TM-03,Closed,Upheld,14,Yes,No,No,0,0,RC-08,Yes,11.0,4,0,0,4.0,3.0,Yes,10,Low friction
APL-2026-001398,2026-09-16,2026-09-18,2026-09-18,2026-09-22,2026-09-25,2026-09-29,Administrative,Standard,PAY-06,TM-07,TM-07,Closed,Upheld,30,Yes,No,No,0,0,RC-11,Yes,13.0,2,0,4,3.0,4.0,Yes,10,Low friction
APL-2026-003042,2026-08-20,2026-08-20,2026-08-21,2026-08-25,2026-08-27,2026-08-27,Clinical,Low,PAY-03,TM-07,TM-07,Closed,Upheld,14,Yes,No,No,0,0,RC-12,Yes,7.0,0,1,4,2.0,0.0,Yes,0,Low friction
APL-2026-002969,2026-02-20,2026-02-24,2026-03-04,2026-03-04,2026-03-20,2026-03-20,Clinical,Standard,PAY-07,TM-02,TM-06,Closed,Upheld,14,No,No,No,1,5,RC-09,No,28.0,4,8,0,16.0,0.0,No,55,High friction
APL-2026-000496,2026-05-27,2026-05-27,2026-05-28,2026-06-02,2026-06-08,2026-06-08,Clinical,Low,PAY-03,TM-07,TM-07,Closed,Upheld,14,Yes,No,No,0,0,RC-02,Yes,12.0,0,1,5,6.0,0.0,Yes,0,Low friction
APL-2026-003345,2026-07-12,2026-07-12,2026-07-13,2026-07-14,2026-07-15,2026-07-16,Authorization,Urgent,PAY-03,TM-04,TM-04,Closed,Overturned,7,Yes,No,No,0,0,RC-07,Yes,4.0,0,1,1,1.0,1.0,Yes,0,Low friction
APL-2026-003081,2026-08-06,2026-08-06,2026-08-07,2026-08-11,2026-08-20,2026-08-21,Administrative,Standard,PAY-04,TM-01,TM-01,Closed,Overturned,30,Yes,No,Yes,0,0,RC-03,Yes,15.0,0,1,4,9.0,1.0,Yes,15,Low friction
APL-2026-000385,2026-01-10,2026-01-10,2026-01-10,2026-01-10,2026-01-14,2026-01-16,Clinical,Low,PAY-01,TM-02,TM-01,Closed,Upheld,14,Yes,No,No,1,0,RC-01,Yes,6.0,0,0,0,4.0,2.0,Yes,10,Low friction
APL-2026-003424,2026-01-15,2026-01-15,2026-01-16,2026-01-16,2026-01-19,2026-01-19,Authorization,Standard,PAY-07,TM-04,TM-04,Closed,Overturned,7,Yes,No,No,0,0,RC-04,Yes,4.0,0,1,0,3.0,0.0,Yes,0,Low friction
APL-2026-002701,2026-02-24,2026-02-24,2026-02-25,2026-02-27,2026-03-02,2026-03-02,Authorization,Standard,PAY-04,TM-04,TM-04,Closed,Partially Overturned,7,Yes,No,No,0,0,RC-06,Yes,6.0,0,1,2,3.0,0.0,Yes,0,Low friction
APL-2026-000583,2026-04-13,2026-04-14,2026-04-16,2026-04-16,2026-05-01,2026-05-01,Authorization,Standard,PAY-02,TM-04,TM-02,Closed,Upheld,7,Yes,Yes,No,2,0,RC-04,No,18.0,1,2,0,15.0,0.0,No,40,High friction
APL-2026-000398,2026-02-01,2026-02-02,2026-02-02,2026-02-04,2026-02-12,2026-02-13,Clinical,Standard,PAY-07,TM-02,TM-02,Closed,Upheld,14,Yes,No,No,0,0,RC-01,Yes,12.0,1,0,2,8.0,1.0,Yes,0,Low friction
APL-2026-003923,2026-04-20,2026-04-20,2026-04-21,2026-04-24,2026-05-20,2026-05-21,Clinical,Standard,PAY-01,TM-02,TM-02,Closed,Upheld,14,No,No,Yes,0,7,RC-06,Yes,31.0,0,1,3,26.0,1.0,No,60,Critical friction
APL-2026-002995,2026-05-02,2026-05-04,2026-05-04,2026-05-05,2026-05-06,2026-05-06,Claims Payment,Standard,PAY-01,TM-01,TM-01,Closed,Overturned,30,Yes,No,No,0,0,RC-01,Yes,4.0,2,0,1,1.0,0.0,Yes,0,Low friction
APL-2026-003443,2026-05-08,2026-05-11,2026-05-11,2026-05-12,2026-05-26,2026-05-27,Authorization,Low,PAY-06,TM-04,TM-04,Closed,Partially Overturned,7,Yes,No,No,0,0,RC-01,Yes,19.0,3,0,1,14.0,1.0,No,0,Low friction
APL-2026-003975,2026-08-12,2026-08-13,2026-08-17,2026-08-20,2026-08-24,2026-08-24,Pharmacy,Standard,PAY-04,TM-05,TM-05,Closed,Upheld,7,No,Yes,No,0,0,RC-01,Yes,12.0,1,4,3,4.0,0.0,No,25,Moderate friction
APL-2026-002773,2026-05-02,2026-05-04,2026-05-06,2026-05-06,2026-05-18,2026-05-20,Clinical,Standard,PAY-03,TM-07,TM-07,Closed,Upheld,14,Yes,Yes,No,0,0,RC-01,Yes,18.0,2,2,0,12.0,2.0,No,0,Low friction
APL-2026-002581,2026-06-11,2026-06-11,2026-06-17,2026-06-22,2026-06-26,2026-06-30,Clinical,Urgent,PAY-02,TM-03,TM-03,Closed,Upheld,7,Yes,No,No,0,0,RC-06,Yes,19.0,0,6,5,4.0,4.0,No,10,Low friction
APL-2026-002811,2026-05-24,2026-05-24,2026-05-27,2026-05-29,2026-06-05,2026-06-12,Claims Payment,Standard,PAY-07,TM-01,TM-06,Closed,Overturned,30,Yes,Yes,No,1,0,RC-04,No,19.0,0,3,2,7.0,7.0,Yes,40,High friction
APL-2026-001630,2026-01-01,2026-01-02,2026-01-02,2026-01-07,2026-01-29,2026-01-29,Pharmacy,Urgent,PAY-03,TM-05,TM-05,Closed,Partially Overturned,7,Yes,No,Yes,0,0,RC-01,Yes,28.0,1,0,5,22.0,0.0,No,15,Low friction
APL-2026-000162,2026-01-24,2026-01-27,2026-01-27,2026-01-29,2026-02-06,2026-02-06,Clinical,Standard,PAY-01,TM-03,TM-03,Closed,Overturned,14,Yes,No,No,0,0,RC-08,Yes,13.0,3,0,2,8.0,0.0,Yes,0,Low friction
APL-2026-001335,2026-03-11,2026-03-11,2026-03-12,2026-03-13,2026-03-24,2026-03-24,Administrative,Standard,PAY-05,TM-01,TM-02,Closed,Upheld,30,Yes,No,No,1,0,RC-13,Yes,13.0,0,1,1,11.0,0.0,Yes,10,Low friction
APL-2026-003647,2026-01-16,2026-01-20,2026-01-22,2026-01-23,2026-01-30,2026-02-02,Clinical,Low,PAY-02,TM-02,TM-01,Closed,Overturned,14,Yes,No,No,1,0,RC-09,Yes,17.0,4,2,1,7.0,3.0,No,20,Moderate friction
APL-2026-001104,2026-02-13,2026-02-17,2026-02-17,2026-02-19,2026-03-05,2026-03-12,Authorization,Standard,PAY-04,TM-04,TM-04,Closed,Upheld,7,No,No,No,0,8,RC-12,Yes,27.0,4,0,2,14.0,7.0,No,55,High friction
APL-2026-000937,2026-09-07,2026-09-07,2026-09-08,2026-09-10,2026-09-16,2026-09-18,Clinical,Low,PAY-03,TM-07,TM-07,Closed,Overturned,14,Yes,No,No,0,0,RC-15,Yes,11.0,0,1,2,6.0,2.0,Yes,0,Low friction
APL-2026-001040,2026-07-19,2026-07-19,2026-07-22,2026-07-23,2026-08-25,2026-08-26,Clinical,Standard,PAY-02,TM-03,TM-07,Closed,Upheld,14,No,No,Yes,2,12,RC-11,No,38.0,0,3,1,33.0,1.0,No,100,Critical friction
APL-2026-001367,2026-04-01,2026-04-01,2026-04-03,2026-04-06,2026-04-14,2026-04-16,Administrative,Urgent,PAY-01,TM-01,TM-01,Closed,Overturned,7,Yes,No,No,0,0,RC-05,Yes,15.0,0,2,3,8.0,2.0,No,0,Low friction
APL-2026-003122,2026-01-08,2026-01-08,2026-01-09,2026-01-12,2026-01-15,2026-01-15,Administrative,Urgent,PAY-01,TM-01,TM-01,Closed,Upheld,7,Yes,No,No,0,0,RC-10,Yes,7.0,0,1,3,3.0,0.0,Yes,0,Low friction
APL-2026-001275,2026-03-23,2026-03-23,2026-03-23,2026-03-23,2026-04-06,2026-04-07,Pharmacy,Standard,PAY-01,TM-05,TM-05,Closed,Upheld,7,No,No,No,0,2,RC-14,Yes,15.0,0,0,0,14.0,1.0,No,25,Moderate friction
APL-2026-003937,2026-04-26,2026-04-26,2026-04-26,2026-04-26,2026-04-30,2026-05-07,Administrative,Low,PAY-01,TM-01,TM-01,Closed,Overturned,30,No,No,No,0,0,RC-01,Yes,11.0,0,0,0,4.0,7.0,Yes,35,Moderate friction
APL-2026-001927,2026-01-26,2026-01-27,2026-01-28,2026-01-29,2026-02-03,2026-02-03,Administrative,Standard,PAY-04,TM-01,TM-08,Closed,Upheld,30,Yes,No,No,1,0,RC-01,Yes,8.0,1,1,1,5.0,0.0,Yes,10,Low friction
APL-2026-001950,2026-06-20,2026-06-20,2026-06-20,2026-06-23,2026-07-16,2026-07-17,Authorization,Standard,PAY-02,TM-04,TM-04,Closed,Upheld,7,No,Yes,Yes,0,10,RC-12,Yes,27.0,0,0,3,23.0,1.0,No,60,Critical friction
APL-2026-002069,2026-09-15,2026-09-15,2026-09-15,2026-09-15,2026-09-16,2026-09-18,Authorization,Standard,PAY-05,TM-04,TM-04,Closed,Upheld,7,Yes,No,No,0,0,RC-15,Yes,3.0,0,0,0,1.0,2.0,Yes,0,Low friction
APL-2026-000570,2026-09-25,2026-09-25,2026-09-25,2026-09-28,,,Authorization,Standard,PAY-07,TM-04,TM-04,Escalated,,7,No,Yes,Yes,0,10,RC-05,Yes,,0,0,3,,,,60,Critical friction
APL-2026-001160,2026-07-04,2026-07-07,2026-07-07,2026-07-08,2026-07-16,2026-07-16,Clinical,Standard,PAY-02,TM-03,TM-03,Closed,Upheld,14,Yes,No,Yes,0,0,RC-05,Yes,12.0,3,0,1,8.0,0.0,Yes,15,Low friction
APL-2026-001561,2026-04-02,2026-04-02,2026-04-02,2026-04-07,2026-04-09,2026-04-10,Authorization,Standard,PAY-03,TM-04,TM-04,Closed,Upheld,7,Yes,No,No,0,0,RC-10,Yes,8.0,0,0,5,2.0,1.0,No,0,Low friction
APL-2026-001592,2026-03-30,2026-03-31,2026-04-06,2026-04-06,2026-04-20,2026-04-20,Clinical,Urgent,PAY-03,TM-07,TM-07,Closed,Upheld,7,Yes,No,No,0,0,RC-03,Yes,21.0,1,6,0,14.0,0.0,No,0,Low friction
APL-2026-002702,2026-02-26,2026-02-26,2026-03-02,2026-03-05,2026-03-23,2026-03-23,Administrative,Low,PAY-07,TM-01,TM-01,Closed,Partially Overturned,30,Yes,No,Yes,0,0,RC-07,Yes,25.0,0,4,3,18.0,0.0,Yes,15,Low friction
APL-2026-002745,2026-03-07,2026-03-09,2026-03-11,2026-03-12,2026-03-17,2026-03-17,Administrative,Standard,PAY-03,TM-07,TM-07,Closed,Upheld,30,Yes,No,No,0,0,RC-02,Yes,10.0,2,2,1,5.0,0.0,Yes,0,Low friction
APL-2026-002082,2026-05-07,2026-05-07,2026-05-12,2026-05-12,2026-05-28,2026-05-29,Authorization,Standard,PAY-04,TM-04,TM-05,Closed,Overturned,7,Yes,No,No,3,0,RC-04,No,22.0,0,5,0,16.0,1.0,No,50,High friction
APL-2026-003183,2026-03-29,2026-03-29,2026-03-30,2026-04-01,2026-04-06,2026-04-07,Clinical,Standard,PAY-01,TM-02,TM-02,Closed,Upheld,14,Yes,No,No,0,0,RC-05,Yes,9.0,0,1,2,5.0,1.0,Yes,0,Low friction
APL-2026-003098,2026-03-30,2026-03-30,2026-03-30,2026-03-30,2026-04-01,2026-04-02,Administrative,Standard,PAY-07,TM-01,TM-01,Closed,Upheld,30,Yes,No,No,0,0,RC-04,Yes,3.0,0,0,0,2.0,1.0,Yes,0,Low friction
APL-2026-000048,2026-03-06,2026-03-10,2026-03-12,2026-03-16,2026-04-03,2026-04-03,Clinical,Standard,PAY-03,TM-07,TM-07,Closed,Upheld,14,No,No,Yes,0,5,RC-12,Yes,28.0,4,2,4,18.0,0.0,No,40,High friction
APL-2026-003247,2026-02-02,2026-02-02,2026-02-03,2026-02-03,2026-02-16,2026-02-16,Clinical,Standard,PAY-01,TM-02,TM-05,Closed,Upheld,14,No,Yes,No,1,2,RC-04,No,14.0,0,1,0,13.0,0.0,Yes,55,High friction
APL-2026-000030,2026-09-25,2026-09-28,2026-09-28,2026-09-29,,,Clinical,Low,PAY-03,TM-07,TM-07,In Review,,14,No,Yes,Yes,0,6,RC-08,Yes,,3,0,1,,,,60,Critical friction
APL-2026-001596,2026-05-06,2026-05-07,2026-05-11,2026-05-14,2026-05-20,2026-05-22,Pharmacy,Urgent,PAY-02,TM-05,TM-05,Closed,Upheld,7,Yes,No,No,0,0,RC-04,Yes,16.0,1,4,3,6.0,2.0,No,0,Low friction
APL-2026-003054,2026-06-19,2026-06-19,2026-06-22,2026-06-22,2026-06-23,2026-06-24,Administrative,Low,PAY-06,TM-07,TM-07,Closed,Overturned,30,Yes,No,No,0,0,RC-04,Yes,5.0,0,3,0,1.0,1.0,Yes,0,Low friction
APL-2026-001926,2026-09-23,2026-09-23,2026-09-23,2026-09-23,2026-09-29,2026-09-29,Authorization,Standard,PAY-01,TM-04,TM-04,Closed,Upheld,7,Yes,No,No,0,0,RC-05,Yes,6.0,0,0,0,6.0,0.0,Yes,0,Low friction
APL-2026-003226,2026-02-11,2026-02-12,2026-02-23,2026-02-24,2026-03-12,2026-03-16,Administrative,Standard,PAY-03,TM-07,TM-01,Closed,Upheld,30,No,Yes,No,2,5,RC-04,No,33.0,1,11,1,16.0,4.0,No,75,Critical friction
APL-2026-000502,2026-06-16,2026-06-16,2026-06-17,2026-06-19,2026-07-01,2026-07-08,Administrative,Standard,PAY-02,TM-01,TM-01,Closed,Overturned,30,Yes,No,No,0,0,RC-04,Yes,22.0,0,1,2,12.0,7.0,Yes,10,Low friction
APL-2026-001847,2026-08-13,2026-08-14,2026-08-14,2026-08-14,2026-08-21,2026-08-21,Pharmacy,Standard,PAY-05,TM-05,TM-05,Closed,Upheld,7,No,Yes,No,0,0,RC-05,Yes,8.0,1,0,0,7.0,0.0,No,25,Moderate friction
APL-2026-002502,2026-07-21,2026-07-21,2026-07-22,2026-07-24,2026-08-07,2026-08-07,Authorization,Urgent,PAY-07,TM-04,TM-04,Closed,Partially Overturned,7,No,No,No,0,8,RC-10,Yes,17.0,0,1,2,14.0,0.0,No,45,High friction
APL-2026-003694,2026-01-20,2026-01-22,2026-01-28,2026-01-28,2026-02-06,2026-02-09,Clinical,Standard,PAY-07,TM-03,TM-01,Closed,Upheld,14,No,No,No,1,0,RC-04,No,20.0,2,6,0,9.0,3.0,No,65,Critical friction
APL-2026-001269,2026-07-31,2026-07-31,2026-07-31,2026-07-31,2026-08-28,2026-08-28,Clinical,Standard,PAY-01,TM-02,TM-02,Closed,Upheld,14,Yes,No,No,0,0,RC-08,Yes,28.0,0,0,0,28.0,0.0,No,0,Low friction
APL-2026-002559,2026-08-17,2026-08-17,2026-08-21,2026-08-21,2026-09-16,2026-09-16,Clinical,Standard,PAY-02,TM-02,TM-02,Closed,Upheld,14,No,No,Yes,0,15,RC-04,Yes,30.0,0,4,0,26.0,0.0,No,60,Critical friction
APL-2026-001857,2026-05-13,2026-05-15,2026-05-18,2026-05-19,2026-05-21,2026-05-22,Authorization,Standard,PAY-03,TM-04,TM-04,Closed,Overturned,7,Yes,No,No,0,0,RC-03,Yes,9.0,2,3,1,2.0,1.0,No,0,Low friction
APL-2026-003231,2026-07-13,2026-07-13,2026-07-14,2026-07-17,2026-07-20,2026-07-21,Administrative,Standard,PAY-01,TM-01,TM-01,Closed,Upheld,30,Yes,No,No,0,0,RC-01,Yes,8.0,0,1,3,3.0,1.0,Yes,0,Low friction
APL-2026-002579,2026-09-05,2026-09-08,2026-09-09,2026-09-09,2026-09-10,2026-09-14,Authorization,Standard,PAY-03,TM-04,TM-04,Closed,Upheld,7,Yes,No,No,0,0,RC-08,Yes,9.0,3,1,0,1.0,4.0,No,10,Low friction
APL-2026-001863,2026-05-21,2026-05-21,2026-05-21,2026-05-21,2026-05-29,2026-06-02,Administrative,Standard,PAY-01,TM-01,TM-01,Closed,Overturned,30,Yes,No,No,0,0,RC-04,Yes,12.0,0,0,0,8.0,4.0,Yes,10,Low friction
APL-2026-001795,2026-04-05,2026-04-07,2026-04-08,2026-04-08,2026-04-24,2026-04-27,Pharmacy,Standard,PAY-03,TM-05,TM-05,Closed,Upheld,7,No,No,No,0,9,RC-12,Yes,22.0,2,1,0,16.0,3.0,No,55,High friction
APL-2026-003538,2026-05-23,2026-05-25,2026-05-28,2026-05-29,2026-06-04,2026-06-04,Administrative,Standard,PAY-01,TM-01,TM-07,Closed,Upheld,30,Yes,No,No,1,0,RC-03,No,12.0,2,3,1,6.0,0.0,Yes,30,Moderate friction
APL-2026-002971,2026-06-13,2026-06-16,2026-06-16,2026-06-16,2026-07-01,2026-07-02,Clinical,Urgent,PAY-03,TM-07,TM-07,Closed,Upheld,7,No,No,No,0,7,RC-01,Yes,19.0,3,0,0,15.0,1.0,No,45,High friction
APL-2026-002550,2026-01-20,2026-01-20,2026-01-27,2026-01-28,2026-02-10,2026-02-10,Claims Payment,Standard,PAY-07,TM-01,TM-02,Closed,Partially Overturned,30,Yes,No,No,1,0,RC-09,No,21.0,0,7,1,13.0,0.0,Yes,30,Moderate friction
APL-2026-000433,2026-09-18,2026-09-21,2026-09-21,2026-09-22,,,Pharmacy,Standard,PAY-04,TM-05,TM-02,Escalated,,7,Yes,No,No,1,0,RC-03,Yes,,3,0,1,,,,10,Low friction
APL-2026-002302,2026-02-07,2026-02-07,2026-02-09,2026-02-12,2026-02-17,2026-02-17,Administrative,Standard,PAY-01,TM-01,TM-03,Closed,Upheld,30,Yes,No,No,1,0,RC-06,Yes,10.0,0,2,3,5.0,0.0,Yes,10,Low friction
APL-2026-000997,2026-09-28,2026-09-28,2026-09-29,2026-09-30,,,Administrative,Urgent,PAY-05,TM-01,TM-01,In Review,,7,Yes,No,Yes,0,0,RC-02,Yes,,0,1,1,,,,15,Low friction
APL-2026-003822,2026-01-02,2026-01-06,2026-01-09,2026-01-14,2026-01-27,2026-01-27,Administrative,Standard,PAY-05,TM-01,TM-05,Closed,Partially Overturned,30,No,Yes,No,2,0,RC-04,No,25.0,4,3,5,13.0,0.0,Yes,65,Critical friction
APL-2026-003734,2026-01-23,2026-01-26,2026-01-28,2026-01-28,2026-02-06,2026-02-06,Administrative,Standard,PAY-01,TM-01,TM-01,Closed,Overturned,30,Yes,No,No,0,0,RC-10,Yes,14.0,3,2,0,9.0,0.0,Yes,0,Low friction
APL-2026-003602,2026-05-23,2026-05-23,2026-05-23,2026-05-23,2026-06-01,2026-06-03,Clinical,Standard,PAY-06,TM-07,TM-07,Closed,Upheld,14,Yes,No,Yes,0,0,RC-11,Yes,11.0,0,0,0,9.0,2.0,Yes,15,Low friction
APL-2026-002828,2026-03-08,2026-03-09,2026-03-11,2026-03-13,2026-04-07,2026-04-08,Administrative,Standard,PAY-01,TM-01,TM-01,Closed,Partially Overturned,30,No,No,No,0,10,RC-05,Yes,31.0,1,2,2,25.0,1.0,No,45,High friction
APL-2026-000367,2026-04-21,2026-04-21,2026-04-22,2026-04-27,2026-04-29,2026-04-29,Clinical,Standard,PAY-04,TM-02,TM-02,Closed,Upheld,14,Yes,No,No,0,0,RC-09,Yes,8.0,0,1,5,2.0,0.0,Yes,0,Low friction
APL-2026-001077,2026-09-05,2026-09-07,2026-09-09,2026-09-11,2026-09-29,2026-09-29,Clinical,Standard,PAY-01,TM-03,TM-03,Closed,Upheld,14,No,No,No,0,1,RC-05,Yes,24.0,2,2,2,18.0,0.0,No,25,Moderate friction
APL-2026-001079,2026-04-11,2026-04-11,2026-04-11,2026-04-11,2026-04-17,2026-04-20,Authorization,Urgent,PAY-04,TM-04,TM-04,Closed,Overturned,7,No,No,No,0,0,RC-12,Yes,9.0,0,0,0,6.0,3.0,No,35,Moderate friction
APL-2026-002729,2026-02-19,2026-02-20,2026-02-24,2026-02-26,2026-04-01,2026-04-01,Authorization,Standard,PAY-03,TM-04,TM-05,Closed,Upheld,7,No,Yes,Yes,2,6,RC-04,No,41.0,1,4,2,34.0,0.0,No,100,Critical friction
APL-2026-000261,2026-07-20,2026-07-20,2026-07-20,2026-07-22,2026-08-03,2026-08-03,Clinical,Standard,PAY-07,TM-03,TM-03,Closed,Upheld,14,Yes,No,No,0,0,RC-13,Yes,14.0,0,0,2,12.0,0.0,Yes,0,Low friction
APL-2026-002861,2026-01-10,2026-01-12,2026-01-12,2026-01-13,2026-02-02,2026-02-09,Pharmacy,Urgent,PAY-02,TM-05,TM-05,Closed,Upheld,7,Yes,Yes,Yes,0,0,RC-10,Yes,30.0,2,0,1,20.0,7.0,No,25,Moderate friction
APL-2026-002784,2026-01-19,2026-01-19,2026-01-21,2026-01-22,2026-01-23,2026-01-27,Clinical,Urgent,PAY-07,TM-02,TM-02,Closed,Overturned,7,Yes,No,No,0,0,RC-09,Yes,8.0,0,2,1,1.0,4.0,No,10,Low friction
APL-2026-003097,2026-05-23,2026-05-25,2026-05-26,2026-05-27,2026-06-05,2026-06-05,Clinical,Standard,PAY-03,TM-07,TM-07,Closed,Upheld,14,No,No,No,0,0,RC-12,Yes,13.0,2,1,1,9.0,0.0,Yes,25,Moderate friction
APL-2026-002347,2026-03-27,2026-03-27,2026-04-02,2026-04-03,2026-04-09,2026-04-10,Administrative,Standard,PAY-02,TM-01,TM-01,Closed,Overturned,30,Yes,No,No,0,0,RC-04,Yes,14.0,0,6,1,6.0,1.0,Yes,0,Low friction
APL-2026-000557,2026-03-27,2026-03-27,2026-03-27,2026-04-01,2026-04-03,2026-04-03,Administrative,Low,PAY-06,TM-07,TM-07,Closed,Upheld,30,Yes,No,No,0,0,RC-09,Yes,7.0,0,0,5,2.0,0.0,Yes,0,Low friction
APL-2026-002624,2026-08-28,2026-08-28,2026-08-28,2026-08-31,2026-09-10,2026-09-11,Clinical,Standard,PAY-03,TM-07,TM-07,Closed,Overturned,14,No,No,No,0,0,RC-11,Yes,14.0,0,0,3,10.0,1.0,Yes,25,Moderate friction
APL-2026-002067,2026-06-27,2026-06-27,2026-07-02,2026-07-07,2026-07-10,2026-07-13,Clinical,Standard,PAY-06,TM-07,TM-07,Closed,Upheld,14,Yes,No,No,0,0,RC-08,Yes,16.0,0,5,5,3.0,3.0,No,10,Low friction
APL-2026-000573,2026-08-11,2026-08-12,2026-08-13,2026-08-14,2026-08-28,2026-08-28,Pharmacy,Urgent,PAY-05,TM-05,TM-05,Closed,Upheld,7,No,Yes,No,0,0,RC-01,Yes,17.0,1,1,1,14.0,0.0,No,25,Moderate friction
APL-2026-003899,2026-08-18,2026-08-19,2026-08-19,2026-08-21,2026-09-02,2026-09-03,Administrative,Standard,PAY-01,TM-01,TM-01,Closed,Overturned,30,Yes,No,No,0,0,RC-10,Yes,16.0,1,0,2,12.0,1.0,Yes,0,Low friction
APL-2026-003327,2026-06-10,2026-06-10,2026-06-12,2026-06-12,2026-06-15,2026-06-15,Clinical,Urgent,PAY-01,TM-03,TM-03,Closed,Overturned,7,Yes,No,No,0,0,RC-12,Yes,5.0,0,2,0,3.0,0.0,Yes,0,Low friction
APL-2026-002274,2026-04-09,2026-04-09,2026-04-13,2026-04-13,2026-04-30,2026-05-01,Authorization,Standard,PAY-01,TM-04,TM-04,Closed,Upheld,7,No,Yes,No,0,8,RC-05,Yes,22.0,0,4,0,17.0,1.0,No,45,High friction
APL-2026-000600,2026-03-09,2026-03-09,2026-03-09,2026-03-11,2026-03-12,2026-03-12,Claims Payment,Standard,PAY-06,TM-07,TM-07,Closed,Overturned,30,Yes,No,No,0,0,RC-08,Yes,3.0,0,0,2,1.0,0.0,Yes,0,Low friction
APL-2026-003561,2026-06-05,2026-06-08,2026-06-08,2026-06-08,2026-06-16,2026-06-17,Administrative,Standard,PAY-05,TM-01,TM-01,Closed,Upheld,30,Yes,No,No,0,0,RC-07,Yes,12.0,3,0,0,8.0,1.0,Yes,0,Low friction
APL-2026-002042,2026-05-18,2026-05-18,2026-05-18,2026-05-18,2026-05-20,2026-05-21,Administrative,Standard,PAY-02,TM-01,TM-01,Closed,Upheld,30,Yes,No,No,0,0,RC-11,Yes,3.0,0,0,0,2.0,1.0,Yes,0,Low friction
APL-2026-000420,2026-02-08,2026-02-10,2026-02-10,2026-02-10,2026-02-19,2026-02-26,Pharmacy,Standard,PAY-01,TM-05,TM-05,Closed,Overturned,7,Yes,No,No,0,0,RC-10,Yes,18.0,2,0,0,9.0,7.0,No,10,Low friction
APL-2026-002137,2026-06-09,2026-06-09,2026-06-10,2026-06-12,2026-06-19,2026-06-22,Clinical,Standard,PAY-03,TM-07,TM-07,Closed,Overturned,14,Yes,Yes,No,0,0,RC-14,Yes,13.0,0,1,2,7.0,3.0,Yes,10,Low friction
APL-2026-001303,2026-05-01,2026-05-01,2026-05-01,2026-05-05,2026-05-06,2026-05-06,Authorization,Standard,PAY-01,TM-04,TM-04,Closed,Partially Overturned,7,Yes,No,No,0,0,RC-09,Yes,5.0,0,0,4,1.0,0.0,Yes,0,Low friction
APL-2026-001247,2026-05-11,2026-05-11,2026-05-11,2026-05-11,2026-05-19,2026-05-19,Clinical,Standard,PAY-01,TM-03,TM-03,Closed,Overturned,14,Yes,No,No,0,0,RC-04,Yes,8.0,0,0,0,8.0,0.0,Yes,0,Low friction
APL-2026-001233,2026-07-06,2026-07-07,2026-07-07,2026-07-08,2026-07-10,2026-07-13,Administrative,Standard,PAY-02,TM-01,TM-01,Closed,Overturned,30,Yes,Yes,No,0,0,RC-03,Yes,7.0,1,0,1,2.0,3.0,Yes,10,Low friction
APL-2026-001449,2026-03-13,2026-03-13,2026-03-18,2026-03-20,2026-03-27,2026-03-27,Authorization,Low,PAY-04,TM-04,TM-03,Closed,Upheld,7,Yes,No,No,1,0,RC-11,No,14.0,0,5,2,7.0,0.0,No,30,Moderate friction
APL-2026-002267,2026-03-15,2026-03-16,2026-03-16,2026-03-18,2026-03-24,2026-03-25,Clinical,Standard,PAY-02,TM-02,TM-02,Closed,Overturned,14,Yes,No,No,0,0,RC-03,Yes,10.0,1,0,2,6.0,1.0,Yes,0,Low friction
APL-2026-002356,2026-09-09,2026-09-10,2026-09-11,2026-09-11,2026-09-24,2026-09-25,Claims Payment,Standard,PAY-07,TM-01,TM-01,Closed,Upheld,30,Yes,Yes,No,0,0,RC-06,Yes,16.0,1,1,0,13.0,1.0,Yes,0,Low friction
APL-2026-002205,2026-02-12,2026-02-12,2026-02-13,2026-02-13,2026-02-16,2026-02-16,Clinical,Standard,PAY-02,TM-02,TM-02,Closed,Overturned,14,Yes,No,No,0,0,RC-07,Yes,4.0,0,1,0,3.0,0.0,Yes,0,Low friction
APL-2026-001813,2026-02-23,2026-02-25,2026-03-03,2026-03-04,2026-03-10,2026-03-10,Authorization,Standard,PAY-06,TM-04,TM-04,Closed,Partially Overturned,7,Yes,No,No,0,0,RC-10,Yes,15.0,2,6,1,6.0,0.0,No,0,Low friction
APL-2026-002220,2026-07-17,2026-07-20,2026-07-27,2026-07-27,2026-08-05,2026-08-05,Administrative,Standard,PAY-07,TM-01,TM-07,Closed,Upheld,30,Yes,No,No,2,0,RC-04,No,19.0,3,7,0,9.0,0.0,Yes,40,High friction
APL-2026-001467,2026-06-25,2026-06-25,2026-06-25,2026-06-25,2026-06-29,2026-06-29,Authorization,Standard,PAY-04,TM-04,TM-04,Closed,Upheld,7,Yes,No,No,0,0,RC-11,Yes,4.0,0,0,0,4.0,0.0,Yes,0,Low friction
APL-2026-000276,2026-08-07,2026-08-10,2026-08-10,2026-08-11,2026-08-13,2026-08-13,Clinical,Urgent,PAY-01,TM-02,TM-02,Closed,Upheld,7,Yes,No,No,0,0,RC-14,Yes,6.0,3,0,1,2.0,0.0,Yes,0,Low friction
APL-2026-000706,2026-04-10,2026-04-14,2026-04-15,2026-04-15,2026-04-17,2026-04-24,Authorization,Standard,PAY-05,TM-04,TM-04,Closed,Partially Overturned,7,Yes,No,No,0,0,RC-05,Yes,14.0,4,1,0,2.0,7.0,No,10,Low friction
APL-2026-002335,2026-03-19,2026-03-20,2026-03-24,2026-03-25,2026-04-06,2026-04-08,Authorization,Urgent,PAY-04,TM-04,TM-03,Closed,Upheld,7,Yes,Yes,No,3,0,RC-03,No,20.0,1,4,1,12.0,2.0,No,50,High friction
APL-2026-003139,2026-09-05,2026-09-07,2026-09-08,2026-09-08,2026-09-11,2026-09-15,Clinical,Urgent,PAY-02,TM-03,TM-03,Closed,Upheld,7,Yes,No,No,0,0,RC-14,Yes,10.0,2,1,0,3.0,4.0,No,10,Low friction
APL-2026-000454,2026-07-06,2026-07-08,2026-07-10,2026-07-10,2026-07-14,2026-07-14,Pharmacy,Low,PAY-03,TM-05,TM-05,Closed,Upheld,7,Yes,No,No,0,0,RC-04,Yes,8.0,2,2,0,4.0,0.0,No,0,Low friction
APL-2026-000114,2026-05-09,2026-05-11,2026-05-11,2026-05-11,2026-05-22,2026-05-22,Clinical,Standard,PAY-02,TM-03,TM-03,Closed,Partially Overturned,14,Yes,No,No,0,0,RC-06,Yes,13.0,2,0,0,11.0,0.0,Yes,0,Low friction
APL-2026-000072,2026-04-01,2026-04-01,2026-04-03,2026-04-03,2026-04-06,2026-04-13,Clinical,Standard,PAY-05,TM-02,TM-02,Closed,Overturned,14,Yes,No,No,0,0,RC-07,Yes,12.0,0,2,0,3.0,7.0,Yes,10,Low friction
APL-2026-002029,2026-07-30,2026-07-30,2026-08-05,2026-08-06,2026-08-10,2026-08-10,Authorization,Low,PAY-04,TM-04,TM-04,Closed,Overturned,7,Yes,No,No,0,0,RC-07,Yes,11.0,0,6,1,4.0,0.0,No,0,Low friction
APL-2026-002131,2026-05-14,2026-05-14,2026-05-14,2026-05-18,2026-05-21,2026-05-22,Administrative,Standard,PAY-01,TM-01,TM-05,Closed,Overturned,30,Yes,No,No,1,0,RC-02,Yes,8.0,0,0,4,3.0,1.0,Yes,10,Low friction
APL-2026-003229,2026-05-16,2026-05-16,2026-05-18,2026-05-21,2026-05-27,2026-05-27,Authorization,Standard,PAY-01,TM-04,TM-04,Closed,Upheld,7,Yes,No,No,0,0,RC-01,Yes,11.0,0,2,3,6.0,0.0,No,0,Low friction
APL-2026-003925,2026-01-14,2026-01-14,2026-01-15,2026-01-19,2026-01-26,2026-01-27,Administrative,Standard,PAY-02,TM-01,TM-01,Closed,Upheld,30,Yes,No,No,0,0,RC-06,Yes,13.0,0,1,4,7.0,1.0,Yes,0,Low friction
APL-2026-002064,2026-09-25,2026-09-25,2026-09-29,2026-09-30,,,Administrative,Standard,PAY-02,TM-01,TM-01,Escalated,,30,Yes,No,No,0,0,RC-05,Yes,,0,4,1,,,,0,Low friction
APL-2026-001826,2026-04-24,2026-04-24,2026-04-30,2026-04-30,2026-05-11,2026-05-13,Authorization,Standard,PAY-03,TM-04,TM-07,Closed,Partially Overturned,7,Yes,No,No,1,0,RC-03,Yes,19.0,0,6,0,11.0,2.0,No,10,Low friction
APL-2026-003715,2026-08-01,2026-08-01,2026-08-03,2026-08-04,2026-08-07,2026-08-10,Clinical,Standard,PAY-01,TM-03,TM-03,Closed,Upheld,14,Yes,No,No,0,0,RC-07,Yes,9.0,0,2,1,3.0,3.0,Yes,10,Low friction
APL-2026-002584,2026-04-24,2026-04-24,2026-04-24,2026-04-27,2026-05-15,2026-05-15,Administrative,Standard,PAY-03,TM-07,TM-01,Closed,Overturned,30,Yes,No,Yes,1,0,RC-03,Yes,21.0,0,0,3,18.0,0.0,Yes,25,Moderate friction
APL-2026-002290,2026-04-06,2026-04-08,2026-04-08,2026-04-13,2026-04-20,2026-04-21,Clinical,Standard,PAY-02,TM-02,TM-02,Closed,Upheld,14,No,No,No,0,3,RC-14,Yes,15.0,2,0,5,7.0,1.0,No,25,Moderate friction
APL-2026-000919,2026-04-27,2026-04-28,2026-04-29,2026-04-29,2026-04-30,2026-04-30,Authorization,Standard,PAY-04,TM-04,TM-04,Closed,Upheld,7,Yes,No,No,0,0,RC-04,Yes,3.0,1,1,0,1.0,0.0,Yes,0,Low friction
APL-2026-000452,2026-06-24,2026-06-24,2026-06-24,2026-06-24,2026-06-30,2026-07-01,Clinical,Standard,PAY-01,TM-03,TM-03,Closed,Upheld,14,Yes,No,No,0,0,RC-11,Yes,7.0,0,0,0,6.0,1.0,Yes,0,Low friction
APL-2026-003503,2026-04-20,2026-04-20,2026-04-20,2026-04-22,2026-04-27,2026-05-04,Clinical,Standard,PAY-06,TM-07,TM-07,Closed,Upheld,14,Yes,No,No,0,0,RC-02,Yes,14.0,0,0,2,5.0,7.0,Yes,10,Low friction
APL-2026-002453,2026-01-13,2026-01-13,2026-01-14,2026-01-15,2026-02-05,2026-02-06,Authorization,Standard,PAY-03,TM-04,TM-04,Closed,Upheld,7,No,Yes,No,0,0,RC-01,Yes,24.0,0,1,1,21.0,1.0,No,25,Moderate friction
APL-2026-002696,2026-01-31,2026-02-03,2026-02-03,2026-02-03,2026-02-12,2026-02-12,Administrative,Standard,PAY-04,TM-01,TM-01,Closed,Partially Overturned,30,Yes,No,No,0,0,RC-07,Yes,12.0,3,0,0,9.0,0.0,Yes,0,Low friction
APL-2026-001515,2026-02-15,2026-02-15,2026-02-16,2026-02-16,2026-02-19,2026-02-19,Administrative,Standard,PAY-04,TM-01,TM-05,Closed,Upheld,30,Yes,No,No,1,0,RC-09,Yes,4.0,0,1,0,3.0,0.0,Yes,10,Low friction
APL-2026-002393,2026-05-17,2026-05-18,2026-05-27,2026-06-01,2026-06-10,2026-06-17,Claims Payment,Standard,PAY-07,TM-01,TM-03,Closed,Partially Overturned,30,Yes,No,No,3,0,RC-03,No,31.0,1,9,5,9.0,7.0,No,60,Critical friction
APL-2026-001566,2026-07-16,2026-07-16,2026-07-16,2026-07-16,2026-07-22,2026-07-22,Clinical,Standard,PAY-07,TM-03,TM-03,Closed,Partially Overturned,14,Yes,Yes,No,0,0,RC-01,Yes,6.0,0,0,0,6.0,0.0,Yes,0,Low friction
APL-2026-000740,2026-03-27,2026-03-30,2026-04-03,2026-04-03,2026-04-16,2026-04-17,Pharmacy,Low,PAY-02,TM-05,TM-05,Closed,Overturned,7,Yes,No,No,0,0,RC-04,Yes,21.0,3,4,0,13.0,1.0,No,0,Low friction
APL-2026-002413,2026-05-04,2026-05-04,2026-05-04,2026-05-06,2026-05-11,2026-05-11,Administrative,Standard,PAY-01,TM-01,TM-01,Closed,Partially Overturned,30,Yes,No,No,0,0,RC-05,Yes,7.0,0,0,2,5.0,0.0,Yes,0,Low friction
APL-2026-001654,2026-02-24,2026-02-24,2026-02-25,2026-03-02,2026-03-10,2026-03-10,Clinical,Urgent,PAY-03,TM-07,TM-07,Closed,Upheld,7,Yes,No,Yes,0,0,RC-04,Yes,14.0,0,1,5,8.0,0.0,No,15,Low friction
APL-2026-000105,2026-05-26,2026-05-26,2026-05-26,2026-05-28,2026-06-02,2026-06-04,Authorization,Standard,PAY-02,TM-04,TM-04,Closed,Partially Overturned,7,Yes,No,No,0,0,RC-13,Yes,9.0,0,0,2,5.0,2.0,No,0,Low friction
APL-2026-001858,2026-07-20,2026-07-21,2026-07-21,2026-07-22,2026-07-23,2026-07-23,Authorization,Low,PAY-04,TM-04,TM-04,Closed,Upheld,7,Yes,No,No,0,0,RC-07,Yes,3.0,1,0,1,1.0,0.0,Yes,0,Low friction
APL-2026-003341,2026-07-07,2026-07-08,2026-07-09,2026-07-14,2026-07-30,2026-07-30,Clinical,Urgent,PAY-02,TM-03,TM-03,Closed,Overturned,7,No,No,No,0,8,RC-05,Yes,23.0,1,1,5,16.0,0.0,No,45,High friction
APL-2026-003778,2026-06-28,2026-06-29,2026-06-29,2026-07-01,2026-07-02,2026-07-02,Authorization,Standard,PAY-03,TM-04,TM-04,Closed,Overturned,7,Yes,No,No,0,0,RC-03,Yes,4.0,1,0,2,1.0,0.0,Yes,0,Low friction
APL-2026-003861,2026-05-18,2026-05-20,2026-05-20,2026-05-21,2026-05-27,2026-05-28,Clinical,Standard,PAY-05,TM-02,TM-02,Closed,Upheld,14,Yes,No,No,0,0,RC-02,Yes,10.0,2,0,1,6.0,1.0,Yes,0,Low friction
APL-2026-003644,2026-09-17,2026-09-21,2026-09-22,2026-09-22,,,Administrative,Low,PAY-01,TM-01,TM-01,Escalated,,30,No,No,No,0,11,RC-10,Yes,,4,1,0,,,,45,High friction
APL-2026-002710,2026-07-26,2026-07-26,2026-07-28,2026-07-31,2026-08-21,2026-08-21,Administrative,Standard,PAY-04,TM-01,TM-01,Closed,Overturned,30,Yes,No,No,0,0,RC-10,Yes,26.0,0,2,3,21.0,0.0,Yes,0,Low friction
APL-2026-000242,2026-06-13,2026-06-15,2026-06-16,2026-06-19,2026-06-26,2026-06-26,Administrative,Standard,PAY-04,TM-01,TM-01,Closed,Partially Overturned,30,Yes,No,No,0,0,RC-01,Yes,13.0,2,1,3,7.0,0.0,Yes,0,Low friction
APL-2026-002479,2026-07-23,2026-07-27,2026-07-28,2026-07-30,2026-08-10,2026-08-11,Clinical,Standard,PAY-01,TM-03,TM-03,Closed,Overturned,14,Yes,No,No,0,0,RC-09,Yes,19.0,4,1,2,11.0,1.0,No,0,Low friction
APL-2026-002863,2026-06-25,2026-06-25,2026-06-26,2026-07-01,2026-07-06,2026-07-07,Clinical,Standard,PAY-07,TM-02,TM-02,Closed,Partially Overturned,14,Yes,No,No,0,0,RC-07,Yes,12.0,0,1,5,5.0,1.0,Yes,0,Low friction
APL-2026-003943,2026-04-11,2026-04-13,2026-04-13,2026-04-13,2026-04-23,2026-04-23,Administrative,Standard,PAY-02,TM-01,TM-01,Closed,Upheld,30,No,No,No,0,5,RC-15,Yes,12.0,2,0,0,10.0,0.0,Yes,25,Moderate friction
APL-2026-003276,2026-01-05,2026-01-06,2026-01-07,2026-01-08,2026-01-21,2026-01-21,Pharmacy,Standard,PAY-02,TM-05,TM-05,Closed,Upheld,7,No,No,No,0,6,RC-05,Yes,16.0,1,1,1,13.0,0.0,No,45,High friction
APL-2026-001989,2026-04-29,2026-04-29,2026-05-01,2026-05-01,2026-05-08,2026-05-11,Authorization,Standard,PAY-04,TM-04,TM-03,Closed,Overturned,7,Yes,No,No,1,0,RC-04,No,12.0,0,2,0,7.0,3.0,No,40,High friction
APL-2026-001570,2026-05-13,2026-05-13,2026-05-15,2026-05-19,2026-05-27,2026-05-27,Clinical,Standard,PAY-02,TM-03,TM-02,Closed,Upheld,14,Yes,No,No,1,0,RC-05,No,14.0,0,2,4,8.0,0.0,Yes,30,Moderate friction
APL-2026-001620,2026-03-09,2026-03-10,2026-03-11,2026-03-11,2026-03-17,2026-03-18,Clinical,Standard,PAY-02,TM-02,TM-02,Closed,Overturned,14,Yes,No,No,0,0,RC-01,Yes,9.0,1,1,0,6.0,1.0,Yes,0,Low friction
APL-2026-002679,2026-07-19,2026-07-19,2026-07-20,2026-07-21,2026-08-06,2026-08-07,Claims Payment,Low,PAY-02,TM-01,TM-01,Closed,Upheld,30,Yes,No,No,0,0,RC-14,Yes,19.0,0,1,1,16.0,1.0,Yes,0,Low friction
APL-2026-000097,2026-03-31,2026-03-31,2026-04-06,2026-04-06,2026-04-10,2026-04-10,Clinical,Urgent,PAY-05,TM-03,TM-03,Closed,Partially Overturned,7,Yes,No,No,0,0,RC-15,Yes,10.0,0,6,0,4.0,0.0,No,0,Low friction
APL-2026-002516,2026-04-14,2026-04-15,2026-04-15,2026-04-16,2026-05-05,2026-05-05,Authorization,Urgent,PAY-06,TM-04,TM-04,Closed,Partially Overturned,7,No,No,No,0,10,RC-06,Yes,21.0,1,0,1,19.0,0.0,No,45,High friction
APL-2026-003791,2026-03-13,2026-03-13,2026-03-17,2026-03-20,2026-04-03,2026-04-06,Authorization,Low,PAY-04,TM-04,TM-04,Closed,Upheld,7,Yes,No,No,0,0,RC-04,Yes,24.0,0,4,3,14.0,3.0,No,10,Low friction
APL-2026-001191,2026-08-29,2026-08-29,2026-09-03,2026-09-04,2026-09-09,2026-09-09,Clinical,Standard,PAY-01,TM-02,TM-02,Closed,Upheld,14,Yes,No,No,0,0,RC-03,Yes,11.0,0,5,1,5.0,0.0,Yes,0,Low friction
APL-2026-000085,2026-08-05,2026-08-07,2026-08-07,2026-08-07,2026-08-13,2026-08-14,Clinical,Standard,PAY-02,TM-02,TM-02,Closed,Partially Overturned,14,Yes,No,No,0,0,RC-02,Yes,9.0,2,0,0,6.0,1.0,Yes,0,Low friction
APL-2026-002750,2026-08-09,2026-08-09,2026-08-12,2026-08-12,2026-08-20,2026-08-24,Pharmacy,Standard,PAY-01,TM-05,TM-03,Closed,Upheld,7,No,No,No,1,0,RC-04,No,15.0,0,3,0,8.0,4.0,No,65,Critical friction
APL-2026-001719,2026-01-10,2026-01-10,2026-01-12,2026-01-13,2026-01-14,2026-01-14,Clinical,Standard,PAY-07,TM-02,TM-02,Closed,Partially Overturned,14,Yes,No,No,0,0,RC-07,Yes,4.0,0,2,1,1.0,0.0,Yes,0,Low friction
APL-2026-000010,2026-02-24,2026-02-24,2026-02-24,2026-02-24,2026-03-02,2026-03-09,Clinical,Standard,PAY-07,TM-03,TM-03,Closed,Upheld,14,Yes,No,No,0,0,RC-01,Yes,13.0,0,0,0,6.0,7.0,Yes,10,Low friction
APL-2026-002653,2026-08-11,2026-08-11,2026-08-13,2026-08-14,2026-08-24,2026-08-24,Pharmacy,Low,PAY-02,TM-05,TM-05,Closed,Upheld,7,Yes,No,No,0,0,RC-03,Yes,13.0,0,2,1,10.0,0.0,No,0,Low friction
APL-2026-000879,2026-04-11,2026-04-11,2026-04-14,2026-04-15,2026-04-24,2026-04-24,Authorization,Standard,PAY-04,TM-04,TM-07,Closed,Overturned,7,Yes,No,No,3,0,RC-09,No,13.0,0,3,1,9.0,0.0,No,50,High friction
APL-2026-001340,2026-09-23,2026-09-23,2026-09-23,2026-09-25,2026-09-30,2026-09-30,Administrative,Standard,PAY-05,TM-01,TM-01,Closed,Overturned,30,Yes,No,No,0,0,RC-15,Yes,7.0,0,0,2,5.0,0.0,Yes,0,Low friction
APL-2026-000774,2026-09-21,2026-09-22,2026-09-22,2026-09-24,,,Pharmacy,Low,PAY-01,TM-05,TM-05,Escalated,,7,Yes,Yes,No,0,0,RC-05,Yes,,1,0,2,,,,0,Low friction
APL-2026-001386,2026-01-06,2026-01-06,2026-01-08,2026-01-08,2026-01-21,2026-01-22,Administrative,Standard,PAY-05,TM-01,TM-05,Closed,Upheld,30,Yes,No,No,1,0,RC-07,Yes,16.0,0,2,0,13.0,1.0,Yes,10,Low friction
APL-2026-003211,2026-01-07,2026-01-07,2026-01-07,2026-01-07,2026-01-15,2026-01-15,Authorization,Standard,PAY-02,TM-04,TM-04,Closed,Partially Overturned,7,Yes,No,No,0,0,RC-01,Yes,8.0,0,0,0,8.0,0.0,No,0,Low friction
APL-2026-000277,2026-09-20,2026-09-20,2026-09-20,2026-09-21,2026-09-22,2026-09-24,Clinical,Standard,PAY-01,TM-02,TM-02,Closed,Partially Overturned,14,Yes,No,No,0,0,RC-01,Yes,4.0,0,0,1,1.0,2.0,Yes,0,Low friction
APL-2026-001409,2026-01-08,2026-01-08,2026-01-09,2026-01-13,2026-01-15,2026-01-19,Authorization,Standard,PAY-02,TM-04,TM-04,Closed,Overturned,7,Yes,No,No,0,0,RC-06,Yes,11.0,0,1,4,2.0,4.0,No,10,Low friction
APL-2026-001593,2026-09-12,2026-09-12,2026-09-15,2026-09-16,2026-09-22,2026-09-23,Authorization,Standard,PAY-05,TM-04,TM-04,Closed,Partially Overturned,7,Yes,No,No,0,0,RC-01,Yes,11.0,0,3,1,6.0,1.0,No,0,Low friction
APL-2026-001373,2026-08-31,2026-09-01,2026-09-01,2026-09-01,2026-09-04,2026-09-04,Pharmacy,Low,PAY-02,TM-05,TM-05,Closed,Upheld,7,Yes,No,No,0,0,RC-12,Yes,4.0,1,0,0,3.0,0.0,Yes,0,Low friction
APL-2026-000089,2026-01-30,2026-01-30,2026-01-30,2026-01-30,2026-02-03,2026-02-10,Authorization,Standard,PAY-06,TM-04,TM-04,Closed,Overturned,7,Yes,No,No,0,0,RC-08,Yes,11.0,0,0,0,4.0,7.0,No,10,Low friction
APL-2026-000091,2026-04-07,2026-04-07,2026-04-07,2026-04-08,2026-04-13,2026-04-20,Authorization,Standard,PAY-01,TM-04,TM-04,Closed,Overturned,7,Yes,No,No,0,0,RC-11,Yes,13.0,0,0,1,5.0,7.0,No,10,Low friction
APL-2026-002814,2026-01-27,2026-01-28,2026-01-29,2026-02-02,2026-02-13,2026-02-17,Clinical,Standard,PAY-01,TM-03,TM-03,Closed,Upheld,14,Yes,No,No,0,0,RC-07,Yes,21.0,1,1,4,11.0,4.0,No,10,Low friction
APL-2026-000281,2026-09-13,2026-09-13,2026-09-13,2026-09-14,2026-09-21,2026-09-21,Pharmacy,Urgent,PAY-04,TM-05,TM-05,Closed,Overturned,7,No,No,No,0,0,RC-11,Yes,8.0,0,0,1,7.0,0.0,No,25,Moderate friction
APL-2026-003056,2026-08-21,2026-08-24,2026-08-28,2026-08-28,2026-09-08,2026-09-10,Clinical,Low,PAY-04,TM-02,TM-06,Closed,Upheld,14,No,Yes,No,1,0,RC-01,No,20.0,3,4,0,11.0,2.0,No,55,High friction
APL-2026-001907,2026-06-12,2026-06-15,2026-06-16,2026-06-17,2026-06-29,2026-06-30,Administrative,Standard,PAY-02,TM-01,TM-01,Closed,Overturned,30,Yes,No,No,0,0,RC-02,Yes,18.0,3,1,1,12.0,1.0,Yes,0,Low friction
APL-2026-002700,2026-04-02,2026-04-02,2026-04-03,2026-04-06,2026-04-07,2026-04-08,Administrative,Standard,PAY-04,TM-01,TM-01,Closed,Partially Overturned,30,Yes,No,No,0,0,RC-02,Yes,6.0,0,1,3,1.0,1.0,Yes,0,Low friction
APL-2026-001485,2026-05-23,2026-05-23,2026-05-25,2026-05-28,2026-05-29,2026-05-29,Administrative,Standard,PAY-03,TM-07,TM-07,Closed,Upheld,30,Yes,No,No,0,0,RC-09,Yes,6.0,0,2,3,1.0,0.0,Yes,0,Low friction
APL-2026-003652,2026-04-18,2026-04-18,2026-04-18,2026-04-21,2026-04-24,2026-05-01,Authorization,Low,PAY-07,TM-04,TM-04,Closed,Overturned,7,Yes,No,No,0,0,RC-02,Yes,13.0,0,0,3,3.0,7.0,No,10,Low friction
APL-2026-001824,2026-04-09,2026-04-10,2026-04-10,2026-04-14,2026-05-12,2026-05-13,Clinical,Standard,PAY-06,TM-07,TM-07,Closed,Overturned,14,No,No,Yes,0,8,RC-12,Yes,34.0,1,0,4,28.0,1.0,No,60,Critical friction
APL-2026-001325,2026-04-26,2026-04-26,2026-04-30,2026-05-01,2026-05-13,2026-05-15,Pharmacy,Standard,PAY-01,TM-05,TM-08,Closed,Upheld,7,No,No,No,1,5,RC-04,No,19.0,0,4,1,12.0,2.0,No,55,High friction
APL-2026-003275,2026-05-29,2026-05-29,2026-05-29,2026-06-03,2026-06-09,2026-06-09,Pharmacy,Low,PAY-01,TM-05,TM-05,Closed,Overturned,7,No,No,No,0,3,RC-11,Yes,11.0,0,0,5,6.0,0.0,No,25,Moderate friction
APL-2026-001427,2026-06-20,2026-06-20,2026-06-25,2026-06-29,2026-07-01,2026-07-01,Authorization,Standard,PAY-03,TM-04,TM-04,Closed,Upheld,7,No,No,No,0,0,RC-01,Yes,11.0,0,5,4,2.0,0.0,No,25,Moderate friction
APL-2026-003413,2026-05-16,2026-05-18,2026-05-19,2026-05-21,2026-05-27,2026-05-27,Clinical,Standard,PAY-01,TM-03,TM-03,Closed,Upheld,14,Yes,Yes,No,0,0,RC-01,Yes,11.0,2,1,2,6.0,0.0,Yes,0,Low friction
APL-2026-000993,2026-02-02,2026-02-03,2026-02-03,2026-02-05,2026-02-18,2026-02-25,Claims Payment,Standard,PAY-02,TM-01,TM-01,Closed,Overturned,30,Yes,No,No,0,0,RC-05,Yes,23.0,1,0,2,13.0,7.0,Yes,10,Low friction
APL-2026-000366,2026-05-01,2026-05-04,2026-05-08,2026-05-08,2026-05-15,2026-05-18,Administrative,Low,PAY-07,TM-01,TM-01,Closed,Partially Overturned,30,Yes,Yes,No,0,0,RC-02,Yes,17.0,3,4,0,7.0,3.0,Yes,10,Low friction
APL-2026-002072,2026-07-19,2026-07-19,2026-07-20,2026-07-20,2026-08-04,2026-08-11,Clinical,Standard,PAY-07,TM-02,TM-08,Closed,Overturned,14,No,Yes,No,1,2,RC-03,Yes,23.0,0,1,0,15.0,7.0,No,45,High friction
APL-2026-003418,2026-07-28,2026-07-28,2026-07-28,2026-07-30,2026-08-10,2026-08-11,Pharmacy,Urgent,PAY-03,TM-05,TM-05,Closed,Upheld,7,Yes,No,No,0,0,RC-01,Yes,14.0,0,0,2,11.0,1.0,No,0,Low friction
APL-2026-000677,2026-02-25,2026-02-25,2026-02-25,2026-02-27,2026-03-04,2026-03-04,Clinical,Standard,PAY-03,TM-07,TM-07,Closed,Upheld,14,Yes,No,No,0,0,RC-06,Yes,7.0,0,0,2,5.0,0.0,Yes,0,Low friction
APL-2026-002027,2026-08-25,2026-08-26,2026-08-28,2026-08-28,2026-09-01,2026-09-01,Authorization,Standard,PAY-04,TM-04,TM-04,Closed,Upheld,7,Yes,No,No,0,0,RC-06,Yes,7.0,1,2,0,4.0,0.0,Yes,0,Low friction
APL-2026-000999,2026-08-20,2026-08-21,2026-08-27,2026-08-27,2026-09-08,2026-09-09,Clinical,Low,PAY-02,TM-03,TM-03,Closed,Upheld,14,Yes,No,No,0,0,RC-14,Yes,20.0,1,6,0,12.0,1.0,No,0,Low friction
APL-2026-001190,2026-09-22,2026-09-23,2026-09-24,2026-09-28,,,Authorization,Standard,PAY-06,TM-04,TM-04,In Review,,7,Yes,No,No,0,0,RC-15,Yes,,1,1,4,,,,0,Low friction
APL-2026-003407,2026-09-30,2026-10-02,2026-10-02,2026-10-02,,,Clinical,Urgent,PAY-06,TM-07,TM-07,Escalated,,7,No,No,No,0,19,RC-02,Yes,,2,0,0,,,,45,High friction
APL-2026-002359,2026-04-24,2026-04-28,2026-05-01,2026-05-04,2026-06-02,2026-06-02,Administrative,Standard,PAY-03,TM-07,TM-08,Closed,Upheld,30,No,No,Yes,1,10,RC-01,No,39.0,4,3,3,29.0,0.0,No,90,Critical friction
APL-2026-003109,2026-09-03,2026-09-03,2026-09-04,2026-09-09,2026-09-17,2026-09-18,Clinical,Standard,PAY-03,TM-07,TM-07,Closed,Upheld,14,Yes,No,No,0,0,RC-10,Yes,15.0,0,1,5,8.0,1.0,No,0,Low friction
APL-2026-002689,2026-06-24,2026-06-24,2026-06-24,2026-06-25,2026-07-14,2026-07-14,Pharmacy,Standard,PAY-01,TM-05,TM-05,Closed,Overturned,7,No,Yes,No,0,6,RC-02,Yes,20.0,0,0,1,19.0,0.0,No,45,High friction
APL-2026-003426,2026-07-12,2026-07-13,2026-07-13,2026-07-14,2026-07-15,2026-07-16,Authorization,Standard,PAY-01,TM-04,TM-04,Closed,Upheld,7,Yes,No,No,0,0,RC-12,Yes,4.0,1,0,1,1.0,1.0,Yes,0,Low friction
APL-2026-001760,2026-09-07,2026-09-09,2026-09-09,2026-09-10,2026-09-23,2026-09-24,Clinical,Standard,PAY-03,TM-07,TM-07,Closed,Upheld,14,No,Yes,No,0,3,RC-02,Yes,17.0,2,0,1,13.0,1.0,No,25,Moderate friction
APL-2026-003452,2026-08-30,2026-08-30,2026-08-30,2026-08-31,2026-09-10,2026-09-11,Authorization,Standard,PAY-04,TM-04,TM-04,Closed,Overturned,7,Yes,No,No,0,0,RC-01,Yes,12.0,0,0,1,10.0,1.0,No,0,Low friction
APL-2026-002289,2026-02-07,2026-02-07,2026-02-09,2026-02-09,2026-02-18,2026-02-18,Clinical,Standard,PAY-05,TM-03,TM-06,Closed,Upheld,14,Yes,No,Yes,1,0,RC-03,Yes,11.0,0,2,0,9.0,0.0,Yes,25,Moderate friction
APL-2026-002715,2026-01-21,2026-01-22,2026-01-23,2026-01-26,2026-01-30,2026-01-30,Administrative,Standard,PAY-02,TM-01,TM-01,Closed,Upheld,30,Yes,No,No,0,0,RC-05,Yes,9.0,1,1,3,4.0,0.0,Yes,0,Low friction
APL-2026-000095,2026-08-02,2026-08-02,2026-08-03,2026-08-05,2026-08-06,2026-08-07,Authorization,Standard,PAY-06,TM-04,TM-04,Closed,Partially Overturned,7,Yes,No,No,0,0,RC-07,Yes,5.0,0,1,2,1.0,1.0,Yes,0,Low friction
APL-2026-001287,2026-06-07,2026-06-07,2026-06-08,2026-06-09,2026-06-22,2026-06-22,Claims Payment,Standard,PAY-02,TM-01,TM-06,Closed,Overturned,30,Yes,No,No,1,0,RC-05,Yes,15.0,0,1,1,13.0,0.0,Yes,10,Low friction
APL-2026-002147,2026-09-04,2026-09-07,2026-09-08,2026-09-11,2026-09-16,2026-09-18,Clinical,Standard,PAY-05,TM-03,TM-03,Closed,Upheld,14,Yes,No,No,0,0,RC-10,Yes,14.0,3,1,3,5.0,2.0,Yes,0,Low friction
APL-2026-000168,2026-01-26,2026-01-27,2026-01-30,2026-01-30,2026-02-09,2026-02-10,Authorization,Low,PAY-05,TM-04,TM-06,Closed,Partially Overturned,7,Yes,No,No,1,0,RC-04,No,15.0,1,3,0,10.0,1.0,No,30,Moderate friction
APL-2026-000497,2026-04-28,2026-04-28,2026-04-29,2026-05-04,2026-06-03,2026-06-04,Administrative,Standard,PAY-06,TM-07,TM-02,Closed,Upheld,30,No,Yes,No,3,10,RC-05,No,37.0,0,1,5,30.0,1.0,No,95,Critical friction
APL-2026-001750,2026-02-07,2026-02-07,2026-02-07,2026-02-07,2026-02-12,2026-02-12,Authorization,Standard,PAY-04,TM-04,TM-04,Closed,Overturned,7,Yes,No,No,0,0,RC-04,Yes,5.0,0,0,0,5.0,0.0,Yes,0,Low friction
APL-2026-002324,2026-07-27,2026-07-27,2026-07-27,2026-07-28,2026-08-06,2026-08-10,Authorization,Urgent,PAY-02,TM-04,TM-04,Closed,Partially Overturned,7,Yes,No,Yes,0,0,RC-06,Yes,14.0,0,0,1,9.0,4.0,No,25,Moderate friction
APL-2026-003162,2026-06-02,2026-06-02,2026-06-02,2026-06-02,2026-06-08,2026-06-10,Authorization,Standard,PAY-01,TM-04,TM-04,Closed,Overturned,7,Yes,No,No,0,0,RC-10,Yes,8.0,0,0,0,6.0,2.0,No,0,Low friction
APL-2026-000715,2026-03-19,2026-03-19,2026-03-19,2026-03-20,2026-03-31,2026-04-01,Clinical,Standard,PAY-02,TM-02,TM-02,Closed,Upheld,14,Yes,No,No,0,0,RC-02,Yes,13.0,0,0,1,11.0,1.0,Yes,0,Low friction
APL-2026-001540,2026-02-07,2026-02-09,2026-02-10,2026-02-10,2026-02-13,2026-02-16,Administrative,Standard,PAY-04,TM-01,TM-01,Closed,Upheld,30,Yes,No,No,0,0,RC-06,Yes,9.0,2,1,0,3.0,3.0,Yes,10,Low friction
APL-2026-002816,2026-08-12,2026-08-12,2026-08-18,2026-08-20,2026-08-21,2026-08-21,Pharmacy,Standard,PAY-04,TM-05,TM-05,Closed,Partially Overturned,7,Yes,No,No,0,0,RC-08,Yes,9.0,0,6,2,1.0,0.0,No,0,Low friction
APL-2026-000332,2026-07-01,2026-07-01,2026-07-03,2026-07-08,2026-07-23,2026-07-23,Claims Payment,Standard,PAY-02,TM-01,TM-01,Closed,Partially Overturned,30,Yes,No,No,0,0,RC-07,Yes,22.0,0,2,5,15.0,0.0,Yes,0,Low friction
APL-2026-000220,2026-09-05,2026-09-05,2026-09-05,2026-09-05,2026-09-21,2026-09-21,Authorization,Urgent,PAY-02,TM-04,TM-04,Closed,Partially Overturned,7,Yes,No,No,0,0,RC-06,Yes,16.0,0,0,0,16.0,0.0,No,0,Low friction
APL-2026-002482,2026-08-13,2026-08-13,2026-08-19,2026-08-19,2026-08-31,2026-08-31,Clinical,Standard,PAY-05,TM-03,TM-03,Closed,Partially Overturned,14,Yes,No,No,0,0,RC-05,Yes,18.0,0,6,0,12.0,0.0,No,0,Low friction
APL-2026-003928,2026-09-08,2026-09-09,2026-09-09,2026-09-10,2026-09-16,2026-09-16,Clinical,Low,PAY-02,TM-02,TM-02,Closed,Overturned,14,Yes,No,No,0,0,RC-05,Yes,8.0,1,0,1,6.0,0.0,Yes,0,Low friction
APL-2026-003712,2026-07-02,2026-07-03,2026-07-10,2026-07-15,2026-07-30,2026-08-03,Authorization,Low,PAY-04,TM-04,TM-05,Closed,Upheld,7,No,Yes,No,2,0,RC-04,No,32.0,1,7,5,15.0,4.0,No,75,Critical friction
APL-2026-002535,2026-03-22,2026-03-22,2026-03-23,2026-03-24,2026-04-07,2026-04-08,Claims Payment,Standard,PAY-02,TM-01,TM-01,Closed,Upheld,30,Yes,No,Yes,0,0,RC-10,Yes,17.0,0,1,1,14.0,1.0,Yes,15,Low friction
APL-2026-001538,2026-09-18,2026-09-21,2026-09-22,2026-09-23,2026-09-28,2026-09-29,Claims Payment,Standard,PAY-03,TM-07,TM-07,Closed,Partially Overturned,30,Yes,Yes,No,0,0,RC-03,Yes,11.0,3,1,1,5.0,1.0,Yes,0,Low friction
APL-2026-000532,2026-02-20,2026-02-20,2026-02-23,2026-02-23,2026-03-02,2026-03-09,Clinical,Standard,PAY-01,TM-02,TM-02,Closed,Partially Overturned,14,Yes,No,No,0,0,RC-04,Yes,17.0,0,3,0,7.0,7.0,No,10,Low friction
APL-2026-001865,2026-07-01,2026-07-02,2026-07-02,2026-07-07,2026-07-17,2026-07-17,Clinical,Standard,PAY-05,TM-03,TM-03,Closed,Overturned,14,Yes,No,No,0,0,RC-02,Yes,16.0,1,0,5,10.0,0.0,No,0,Low friction
APL-2026-003741,2026-04-16,2026-04-17,2026-04-17,2026-04-20,2026-04-21,2026-04-21,Clinical,Standard,PAY-02,TM-03,TM-03,Closed,Upheld,14,Yes,No,No,0,0,RC-08,Yes,5.0,1,0,3,1.0,0.0,Yes,0,Low friction
APL-2026-002309,2026-03-21,2026-03-21,2026-03-23,2026-03-24,2026-04-09,2026-04-10,Clinical,Standard,PAY-03,TM-07,TM-07,Closed,Overturned,14,No,Yes,Yes,0,0,RC-05,Yes,20.0,0,2,1,16.0,1.0,No,40,High friction
APL-2026-001981,2026-06-27,2026-06-29,2026-07-01,2026-07-01,2026-07-03,2026-07-07,Administrative,Low,PAY-07,TM-01,TM-01,Closed,Overturned,30,Yes,No,No,0,0,RC-03,Yes,10.0,2,2,0,2.0,4.0,Yes,10,Low friction
APL-2026-002859,2026-01-25,2026-01-25,2026-01-25,2026-01-28,2026-02-02,2026-02-03,Administrative,Standard,PAY-05,TM-01,TM-01,Closed,Overturned,30,Yes,No,No,0,0,RC-01,Yes,9.0,0,0,3,5.0,1.0,Yes,0,Low friction
APL-2026-003687,2026-08-25,2026-08-26,2026-08-27,2026-08-28,2026-09-07,2026-09-07,Pharmacy,Standard,PAY-04,TM-05,TM-05,Closed,Overturned,7,Yes,No,Yes,0,0,RC-06,Yes,13.0,1,1,1,10.0,0.0,No,15,Low friction
APL-2026-001650,2026-03-11,2026-03-13,2026-03-13,2026-03-17,2026-03-30,2026-03-30,Administrative,Low,PAY-01,TM-01,TM-01,Closed,Upheld,30,No,No,No,0,4,RC-03,Yes,19.0,2,0,4,13.0,0.0,Yes,25,Moderate friction
APL-2026-000197,2026-02-20,2026-02-20,2026-02-23,2026-02-24,2026-02-25,2026-02-27,Pharmacy,Standard,PAY-07,TM-05,TM-05,Closed,Overturned,7,Yes,No,No,0,0,RC-11,Yes,7.0,0,3,1,1.0,2.0,Yes,0,Low friction
APL-2026-001165,2026-03-02,2026-03-02,2026-03-06,2026-03-10,2026-03-16,2026-03-16,Authorization,Urgent,PAY-03,TM-04,TM-04,Closed,Upheld,7,Yes,No,No,0,0,RC-15,Yes,14.0,0,4,4,6.0,0.0,No,0,Low friction
APL-2026-001619,2026-07-22,2026-07-23,2026-07-27,2026-07-28,2026-07-31,2026-07-31,Clinical,Standard,PAY-01,TM-02,TM-02,Closed,Upheld,14,Yes,No,No,0,0,RC-12,Yes,9.0,1,4,1,3.0,0.0,Yes,0,Low friction
APL-2026-001147,2026-01-07,2026-01-07,2026-01-08,2026-01-09,2026-01-21,2026-01-21,Clinical,Standard,PAY-01,TM-02,TM-02,Closed,Upheld,14,Yes,No,No,0,0,RC-03,Yes,14.0,0,1,1,12.0,0.0,Yes,0,Low friction
APL-2026-000495,2026-01-06,2026-01-07,2026-01-09,2026-01-12,2026-01-20,2026-01-27,Clinical,Standard,PAY-02,TM-03,TM-03,Closed,Overturned,14,Yes,Yes,No,0,0,RC-12,Yes,21.0,1,2,3,8.0,7.0,No,10,Low friction
APL-2026-000111,2026-09-13,2026-09-13,2026-09-16,2026-09-17,,,Administrative,Standard,PAY-03,TM-07,TM-01,Pending Information,,30,No,Yes,Yes,3,11,RC-04,No,,0,3,1,,,,110,Critical friction
APL-2026-001109,2026-09-30,2026-10-02,2026-10-05,2026-10-06,,,Clinical,Standard,PAY-01,TM-03,TM-03,Pending Information,,14,Yes,No,No,0,0,RC-03,Yes,,2,3,1,,,,0,Low friction
APL-2026-001270,2026-05-05,2026-05-06,2026-05-07,2026-05-07,2026-06-01,2026-06-02,Claims Payment,Urgent,PAY-02,TM-01,TM-01,Closed,Partially Overturned,7,No,Yes,Yes,0,8,RC-01,Yes,28.0,1,1,0,25.0,1.0,No,60,Critical friction
APL-2026-002562,2026-06-14,2026-06-14,2026-06-16,2026-06-16,2026-07-13,2026-07-13,Administrative,Standard,PAY-02,TM-01,TM-02,Closed,Upheld,30,No,No,No,1,7,RC-03,Yes,29.0,0,2,0,27.0,0.0,Yes,55,High friction
APL-2026-002740,2026-09-20,2026-09-20,2026-09-21,2026-09-21,,,Administrative,Standard,PAY-02,TM-01,TM-01,Pending Information,,30,Yes,No,No,0,0,RC-01,Yes,,0,1,0,,,,0,Low friction
APL-2026-003555,2026-01-28,2026-01-29,2026-02-02,2026-02-03,2026-02-11,2026-02-13,Clinical,Standard,PAY-04,TM-03,TM-03,Closed,Partially Overturned,14,Yes,No,No,0,0,RC-02,Yes,16.0,1,4,1,8.0,2.0,No,0,Low friction
APL-2026-000370,2026-09-02,2026-09-02,2026-09-03,2026-09-04,2026-09-07,2026-09-07,Clinical,Standard,PAY-01,TM-02,TM-02,Closed,Overturned,14,Yes,No,No,0,0,RC-10,Yes,5.0,0,1,1,3.0,0.0,Yes,0,Low friction
APL-2026-000794,2026-02-28,2026-02-28,2026-03-05,2026-03-06,2026-04-06,2026-04-07,Administrative,Low,PAY-01,TM-01,TM-04,Closed,Upheld,30,Yes,No,Yes,3,0,RC-02,No,38.0,0,5,1,31.0,1.0,No,65,Critical friction
APL-2026-003147,2026-04-29,2026-04-29,2026-05-01,2026-05-04,2026-05-12,2026-05-19,Authorization,Standard,PAY-01,TM-04,TM-02,Closed,Upheld,7,Yes,No,No,1,0,RC-04,No,20.0,0,2,3,8.0,7.0,No,40,High friction
APL-2026-003592,2026-09-12,2026-09-15,2026-09-15,2026-09-16,2026-09-23,2026-09-23,Clinical,Standard,PAY-01,TM-03,TM-03,Closed,Partially Overturned,14,No,No,No,0,4,RC-06,Yes,11.0,3,0,1,7.0,0.0,Yes,25,Moderate friction
APL-2026-003365,2026-05-22,2026-05-22,2026-05-25,2026-05-26,2026-06-22,2026-06-29,Administrative,Standard,PAY-01,TM-01,TM-01,Closed,Upheld,30,No,No,No,0,14,RC-07,Yes,38.0,0,3,1,27.0,7.0,No,55,High friction
APL-2026-000927,2026-02-21,2026-02-23,2026-02-24,2026-02-25,2026-03-03,2026-03-03,Administrative,Urgent,PAY-01,TM-01,TM-01,Closed,Upheld,7,Yes,No,No,0,0,RC-09,Yes,10.0,2,1,1,6.0,0.0,No,0,Low friction
APL-2026-002322,2026-04-30,2026-04-30,2026-05-08,2026-05-11,2026-05-22,2026-05-26,Clinical,Standard,PAY-03,TM-07,TM-06,Closed,Upheld,14,No,Yes,No,1,2,RC-12,No,26.0,0,8,3,11.0,4.0,No,65,Critical friction
APL-2026-000397,2026-07-31,2026-07-31,2026-08-04,2026-08-06,2026-08-07,2026-08-10,Clinical,Standard,PAY-01,TM-03,TM-03,Closed,Upheld,14,Yes,No,No,0,0,RC-01,Yes,10.0,0,4,2,1.0,3.0,Yes,10,Low friction
APL-2026-001179,2026-07-21,2026-07-21,2026-07-21,2026-07-22,2026-08-11,2026-08-11,Clinical,Urgent,PAY-07,TM-02,TM-02,Closed,Upheld,7,Yes,No,Yes,0,0,RC-15,Yes,21.0,0,0,1,20.0,0.0,No,15,Low friction
APL-2026-002838,2026-04-23,2026-04-23,2026-04-24,2026-04-29,2026-05-07,2026-05-07,Administrative,Standard,PAY-07,TM-01,TM-01,Closed,Upheld,30,Yes,No,No,0,0,RC-03,Yes,14.0,0,1,5,8.0,0.0,Yes,0,Low friction
APL-2026-001216,2026-03-25,2026-03-26,2026-04-01,2026-04-03,2026-04-30,2026-04-30,Authorization,Low,PAY-01,TM-04,TM-05,Closed,Partially Overturned,7,No,Yes,Yes,1,6,RC-04,No,36.0,1,6,2,27.0,0.0,No,90,Critical friction
APL-2026-000798,2026-07-15,2026-07-15,2026-07-17,2026-07-17,2026-07-27,2026-08-03,Administrative,Standard,PAY-01,TM-01,TM-01,Closed,Overturned,30,No,No,No,0,2,RC-02,Yes,19.0,0,2,0,10.0,7.0,Yes,35,Moderate friction
APL-2026-001299,2026-08-21,2026-08-21,2026-08-25,2026-08-25,2026-08-31,2026-08-31,Clinical,Standard,PAY-04,TM-03,TM-07,Closed,Upheld,14,Yes,No,No,1,0,RC-08,Yes,10.0,0,4,0,6.0,0.0,Yes,10,Low friction
APL-2026-003260,2026-07-29,2026-07-29,2026-07-29,2026-07-30,2026-08-04,2026-08-04,Authorization,Standard,PAY-04,TM-04,TM-04,Closed,Overturned,7,Yes,No,No,0,0,RC-07,Yes,6.0,0,0,1,5.0,0.0,Yes,0,Low friction
APL-2026-003123,2026-09-13,2026-09-15,2026-09-21,2026-09-23,2026-09-28,2026-09-30,Clinical,Standard,PAY-02,TM-02,TM-02,Closed,Partially Overturned,14,Yes,No,No,0,0,RC-09,Yes,17.0,2,6,2,5.0,2.0,No,0,Low friction
APL-2026-001063,2026-07-11,2026-07-13,2026-07-14,2026-07-16,2026-07-20,2026-07-20,Clinical,Standard,PAY-02,TM-03,TM-03,Closed,Upheld,14,Yes,No,No,0,0,RC-02,Yes,9.0,2,1,2,4.0,0.0,Yes,0,Low friction
APL-2026-003010,2026-01-11,2026-01-11,2026-01-14,2026-01-14,2026-01-22,2026-01-29,Clinical,Standard,PAY-01,TM-03,TM-07,Closed,Overturned,14,No,No,No,1,3,RC-04,No,18.0,0,3,0,8.0,7.0,No,65,Critical friction
APL-2026-000419,2026-05-02,2026-05-02,2026-05-02,2026-05-05,2026-05-08,2026-05-08,Claims Payment,Standard,PAY-01,TM-01,TM-01,Closed,Upheld,30,Yes,No,No,0,0,RC-12,Yes,6.0,0,0,3,3.0,0.0,Yes,0,Low friction
APL-2026-003517,2026-02-01,2026-02-01,2026-02-05,2026-02-09,2026-02-17,2026-02-19,Administrative,Standard,PAY-03,TM-07,TM-07,Closed,Upheld,30,Yes,No,No,0,0,RC-02,Yes,18.0,0,4,4,8.0,2.0,Yes,0,Low friction
APL-2026-003281,2026-02-18,2026-02-20,2026-02-23,2026-02-24,2026-03-03,2026-03-03,Clinical,Standard,PAY-06,TM-07,TM-07,Closed,Overturned,14,No,No,No,0,0,RC-03,Yes,13.0,2,3,1,7.0,0.0,Yes,25,Moderate friction
APL-2026-000376,2026-09-09,2026-09-10,2026-09-11,2026-09-14,2026-09-21,2026-09-22,Administrative,Standard,PAY-06,TM-07,TM-07,Closed,Upheld,30,Yes,No,No,0,0,RC-01,Yes,13.0,1,1,3,7.0,1.0,Yes,0,Low friction
APL-2026-002512,2026-01-17,2026-01-17,2026-01-22,2026-01-23,2026-02-02,2026-02-03,Authorization,Standard,PAY-04,TM-04,TM-04,Closed,Overturned,7,Yes,No,No,0,0,RC-01,Yes,17.0,0,5,1,10.0,1.0,No,0,Low friction
APL-2026-000471,2026-03-06,2026-03-09,2026-03-10,2026-03-10,2026-03-13,2026-03-20,Administrative,Urgent,PAY-03,TM-07,TM-07,Closed,Overturned,7,Yes,No,No,0,0,RC-02,Yes,14.0,3,1,0,3.0,7.0,No,10,Low friction
APL-2026-001542,2026-07-14,2026-07-14,2026-07-14,2026-07-16,2026-07-30,2026-08-03,Claims Payment,Standard,PAY-05,TM-01,TM-01,Closed,Upheld,30,No,No,No,0,7,RC-01,Yes,20.0,0,0,2,14.0,4.0,Yes,55,High friction
APL-2026-003148,2026-07-06,2026-07-07,2026-07-10,2026-07-15,2026-07-30,2026-07-31,Administrative,Standard,PAY-03,TM-07,TM-01,Closed,Overturned,30,Yes,Yes,No,2,0,RC-04,No,25.0,1,3,5,15.0,1.0,Yes,40,High friction
APL-2026-003321,2026-03-20,2026-03-23,2026-03-23,2026-03-25,2026-04-01,2026-04-03,Authorization,Standard,PAY-04,TM-04,TM-07,Closed,Partially Overturned,7,Yes,No,No,1,0,RC-05,Yes,14.0,3,0,2,7.0,2.0,No,10,Low friction
APL-2026-002608,2026-07-16,2026-07-16,2026-07-20,2026-07-23,2026-07-24,2026-07-27,Authorization,Standard,PAY-01,TM-04,TM-04,Closed,Upheld,7,Yes,No,No,0,0,RC-01,Yes,11.0,0,4,3,1.0,3.0,No,10,Low friction
APL-2026-002351,2026-07-24,2026-07-24,2026-07-28,2026-07-28,2026-08-03,2026-08-04,Clinical,Standard,PAY-01,TM-02,TM-02,Closed,Upheld,14,Yes,No,No,0,0,RC-08,Yes,11.0,0,4,0,6.0,1.0,Yes,0,Low friction
APL-2026-002631,2026-01-29,2026-01-29,2026-02-02,2026-02-02,2026-02-11,2026-02-11,Administrative,Standard,PAY-03,TM-07,TM-08,Closed,Partially Overturned,30,Yes,No,No,1,0,RC-06,Yes,13.0,0,4,0,9.0,0.0,Yes,10,Low friction
APL-2026-003318,2026-06-08,2026-06-09,2026-06-10,2026-06-10,2026-06-16,2026-06-18,Clinical,Standard,PAY-06,TM-07,TM-07,Closed,Upheld,14,Yes,No,No,0,0,RC-01,Yes,10.0,1,1,0,6.0,2.0,Yes,0,Low friction
APL-2026-003970,2026-03-09,2026-03-11,2026-03-17,2026-03-18,2026-04-02,2026-04-03,Authorization,Standard,PAY-01,TM-04,TM-04,Closed,Upheld,7,Yes,No,No,0,0,RC-05,Yes,25.0,2,6,1,15.0,1.0,No,0,Low friction
APL-2026-001762,2026-09-09,2026-09-09,2026-09-09,2026-09-09,,,Administrative,Standard,PAY-02,TM-01,TM-01,Pending Information,,30,No,Yes,No,0,11,RC-05,Yes,,0,0,0,,,,45,High friction
APL-2026-000799,2026-01-19,2026-01-19,2026-01-21,2026-01-22,2026-02-04,2026-02-11,Authorization,Standard,PAY-01,TM-04,TM-04,Closed,Overturned,7,Yes,No,No,0,0,RC-14,Yes,23.0,0,2,1,13.0,7.0,No,10,Low friction
APL-2026-002060,2026-04-12,2026-04-12,2026-04-13,2026-04-15,2026-04-22,2026-04-22,Clinical,Standard,PAY-01,TM-03,TM-03,Closed,Upheld,14,Yes,No,No,0,0,RC-07,Yes,10.0,0,1,2,7.0,0.0,Yes,0,Low friction
APL-2026-003898,2026-06-21,2026-06-21,2026-06-21,2026-06-22,2026-06-23,2026-06-23,Clinical,Urgent,PAY-05,TM-02,TM-02,Closed,Partially Overturned,7,Yes,No,No,0,0,RC-05,Yes,2.0,0,0,1,1.0,0.0,Yes,0,Low friction
APL-2026-003558,2026-03-09,2026-03-09,2026-03-13,2026-03-13,2026-03-19,2026-03-19,Authorization,Standard,PAY-04,TM-04,TM-04,Closed,Partially Overturned,7,Yes,Yes,No,0,0,RC-01,Yes,10.0,0,4,0,6.0,0.0,No,0,Low friction
APL-2026-001487,2026-05-14,2026-05-14,2026-05-14,2026-05-14,2026-05-20,2026-05-21,Authorization,Low,PAY-01,TM-04,TM-04,Closed,Upheld,7,Yes,No,No,0,0,RC-10,Yes,7.0,0,0,0,6.0,1.0,Yes,0,Low friction
APL-2026-000539,2026-02-27,2026-03-02,2026-03-04,2026-03-09,2026-03-24,2026-03-24,Administrative,Standard,PAY-06,TM-07,TM-07,Closed,Upheld,30,No,No,Yes,0,7,RC-12,Yes,25.0,3,2,5,15.0,0.0,Yes,60,Critical friction
APL-2026-002676,2026-02-28,2026-02-28,2026-03-02,2026-03-03,2026-03-17,2026-03-17,Clinical,Standard,PAY-03,TM-07,TM-03,Closed,Partially Overturned,14,Yes,Yes,No,1,0,RC-04,No,17.0,0,2,1,14.0,0.0,No,30,Moderate friction
APL-2026-002330,2026-03-01,2026-03-03,2026-03-09,2026-03-11,2026-03-16,2026-03-18,Pharmacy,Low,PAY-07,TM-05,TM-05,Closed,Overturned,7,Yes,No,No,0,0,RC-09,Yes,17.0,2,6,2,5.0,2.0,No,0,Low friction
APL-2026-003326,2026-04-13,2026-04-13,2026-04-15,2026-04-15,2026-04-29,2026-05-01,Clinical,Standard,PAY-01,TM-02,TM-02,Closed,Overturned,14,No,Yes,No,0,6,RC-05,Yes,18.0,0,2,0,14.0,2.0,No,45,High friction
APL-2026-000984,2026-08-07,2026-08-11,2026-08-13,2026-08-13,2026-08-28,2026-08-28,Pharmacy,Standard,PAY-06,TM-05,TM-01,Closed,Upheld,7,No,No,No,2,6,RC-01,No,21.0,4,2,0,15.0,0.0,No,85,Critical friction
APL-2026-000481,2026-02-25,2026-02-25,2026-02-26,2026-03-02,2026-03-03,2026-03-03,Clinical,Standard,PAY-07,TM-03,TM-03,Closed,Upheld,14,Yes,No,No,0,0,RC-07,Yes,6.0,0,1,4,1.0,0.0,Yes,0,Low friction
APL-2026-001480,2026-05-23,2026-05-26,2026-05-28,2026-05-29,2026-06-22,2026-06-22,Administrative,Standard,PAY-07,TM-01,TM-01,Closed,Overturned,30,Yes,No,No,0,0,RC-01,Yes,30.0,3,2,1,24.0,0.0,Yes,0,Low friction
APL-2026-000224,2026-01-10,2026-01-10,2026-01-13,2026-01-14,2026-02-05,2026-02-06,Clinical,Standard,PAY-02,TM-02,TM-02,Closed,Upheld,14,No,No,No,0,3,RC-12,Yes,27.0,0,3,1,22.0,1.0,No,25,Moderate friction
APL-2026-003650,2026-03-17,2026-03-17,2026-03-18,2026-03-19,2026-03-31,2026-03-31,Administrative,Standard,PAY-02,TM-01,TM-01,Closed,Overturned,30,Yes,No,No,0,0,RC-09,Yes,14.0,0,1,1,12.0,0.0,Yes,0,Low friction
APL-2026-000673,2026-08-09,2026-08-11,2026-08-12,2026-08-17,2026-08-24,2026-08-24,Pharmacy,Low,PAY-01,TM-05,TM-05,Closed,Overturned,7,Yes,No,No,0,0,RC-02,Yes,15.0,2,1,5,7.0,0.0,No,0,Low friction
APL-2026-003292,2026-08-21,2026-08-21,2026-08-25,2026-08-25,2026-09-11,2026-09-14,Administrative,Standard,PAY-06,TM-07,TM-07,Closed,Upheld,30,Yes,No,No,0,0,RC-04,Yes,24.0,0,4,0,17.0,3.0,Yes,10,Low friction
APL-2026-003015,2026-01-14,2026-01-14,2026-01-14,2026-01-14,2026-01-23,2026-01-27,Authorization,Standard,PAY-03,TM-04,TM-04,Closed,Partially Overturned,7,Yes,No,No,0,0,RC-03,Yes,13.0,0,0,0,9.0,4.0,No,10,Low friction
APL-2026-003498,2026-08-12,2026-08-12,2026-08-13,2026-08-14,2026-08-18,2026-08-20,Clinical,Standard,PAY-04,TM-02,TM-02,Closed,Overturned,14,Yes,No,No,0,0,RC-02,Yes,8.0,0,1,1,4.0,2.0,Yes,0,Low friction
APL-2026-001394,2026-08-30,2026-08-30,2026-08-31,2026-09-01,2026-09-02,2026-09-02,Administrative,Urgent,PAY-01,TM-01,TM-01,Closed,Overturned,7,Yes,No,No,0,0,RC-12,Yes,3.0,0,1,1,1.0,0.0,Yes,0,Low friction
APL-2026-003198,2026-02-22,2026-02-22,2026-02-23,2026-02-25,2026-03-10,2026-03-10,Authorization,Standard,PAY-07,TM-04,TM-04,Closed,Partially Overturned,7,No,No,No,0,4,RC-05,Yes,16.0,0,1,2,13.0,0.0,No,25,Moderate friction
APL-2026-003142,2026-01-03,2026-01-05,2026-01-05,2026-01-06,2026-01-09,2026-01-13,Pharmacy,Standard,PAY-05,TM-05,TM-05,Closed,Overturned,7,Yes,No,No,0,0,RC-04,Yes,10.0,2,0,1,3.0,4.0,No,10,Low friction
APL-2026-003997,2026-01-18,2026-01-20,2026-01-20,2026-01-20,2026-01-23,2026-01-26,Authorization,Low,PAY-07,TM-04,TM-04,Closed,Overturned,7,Yes,Yes,No,0,0,RC-12,Yes,8.0,2,0,0,3.0,3.0,No,10,Low friction
APL-2026-000995,2026-01-22,2026-01-23,2026-01-27,2026-01-28,2026-02-10,2026-02-11,Clinical,Standard,PAY-01,TM-03,TM-03,Closed,Partially Overturned,14,No,No,No,0,0,RC-02,Yes,20.0,1,4,1,13.0,1.0,No,25,Moderate friction
APL-2026-000581,2026-09-02,2026-09-02,2026-09-02,2026-09-03,2026-09-08,2026-09-09,Clinical,Standard,PAY-03,TM-07,TM-07,Closed,Upheld,14,No,No,No,0,0,RC-01,Yes,7.0,0,0,1,5.0,1.0,Yes,25,Moderate friction
APL-2026-001046,2026-06-19,2026-06-19,2026-06-19,2026-06-22,2026-06-23,2026-06-24,Pharmacy,Standard,PAY-04,TM-05,TM-05,Closed,Overturned,7,Yes,No,No,0,0,RC-14,Yes,5.0,0,0,3,1.0,1.0,Yes,0,Low friction
APL-2026-000078,2026-08-27,2026-08-27,2026-08-27,2026-08-28,2026-09-07,2026-09-09,Clinical,Low,PAY-01,TM-02,TM-02,Closed,Partially Overturned,14,Yes,No,Yes,0,0,RC-10,Yes,13.0,0,0,1,10.0,2.0,Yes,15,Low friction
APL-2026-002596,2026-01-14,2026-01-15,2026-01-15,2026-01-15,2026-01-20,2026-01-20,Authorization,Standard,PAY-04,TM-04,TM-04,Closed,Overturned,7,Yes,No,No,0,0,RC-04,Yes,6.0,1,0,0,5.0,0.0,Yes,0,Low friction
APL-2026-002797,2026-06-19,2026-06-19,2026-06-22,2026-06-23,2026-07-03,2026-07-10,Claims Payment,Standard,PAY-05,TM-01,TM-01,Closed,Upheld,30,Yes,Yes,No,0,0,RC-04,Yes,21.0,0,3,1,10.0,7.0,Yes,10,Low friction
APL-2026-003478,2026-05-17,2026-05-17,2026-05-18,2026-05-20,2026-05-21,2026-05-28,Pharmacy,Standard,PAY-04,TM-05,TM-05,Closed,Partially Overturned,7,No,No,No,0,0,RC-07,Yes,11.0,0,1,2,1.0,7.0,No,35,Moderate friction
APL-2026-001759,2026-02-04,2026-02-04,2026-02-05,2026-02-09,2026-02-11,2026-02-12,Clinical,Urgent,PAY-01,TM-03,TM-03,Closed,Partially Overturned,7,Yes,No,No,0,0,RC-07,Yes,8.0,0,1,4,2.0,1.0,No,0,Low friction
APL-2026-000827,2026-02-15,2026-02-16,2026-02-18,2026-02-23,2026-02-26,2026-02-26,Clinical,Standard,PAY-03,TM-07,TM-07,Closed,Overturned,14,Yes,No,No,0,0,RC-04,Yes,11.0,1,2,5,3.0,0.0,Yes,0,Low friction
APL-2026-000126,2026-08-10,2026-08-12,2026-08-18,2026-08-20,2026-08-28,2026-09-01,Administrative,Standard,PAY-02,TM-01,TM-01,Closed,Upheld,30,Yes,No,No,0,0,RC-01,Yes,22.0,2,6,2,8.0,4.0,Yes,10,Low friction
APL-2026-001253,2026-07-16,2026-07-20,2026-07-21,2026-07-23,2026-08-10,2026-08-12,Clinical,Urgent,PAY-06,TM-07,TM-07,Closed,Upheld,7,No,No,Yes,0,0,RC-05,Yes,27.0,4,1,2,18.0,2.0,No,40,High friction
APL-2026-002806,2026-03-28,2026-03-30,2026-03-30,2026-03-30,2026-04-01,2026-04-03,Authorization,Standard,PAY-04,TM-04,TM-04,Closed,Upheld,7,Yes,No,No,0,0,RC-01,Yes,6.0,2,0,0,2.0,2.0,Yes,0,Low friction
APL-2026-003115,2026-01-14,2026-01-16,2026-01-19,2026-01-20,2026-01-28,2026-01-28,Authorization,Standard,PAY-05,TM-04,TM-04,Closed,Upheld,7,Yes,No,No,0,0,RC-01,Yes,14.0,2,3,1,8.0,0.0,No,0,Low friction
APL-2026-003589,2026-09-24,2026-09-25,2026-10-01,2026-10-06,,,Authorization,Standard,PAY-05,TM-04,TM-04,Escalated,,7,Yes,No,No,0,0,RC-15,Yes,,1,6,5,,,,0,Low friction
APL-2026-001961,2026-02-07,2026-02-07,2026-02-09,2026-02-09,2026-02-19,2026-02-26,Claims Payment,Standard,PAY-01,TM-01,TM-01,Closed,Upheld,30,Yes,No,No,0,0,RC-04,Yes,19.0,0,2,0,10.0,7.0,Yes,10,Low friction
APL-2026-003710,2026-09-01,2026-09-01,2026-09-02,2026-09-03,2026-09-18,2026-09-21,Authorization,Low,PAY-02,TM-04,TM-04,Closed,Overturned,7,No,Yes,No,0,3,RC-04,Yes,20.0,0,1,1,15.0,3.0,No,35,Moderate friction
APL-2026-001597,2026-04-19,2026-04-20,2026-04-21,2026-04-21,2026-04-22,2026-04-29,Administrative,Urgent,PAY-01,TM-01,TM-01,Closed,Upheld,7,Yes,No,No,0,0,RC-01,Yes,10.0,1,1,0,1.0,7.0,No,10,Low friction
APL-2026-000577,2026-02-23,2026-02-24,2026-02-24,2026-02-24,2026-02-26,2026-02-27,Clinical,Low,PAY-05,TM-02,TM-02,Closed,Overturned,14,Yes,No,No,0,0,RC-14,Yes,4.0,1,0,0,2.0,1.0,Yes,0,Low friction
APL-2026-001576,2026-06-14,2026-06-15,2026-06-19,2026-06-22,2026-07-01,2026-07-02,Administrative,Urgent,PAY-02,TM-01,TM-07,Closed,Upheld,7,Yes,No,No,3,0,RC-01,No,18.0,1,4,3,9.0,1.0,No,50,High friction
APL-2026-000622,2026-09-07,2026-09-07,2026-09-16,2026-09-21,,,Claims Payment,Urgent,PAY-05,TM-01,TM-03,Pending Information,,7,Yes,No,Yes,2,0,RC-04,No,,0,9,5,,,,55,High friction
APL-2026-000768,2026-08-09,2026-08-09,2026-08-11,2026-08-13,2026-08-20,2026-08-21,Clinical,Standard,PAY-05,TM-02,TM-02,Closed,Upheld,14,Yes,No,No,0,0,RC-15,Yes,12.0,0,2,2,7.0,1.0,Yes,0,Low friction
APL-2026-003447,2026-08-10,2026-08-11,2026-08-11,2026-08-11,2026-08-21,2026-08-21,Clinical,Standard,PAY-05,TM-03,TM-03,Closed,Upheld,14,Yes,No,Yes,0,0,RC-07,Yes,11.0,1,0,0,10.0,0.0,Yes,15,Low friction
APL-2026-001230,2026-01-04,2026-01-05,2026-01-07,2026-01-12,2026-01-21,2026-01-21,Clinical,Standard,PAY-01,TM-03,TM-08,Closed,Partially Overturned,14,Yes,No,No,2,0,RC-03,No,17.0,1,2,5,9.0,0.0,No,40,High friction
APL-2026-001341,2026-06-04,2026-06-04,2026-06-05,2026-06-08,2026-06-22,2026-06-22,Administrative,Standard,PAY-01,TM-01,TM-01,Closed,Upheld,30,Yes,No,No,0,0,RC-04,Yes,18.0,0,1,3,14.0,0.0,Yes,0,Low friction
APL-2026-000660,2026-04-18,2026-04-18,2026-04-20,2026-04-23,2026-05-05,2026-05-12,Clinical,Low,PAY-01,TM-02,TM-02,Closed,Overturned,14,No,No,No,0,7,RC-13,Yes,24.0,0,2,3,12.0,7.0,No,55,High friction
APL-2026-003079,2026-09-24,2026-09-25,2026-09-29,2026-09-29,,,Authorization,Standard,PAY-02,TM-04,TM-04,Escalated,,7,Yes,No,No,0,0,RC-01,Yes,,1,4,0,,,,0,Low friction
APL-2026-003939,2026-02-26,2026-02-26,2026-03-02,2026-03-02,2026-03-05,2026-03-05,Claims Payment,Urgent,PAY-01,TM-01,TM-01,Closed,Upheld,7,Yes,No,No,0,0,RC-10,Yes,7.0,0,4,0,3.0,0.0,Yes,0,Low friction
APL-2026-002851,2026-06-14,2026-06-14,2026-06-15,2026-06-15,2026-06-29,2026-07-01,Claims Payment,Standard,PAY-03,TM-07,TM-07,Closed,Overturned,30,Yes,Yes,No,0,0,RC-04,Yes,17.0,0,1,0,14.0,2.0,Yes,0,Low friction
APL-2026-003864,2026-04-12,2026-04-12,2026-04-13,2026-04-13,2026-04-21,2026-04-21,Pharmacy,Low,PAY-02,TM-05,TM-05,Closed,Overturned,7,Yes,No,Yes,0,0,RC-01,Yes,9.0,0,1,0,8.0,0.0,No,15,Low friction
APL-2026-002893,2026-08-08,2026-08-08,2026-08-10,2026-08-10,2026-09-01,2026-09-02,Claims Payment,Urgent,PAY-01,TM-01,TM-01,Closed,Upheld,7,Yes,No,No,0,0,RC-07,Yes,25.0,0,2,0,22.0,1.0,No,0,Low friction
APL-2026-001518,2026-01-07,2026-01-08,2026-01-08,2026-01-09,2026-01-14,2026-01-14,Administrative,Standard,PAY-03,TM-07,TM-07,Closed,Partially Overturned,30,Yes,No,No,0,0,RC-01,Yes,7.0,1,0,1,5.0,0.0,Yes,0,Low friction
APL-2026-003697,2026-05-02,2026-05-05,2026-05-05,2026-05-07,2026-05-19,2026-05-19,Clinical,Urgent,PAY-04,TM-02,TM-02,Closed,Upheld,7,No,No,No,0,5,RC-12,Yes,17.0,3,0,2,12.0,0.0,No,25,Moderate friction
APL-2026-003961,2026-05-14,2026-05-14,2026-05-14,2026-05-15,2026-06-01,2026-06-08,Clinical,Low,PAY-02,TM-03,TM-03,Closed,Upheld,14,No,No,No,0,10,RC-05,Yes,25.0,0,0,1,17.0,7.0,No,55,High friction
APL-2026-003982,2026-01-24,2026-01-24,2026-01-24,2026-01-28,2026-02-03,2026-02-10,Claims Payment,Standard,PAY-06,TM-07,TM-07,Closed,Upheld,30,No,Yes,No,0,0,RC-01,Yes,17.0,0,0,4,6.0,7.0,Yes,35,Moderate friction
APL-2026-003726,2026-08-19,2026-08-20,2026-08-20,2026-08-20,2026-08-25,2026-08-25,Pharmacy,Standard,PAY-04,TM-05,TM-05,Closed,Upheld,7,Yes,No,No,0,0,RC-02,Yes,6.0,1,0,0,5.0,0.0,Yes,0,Low friction
APL-2026-000260,2026-08-13,2026-08-13,2026-08-14,2026-08-17,2026-08-21,2026-08-21,Administrative,Standard,PAY-03,TM-07,TM-02,Closed,Upheld,30,Yes,No,No,1,0,RC-01,Yes,8.0,0,1,3,4.0,0.0,Yes,10,Low friction
APL-2026-000283,2026-04-27,2026-04-27,2026-04-29,2026-04-30,2026-05-11,2026-05-12,Clinical,Standard,PAY-02,TM-02,TM-02,Closed,Partially Overturned,14,Yes,No,Yes,0,0,RC-09,Yes,15.0,0,2,1,11.0,1.0,No,15,Low friction
APL-2026-002683,2026-08-16,2026-08-16,2026-08-20,2026-08-20,2026-08-27,2026-08-27,Clinical,Low,PAY-04,TM-02,TM-02,Closed,Upheld,14,Yes,No,Yes,0,0,RC-01,Yes,11.0,0,4,0,7.0,0.0,Yes,15,Low friction
APL-2026-001615,2026-03-12,2026-03-13,2026-03-16,2026-03-16,2026-03-30,2026-03-30,Clinical,Standard,PAY-04,TM-02,TM-02,Closed,Upheld,14,No,Yes,No,0,5,RC-01,Yes,18.0,1,3,0,14.0,0.0,No,25,Moderate friction
APL-2026-001185,2026-04-06,2026-04-07,2026-04-08,2026-04-13,2026-04-20,2026-04-20,Clinical,Standard,PAY-02,TM-03,TM-03,Closed,Upheld,14,No,Yes,No,0,0,RC-01,Yes,14.0,1,1,5,7.0,0.0,Yes,25,Moderate friction
APL-2026-001974,2026-06-19,2026-06-23,2026-06-23,2026-06-23,2026-07-10,2026-07-14,Claims Payment,Standard,PAY-02,TM-01,TM-01,Closed,Partially Overturned,30,Yes,No,No,0,0,RC-04,Yes,25.0,4,0,0,17.0,4.0,Yes,10,Low friction
APL-2026-002523,2026-09-15,2026-09-16,2026-09-17,2026-09-17,2026-09-22,2026-09-22,Administrative,Standard,PAY-01,TM-01,TM-01,Closed,Overturned,30,Yes,No,No,0,0,RC-12,Yes,7.0,1,1,0,5.0,0.0,Yes,0,Low friction
APL-2026-000456,2026-03-22,2026-03-24,2026-03-24,2026-03-24,2026-03-25,2026-03-27,Clinical,Standard,PAY-05,TM-02,TM-02,Closed,Upheld,14,Yes,No,No,0,0,RC-04,Yes,5.0,2,0,0,1.0,2.0,Yes,0,Low friction
APL-2026-002369,2026-08-03,2026-08-03,2026-08-03,2026-08-04,2026-08-05,2026-08-06,Authorization,Urgent,PAY-03,TM-04,TM-04,Closed,Upheld,7,Yes,No,No,0,0,RC-01,Yes,3.0,0,0,1,1.0,1.0,Yes,0,Low friction
APL-2026-000435,2026-01-27,2026-01-27,2026-01-27,2026-01-29,2026-02-06,2026-02-13,Authorization,Low,PAY-02,TM-04,TM-04,Closed,Upheld,7,Yes,No,No,0,0,RC-04,Yes,17.0,0,0,2,8.0,7.0,No,10,Low friction
APL-2026-002936,2026-06-16,2026-06-17,2026-06-18,2026-06-22,2026-06-23,2026-06-25,Authorization,Standard,PAY-04,TM-04,TM-04,Closed,Upheld,7,Yes,No,No,0,0,RC-06,Yes,9.0,1,1,4,1.0,2.0,No,0,Low friction
APL-2026-000300,2026-05-05,2026-05-06,2026-05-11,2026-05-13,2026-06-01,2026-06-08,Authorization,Urgent,PAY-05,TM-04,TM-01,Closed,Upheld,7,No,Yes,Yes,3,0,RC-04,No,34.0,1,5,2,19.0,7.0,No,100,Critical friction
APL-2026-001763,2026-02-25,2026-02-25,2026-03-02,2026-03-05,2026-03-10,2026-03-11,Authorization,Urgent,PAY-04,TM-04,TM-07,Closed,Upheld,7,No,No,No,1,0,RC-04,No,14.0,0,5,3,5.0,1.0,No,55,High friction
APL-2026-002485,2026-09-04,2026-09-04,2026-09-08,2026-09-11,2026-09-23,2026-09-23,Clinical,Standard,PAY-02,TM-02,TM-02,Closed,Upheld,14,No,No,No,0,7,RC-01,Yes,19.0,0,4,3,12.0,0.0,No,45,High friction
APL-2026-003835,2026-04-30,2026-04-30,2026-04-30,2026-04-30,2026-05-11,2026-05-12,Authorization,Standard,PAY-01,TM-04,TM-04,Closed,Upheld,7,Yes,Yes,No,0,0,RC-15,Yes,12.0,0,0,0,11.0,1.0,No,0,Low friction
APL-2026-001933,2026-07-30,2026-07-31,2026-07-31,2026-08-03,2026-08-06,2026-08-06,Clinical,Urgent,PAY-01,TM-02,TM-07,Closed,Overturned,7,Yes,No,No,1,0,RC-08,Yes,7.0,1,0,3,3.0,0.0,Yes,10,Low friction
APL-2026-000439,2026-03-02,2026-03-02,2026-03-02,2026-03-03,2026-03-04,2026-03-06,Clinical,Standard,PAY-04,TM-03,TM-03,Closed,Upheld,14,Yes,No,No,0,0,RC-03,Yes,4.0,0,0,1,1.0,2.0,Yes,0,Low friction
APL-2026-002374,2026-03-24,2026-03-25,2026-03-25,2026-03-25,2026-03-26,2026-03-27,Clinical,Low,PAY-01,TM-03,TM-03,Closed,Upheld,14,Yes,No,No,0,0,RC-01,Yes,3.0,1,0,0,1.0,1.0,Yes,0,Low friction
APL-2026-002025,2026-04-29,2026-04-30,2026-05-04,2026-05-07,2026-05-18,2026-05-20,Clinical,Low,PAY-01,TM-03,TM-03,Closed,Upheld,14,Yes,No,No,0,0,RC-09,Yes,21.0,1,4,3,11.0,2.0,No,0,Low friction
APL-2026-002452,2026-08-13,2026-08-17,2026-08-19,2026-08-24,2026-09-14,2026-09-16,Authorization,Standard,PAY-04,TM-04,TM-04,Closed,Upheld,7,No,Yes,No,0,9,RC-04,Yes,34.0,4,2,5,21.0,2.0,No,45,High friction
APL-2026-003338,2026-02-21,2026-02-21,2026-02-21,2026-02-21,2026-02-25,2026-02-26,Clinical,Standard,PAY-07,TM-02,TM-02,Closed,Overturned,14,Yes,No,No,0,0,RC-02,Yes,5.0,0,0,0,4.0,1.0,Yes,0,Low friction
APL-2026-002613,2026-05-21,2026-05-22,2026-05-25,2026-05-26,2026-06-01,2026-06-02,Pharmacy,Standard,PAY-04,TM-05,TM-03,Closed,Upheld,7,Yes,No,No,1,0,RC-04,No,12.0,1,3,1,6.0,1.0,No,30,Moderate friction
APL-2026-001627,2026-02-11,2026-02-11,2026-02-12,2026-02-12,2026-02-24,2026-02-26,Administrative,Standard,PAY-01,TM-01,TM-01,Closed,Overturned,30,Yes,Yes,No,0,0,RC-02,Yes,15.0,0,1,0,12.0,2.0,Yes,0,Low friction
APL-2026-000293,2026-03-03,2026-03-04,2026-03-05,2026-03-06,2026-03-10,2026-03-17,Clinical,Urgent,PAY-02,TM-03,TM-03,Closed,Upheld,7,Yes,No,No,0,0,RC-11,Yes,14.0,1,1,1,4.0,7.0,No,10,Low friction
APL-2026-001838,2026-07-25,2026-07-25,2026-07-25,2026-07-29,2026-08-07,2026-08-07,Clinical,Standard,PAY-06,TM-07,TM-07,Closed,Overturned,14,Yes,No,No,0,0,RC-08,Yes,13.0,0,0,4,9.0,0.0,Yes,0,Low friction
APL-2026-000279,2026-06-20,2026-06-22,2026-06-22,2026-06-22,2026-06-26,2026-06-26,Clinical,Standard,PAY-03,TM-07,TM-02,Closed,Partially Overturned,14,Yes,No,No,1,0,RC-09,Yes,6.0,2,0,0,4.0,0.0,Yes,10,Low friction
APL-2026-000656,2026-07-25,2026-07-27,2026-07-27,2026-07-30,2026-08-03,2026-08-04,Authorization,Standard,PAY-04,TM-04,TM-04,Closed,Partially Overturned,7,Yes,No,No,0,0,RC-10,Yes,10.0,2,0,3,4.0,1.0,No,0,Low friction
APL-2026-001059,2026-08-02,2026-08-02,2026-08-04,2026-08-05,2026-08-06,2026-08-13,Clinical,Standard,PAY-03,TM-07,TM-07,Closed,Upheld,14,Yes,No,No,0,0,RC-02,Yes,11.0,0,2,1,1.0,7.0,Yes,10,Low friction
APL-2026-000733,2026-05-27,2026-05-27,2026-05-27,2026-05-27,2026-05-28,2026-05-28,Authorization,Low,PAY-04,TM-04,TM-04,Closed,Upheld,7,Yes,No,No,0,0,RC-03,Yes,1.0,0,0,0,1.0,0.0,Yes,0,Low friction
APL-2026-000554,2026-01-05,2026-01-06,2026-01-13,2026-01-16,2026-02-04,2026-02-05,Administrative,Low,PAY-03,TM-07,TM-08,Closed,Overturned,30,No,No,No,1,9,RC-04,No,31.0,1,7,3,19.0,1.0,No,75,Critical friction
APL-2026-002143,2026-05-02,2026-05-04,2026-05-04,2026-05-05,2026-05-06,2026-05-06,Claims Payment,Standard,PAY-03,TM-07,TM-07,Closed,Upheld,30,Yes,No,No,0,0,RC-02,Yes,4.0,2,0,1,1.0,0.0,Yes,0,Low friction
APL-2026-003901,2026-04-23,2026-04-23,2026-04-24,2026-04-24,2026-05-13,2026-05-13,Clinical,Standard,PAY-05,TM-03,TM-03,Closed,Upheld,14,No,No,Yes,0,7,RC-01,Yes,20.0,0,1,0,19.0,0.0,No,60,Critical friction
APL-2026-001901,2026-04-23,2026-04-23,2026-04-27,2026-04-28,2026-05-04,2026-05-06,Administrative,Standard,PAY-05,TM-01,TM-01,Closed,Upheld,30,Yes,No,No,0,0,RC-02,Yes,13.0,0,4,1,6.0,2.0,Yes,0,Low friction
APL-2026-003304,2026-06-14,2026-06-15,2026-06-15,2026-06-18,2026-06-29,2026-07-01,Claims Payment,Low,PAY-01,TM-01,TM-01,Closed,Upheld,30,Yes,No,No,0,0,RC-07,Yes,17.0,1,0,3,11.0,2.0,Yes,0,Low friction
APL-2026-002294,2026-09-09,2026-09-10,2026-09-10,2026-09-10,2026-09-11,2026-09-15,Administrative,Standard,PAY-02,TM-01,TM-01,Closed,Partially Overturned,30,Yes,No,No,0,0,RC-04,Yes,6.0,1,0,0,1.0,4.0,Yes,10,Low friction
APL-2026-002994,2026-08-03,2026-08-04,2026-08-04,2026-08-04,2026-08-19,2026-08-21,Clinical,Low,PAY-06,TM-07,TM-07,Closed,Overturned,14,Yes,No,Yes,0,0,RC-06,Yes,18.0,1,0,0,15.0,2.0,No,15,Low friction
APL-2026-001192,2026-07-31,2026-08-03,2026-08-03,2026-08-05,2026-08-12,2026-08-13,Clinical,Standard,PAY-03,TM-07,TM-07,Closed,Upheld,14,No,No,No,0,0,RC-05,Yes,13.0,3,0,2,7.0,1.0,Yes,25,Moderate friction
APL-2026-001527,2026-03-30,2026-04-01,2026-04-02,2026-04-03,2026-04-06,2026-04-06,Clinical,Standard,PAY-03,TM-07,TM-07,Closed,Overturned,14,Yes,No,No,0,0,RC-01,Yes,7.0,2,1,1,3.0,0.0,Yes,0,Low friction
APL-2026-001996,2026-06-27,2026-06-30,2026-07-02,2026-07-03,2026-07-17,2026-07-17,Authorization,Standard,PAY-04,TM-04,TM-04,Closed,Upheld,7,Yes,Yes,Yes,0,0,RC-06,Yes,20.0,3,2,1,14.0,0.0,No,15,Low friction
APL-2026-001357,2026-07-24,2026-07-27,2026-07-28,2026-07-30,2026-08-04,2026-08-06,Clinical,Low,PAY-03,TM-07,TM-07,Closed,Upheld,14,Yes,No,No,0,0,RC-11,Yes,13.0,3,1,2,5.0,2.0,Yes,0,Low friction
APL-2026-001695,2026-09-09,2026-09-10,2026-09-10,2026-09-10,2026-09-22,2026-09-24,Authorization,Standard,PAY-01,TM-04,TM-04,Closed,Upheld,7,Yes,No,No,0,0,RC-02,Yes,15.0,1,0,0,12.0,2.0,No,0,Low friction
APL-2026-000776,2026-02-20,2026-02-23,2026-02-23,2026-02-24,2026-03-19,2026-03-19,Pharmacy,Standard,PAY-01,TM-05,TM-05,Closed,Upheld,7,No,Yes,No,0,7,RC-01,Yes,27.0,3,0,1,23.0,0.0,No,45,High friction
APL-2026-000427,2026-08-07,2026-08-07,2026-08-07,2026-08-10,2026-08-14,2026-08-14,Clinical,Standard,PAY-04,TM-03,TM-04,Closed,Partially Overturned,14,Yes,No,No,1,0,RC-01,Yes,7.0,0,0,3,4.0,0.0,Yes,10,Low friction
APL-2026-003614,2026-01-29,2026-01-30,2026-02-03,2026-02-03,2026-02-16,2026-02-17,Administrative,Standard,PAY-01,TM-01,TM-01,Closed,Upheld,30,No,No,No,0,2,RC-04,Yes,19.0,1,4,0,13.0,1.0,Yes,25,Moderate friction
APL-2026-001787,2026-05-08,2026-05-08,2026-05-13,2026-05-15,2026-06-09,2026-06-09,Administrative,Standard,PAY-04,TM-01,TM-08,Closed,Upheld,30,No,Yes,No,2,0,RC-04,No,32.0,0,5,2,25.0,0.0,No,65,Critical friction
APL-2026-001187,2026-01-03,2026-01-03,2026-01-06,2026-01-08,2026-01-22,2026-01-29,Pharmacy,Standard,PAY-03,TM-05,TM-05,Closed,Upheld,7,No,No,No,0,6,RC-13,Yes,26.0,0,3,2,14.0,7.0,No,55,High friction
APL-2026-002198,2026-02-07,2026-02-09,2026-02-09,2026-02-10,2026-02-19,2026-02-19,Clinical,Low,PAY-06,TM-07,TM-07,Closed,Upheld,14,Yes,No,Yes,0,0,RC-01,Yes,12.0,2,0,1,9.0,0.0,Yes,15,Low friction
APL-2026-002275,2026-08-16,2026-08-16,2026-08-18,2026-08-18,2026-08-25,2026-08-26,Authorization,Standard,PAY-04,TM-04,TM-04,Closed,Partially Overturned,7,Yes,Yes,No,0,0,RC-02,Yes,10.0,0,2,0,7.0,1.0,No,0,Low friction
APL-2026-000866,2026-01-05,2026-01-06,2026-01-06,2026-01-09,2026-01-19,2026-01-19,Clinical,Low,PAY-01,TM-02,TM-04,Closed,Overturned,14,Yes,No,No,1,0,RC-05,Yes,14.0,1,0,3,10.0,0.0,Yes,10,Low friction
APL-2026-003016,2026-02-10,2026-02-11,2026-02-13,2026-02-16,2026-02-23,2026-02-23,Administrative,Standard,PAY-01,TM-01,TM-01,Closed,Partially Overturned,30,No,No,No,0,2,RC-01,Yes,13.0,1,2,3,7.0,0.0,Yes,25,Moderate friction
APL-2026-001710,2026-08-13,2026-08-14,2026-08-14,2026-08-17,2026-08-24,2026-08-25,Authorization,Standard,PAY-04,TM-04,TM-04,Closed,Partially Overturned,7,Yes,No,No,0,0,RC-11,Yes,12.0,1,0,3,7.0,1.0,No,0,Low friction
APL-2026-003167,2026-01-01,2026-01-01,2026-01-01,2026-01-01,2026-01-14,2026-01-14,Clinical,Standard,PAY-05,TM-03,TM-03,Closed,Upheld,14,Yes,No,No,0,0,RC-04,Yes,13.0,0,0,0,13.0,0.0,Yes,0,Low friction
APL-2026-001793,2026-08-12,2026-08-12,2026-08-18,2026-08-20,2026-09-09,2026-09-09,Clinical,Urgent,PAY-03,TM-07,TM-05,Closed,Partially Overturned,7,No,Yes,No,1,8,RC-02,Yes,28.0,0,6,2,20.0,0.0,No,55,High friction
APL-2026-001246,2026-07-12,2026-07-12,2026-07-14,2026-07-15,2026-07-16,2026-07-16,Clinical,Standard,PAY-05,TM-02,TM-02,Closed,Upheld,14,Yes,No,No,0,0,RC-03,Yes,4.0,0,2,1,1.0,0.0,Yes,0,Low friction
APL-2026-003670,2026-03-01,2026-03-03,2026-03-04,2026-03-04,2026-03-05,2026-03-05,Authorization,Urgent,PAY-04,TM-04,TM-04,Closed,Overturned,7,No,No,No,0,0,RC-04,Yes,4.0,2,1,0,1.0,0.0,Yes,25,Moderate friction
APL-2026-000901,2026-05-07,2026-05-07,2026-05-08,2026-05-11,2026-05-15,2026-05-19,Administrative,Standard,PAY-03,TM-07,TM-07,Closed,Overturned,30,Yes,No,No,0,0,RC-03,Yes,12.0,0,1,3,4.0,4.0,Yes,10,Low friction
APL-2026-002748,2026-03-04,2026-03-04,2026-03-06,2026-03-11,2026-03-23,2026-03-23,Administrative,Standard,PAY-04,TM-01,TM-01,Closed,Upheld,30,Yes,No,No,0,0,RC-10,Yes,19.0,0,2,5,12.0,0.0,Yes,0,Low friction
APL-2026-003546,2026-02-03,2026-02-05,2026-02-11,2026-02-11,2026-02-12,2026-02-13,Administrative,Standard,PAY-04,TM-01,TM-01,Closed,Partially Overturned,30,Yes,No,No,0,0,RC-05,Yes,10.0,2,6,0,1.0,1.0,Yes,0,Low friction
APL-2026-001529,2026-03-01,2026-03-01,2026-03-02,2026-03-04,2026-03-05,2026-03-05,Clinical,Standard,PAY-02,TM-02,TM-02,Closed,Partially Overturned,14,Yes,No,No,0,0,RC-04,Yes,4.0,0,1,2,1.0,0.0,Yes,0,Low friction
APL-2026-000602,2026-03-30,2026-03-31,2026-03-31,2026-03-31,2026-04-08,2026-04-08,Clinical,Standard,PAY-01,TM-03,TM-05,Closed,Upheld,14,Yes,No,No,1,0,RC-13,Yes,9.0,1,0,0,8.0,0.0,Yes,10,Low friction
APL-2026-001292,2026-04-15,2026-04-15,2026-04-21,2026-04-24,2026-05-29,2026-06-02,Clinical,Standard,PAY-01,TM-02,TM-02,Closed,Upheld,14,No,Yes,No,0,18,RC-04,Yes,48.0,0,6,3,35.0,4.0,No,55,High friction
APL-2026-003107,2026-06-06,2026-06-08,2026-06-09,2026-06-09,2026-06-12,2026-06-12,Clinical,Standard,PAY-02,TM-03,TM-03,Closed,Upheld,14,Yes,No,No,0,0,RC-14,Yes,6.0,2,1,0,3.0,0.0,Yes,0,Low friction
APL-2026-000218,2026-03-04,2026-03-05,2026-03-11,2026-03-11,2026-03-18,2026-03-18,Clinical,Standard,PAY-07,TM-03,TM-03,Closed,Partially Overturned,14,Yes,No,No,0,0,RC-12,Yes,14.0,1,6,0,7.0,0.0,Yes,0,Low friction
APL-2026-003145,2026-07-04,2026-07-07,2026-07-08,2026-07-09,2026-07-10,2026-07-10,Authorization,Urgent,PAY-01,TM-04,TM-04,Closed,Partially Overturned,7,Yes,No,No,0,0,RC-06,Yes,6.0,3,1,1,1.0,0.0,Yes,0,Low friction
APL-2026-002866,2026-02-10,2026-02-10,2026-02-12,2026-02-16,2026-03-02,2026-03-09,Clinical,Urgent,PAY-01,TM-02,TM-02,Closed,Upheld,7,Yes,No,No,0,0,RC-06,Yes,27.0,0,2,4,14.0,7.0,No,10,Low friction
APL-2026-002269,2026-01-27,2026-01-27,2026-01-28,2026-01-28,2026-02-05,2026-02-05,Authorization,Low,PAY-02,TM-04,TM-04,Closed,Partially Overturned,7,Yes,Yes,No,0,0,RC-06,Yes,9.0,0,1,0,8.0,0.0,No,0,Low friction
APL-2026-000214,2026-01-17,2026-01-19,2026-01-21,2026-01-22,2026-02-06,2026-02-10,Clinical,Standard,PAY-02,TM-03,TM-03,Closed,Upheld,14,Yes,No,Yes,0,0,RC-08,Yes,24.0,2,2,1,15.0,4.0,No,25,Moderate friction
APL-2026-000036,2026-06-10,2026-06-11,2026-06-11,2026-06-16,2026-06-25,2026-06-25,Pharmacy,Standard,PAY-01,TM-05,TM-05,Closed,Upheld,7,No,No,No,0,3,RC-05,Yes,15.0,1,0,5,9.0,0.0,No,25,Moderate friction
APL-2026-002956,2026-07-10,2026-07-14,2026-07-16,2026-07-17,2026-07-20,2026-07-21,Pharmacy,Standard,PAY-01,TM-05,TM-05,Closed,Partially Overturned,7,Yes,No,No,0,0,RC-01,Yes,11.0,4,2,1,3.0,1.0,No,0,Low friction
APL-2026-002443,2026-02-05,2026-02-06,2026-02-09,2026-02-09,2026-02-17,2026-02-17,Clinical,Standard,PAY-07,TM-02,TM-02,Closed,Upheld,14,Yes,Yes,No,0,0,RC-04,Yes,12.0,1,3,0,8.0,0.0,Yes,0,Low friction
APL-2026-003695,2026-05-19,2026-05-20,2026-05-22,2026-05-26,2026-06-02,2026-06-02,Administrative,Standard,PAY-02,TM-01,TM-01,Closed,Upheld,30,Yes,No,No,0,0,RC-13,Yes,14.0,1,2,4,7.0,0.0,Yes,0,Low friction
APL-2026-000368,2026-08-16,2026-08-18,2026-08-19,2026-08-19,2026-08-25,2026-08-27,Clinical,Standard,PAY-04,TM-03,TM-04,Closed,Upheld,14,Yes,No,No,1,0,RC-04,No,11.0,2,1,0,6.0,2.0,Yes,30,Moderate friction
APL-2026-002973,2026-05-10,2026-05-10,2026-05-11,2026-05-11,2026-05-20,2026-05-21,Clinical,Low,PAY-03,TM-07,TM-07,Closed,Upheld,14,Yes,No,No,0,0,RC-12,Yes,11.0,0,1,0,9.0,1.0,Yes,0,Low friction
APL-2026-000013,2026-01-22,2026-01-22,2026-01-23,2026-01-27,2026-01-29,2026-01-30,Administrative,Standard,PAY-06,TM-07,TM-07,Closed,Partially Overturned,30,Yes,No,No,0,0,RC-10,Yes,8.0,0,1,4,2.0,1.0,Yes,0,Low friction
APL-2026-000477,2026-04-26,2026-04-27,2026-04-30,2026-05-01,2026-05-07,2026-05-07,Clinical,Standard,PAY-06,TM-07,TM-03,Closed,Overturned,14,Yes,No,No,1,0,RC-02,No,11.0,1,3,1,6.0,0.0,Yes,30,Moderate friction
APL-2026-003416,2026-06-02,2026-06-04,2026-06-08,2026-06-08,2026-06-12,2026-06-12,Authorization,Standard,PAY-05,TM-04,TM-04,Closed,Partially Overturned,7,Yes,No,No,0,0,RC-09,Yes,10.0,2,4,0,4.0,0.0,No,0,Low friction
APL-2026-003271,2026-05-26,2026-05-26,2026-05-27,2026-05-28,2026-06-02,2026-06-03,Claims Payment,Standard,PAY-02,TM-01,TM-03,Closed,Upheld,30,Yes,No,No,1,0,RC-02,Yes,8.0,0,1,1,5.0,1.0,Yes,10,Low friction
APL-2026-001721,2026-06-23,2026-06-23,2026-06-24,2026-06-26,2026-07-03,2026-07-06,Clinical,Standard,PAY-02,TM-03,TM-03,Closed,Partially Overturned,14,Yes,No,No,0,0,RC-01,Yes,13.0,0,1,2,7.0,3.0,Yes,10,Low friction
APL-2026-002283,2026-05-20,2026-05-21,2026-05-22,2026-05-22,2026-06-01,2026-06-02,Authorization,Low,PAY-03,TM-04,TM-04,Closed,Upheld,7,No,No,No,0,5,RC-11,Yes,13.0,1,1,0,10.0,1.0,No,25,Moderate friction
APL-2026-002744,2026-08-04,2026-08-04,2026-08-05,2026-08-05,2026-08-10,2026-08-10,Clinical,Standard,PAY-02,TM-02,TM-02,Closed,Overturned,14,Yes,No,No,0,0,RC-03,Yes,6.0,0,1,0,5.0,0.0,Yes,0,Low friction
APL-2026-003493,2026-03-17,2026-03-17,2026-03-19,2026-03-23,2026-03-30,2026-03-30,Claims Payment,Standard,PAY-06,TM-07,TM-06,Closed,Overturned,30,Yes,No,No,1,0,RC-03,Yes,13.0,0,2,4,7.0,0.0,Yes,10,Low friction
APL-2026-001085,2026-02-25,2026-02-25,2026-02-26,2026-02-26,2026-02-27,2026-03-03,Clinical,Standard,PAY-04,TM-02,TM-02,Closed,Partially Overturned,14,Yes,No,No,0,0,RC-13,Yes,6.0,0,1,0,1.0,4.0,Yes,10,Low friction
APL-2026-003888,2026-06-23,2026-06-23,2026-06-25,2026-06-30,2026-07-06,2026-07-13,Administrative,Standard,PAY-07,TM-01,TM-04,Closed,Upheld,30,Yes,No,No,1,0,RC-02,Yes,20.0,0,2,5,6.0,7.0,Yes,20,Moderate friction
APL-2026-001633,2026-05-18,2026-05-19,2026-05-22,2026-05-25,2026-05-29,2026-06-02,Authorization,Standard,PAY-04,TM-04,TM-02,Closed,Overturned,7,Yes,No,No,1,0,RC-04,No,15.0,1,3,3,4.0,4.0,No,40,High friction
APL-2026-000014,2026-08-01,2026-08-03,2026-08-03,2026-08-04,2026-08-06,2026-08-06,Authorization,Urgent,PAY-06,TM-04,TM-04,Closed,Overturned,7,Yes,No,No,0,0,RC-05,Yes,5.0,2,0,1,2.0,0.0,Yes,0,Low friction
APL-2026-003370,2026-09-12,2026-09-14,2026-09-18,2026-09-21,2026-09-28,2026-09-28,Authorization,Standard,PAY-01,TM-04,TM-04,Closed,Upheld,7,No,No,No,0,0,RC-01,Yes,16.0,2,4,3,7.0,0.0,No,25,Moderate friction
APL-2026-002112,2026-05-22,2026-05-25,2026-05-25,2026-05-25,2026-06-10,2026-06-11,Administrative,Low,PAY-01,TM-01,TM-01,Closed,Overturned,30,No,No,No,0,10,RC-08,Yes,20.0,3,0,0,16.0,1.0,Yes,45,High friction
APL-2026-002783,2026-04-01,2026-04-02,2026-04-02,2026-04-03,2026-04-15,2026-04-15,Administrative,Standard,PAY-01,TM-01,TM-01,Closed,Upheld,30,Yes,No,Yes,0,0,RC-06,Yes,14.0,1,0,1,12.0,0.0,Yes,15,Low friction
APL-2026-001024,2026-04-08,2026-04-08,2026-04-08,2026-04-13,2026-04-14,2026-04-14,Pharmacy,Low,PAY-02,TM-05,TM-05,Closed,Upheld,7,Yes,No,No,0,0,RC-06,Yes,6.0,0,0,5,1.0,0.0,Yes,0,Low friction
APL-2026-000965,2026-03-25,2026-03-26,2026-03-30,2026-04-01,2026-04-15,2026-04-16,Authorization,Low,PAY-07,TM-04,TM-04,Closed,Upheld,7,Yes,No,No,0,0,RC-03,Yes,22.0,1,4,2,14.0,1.0,No,0,Low friction
APL-2026-000608,2026-07-12,2026-07-14,2026-07-15,2026-07-16,2026-07-23,2026-07-24,Clinical,Urgent,PAY-05,TM-03,TM-07,Closed,Overturned,7,Yes,No,No,1,0,RC-04,Yes,12.0,2,1,1,7.0,1.0,No,10,Low friction
APL-2026-002062,2026-06-19,2026-06-19,2026-06-19,2026-06-24,2026-06-25,2026-06-26,Authorization,Low,PAY-04,TM-04,TM-04,Closed,Overturned,7,Yes,No,No,0,0,RC-07,Yes,7.0,0,0,5,1.0,1.0,Yes,0,Low friction
APL-2026-002888,2026-08-21,2026-08-24,2026-08-25,2026-08-26,2026-09-04,2026-09-07,Authorization,Urgent,PAY-04,TM-04,TM-04,Closed,Upheld,7,Yes,No,No,0,0,RC-04,Yes,17.0,3,1,1,9.0,3.0,No,10,Low friction
APL-2026-000436,2026-02-19,2026-02-20,2026-02-23,2026-02-25,2026-02-27,2026-02-27,Clinical,Standard,PAY-02,TM-03,TM-03,Closed,Partially Overturned,14,Yes,No,No,0,0,RC-04,Yes,8.0,1,3,2,2.0,0.0,Yes,0,Low friction
APL-2026-000018,2026-05-29,2026-05-29,2026-05-29,2026-06-01,2026-06-15,2026-06-17,Clinical,Low,PAY-07,TM-03,TM-03,Closed,Upheld,14,No,Yes,No,0,4,RC-05,Yes,19.0,0,0,3,14.0,2.0,No,25,Moderate friction
APL-2026-002813,2026-02-24,2026-02-26,2026-02-26,2026-03-03,2026-03-04,2026-03-05,Administrative,Standard,PAY-03,TM-07,TM-07,Closed,Overturned,30,Yes,No,No,0,0,RC-01,Yes,9.0,2,0,5,1.0,1.0,Yes,0,Low friction
APL-2026-003562,2026-04-23,2026-04-23,2026-04-24,2026-04-28,2026-04-30,2026-05-04,Authorization,Standard,PAY-04,TM-04,TM-04,Closed,Upheld,7,Yes,No,No,0,0,RC-07,Yes,11.0,0,1,4,2.0,4.0,No,10,Low friction
APL-2026-001783,2026-09-08,2026-09-09,2026-09-10,2026-09-10,2026-09-17,2026-09-17,Administrative,Standard,PAY-01,TM-01,TM-02,Closed,Partially Overturned,30,Yes,No,No,1,0,RC-01,No,9.0,1,1,0,7.0,0.0,Yes,30,Moderate friction
APL-2026-001804,2026-04-13,2026-04-14,2026-04-14,2026-04-17,2026-04-27,2026-04-27,Administrative,Standard,PAY-04,TM-01,TM-01,Closed,Overturned,30,Yes,No,No,0,0,RC-08,Yes,14.0,1,0,3,10.0,0.0,Yes,0,Low friction
APL-2026-002397,2026-04-15,2026-04-16,2026-04-17,2026-04-20,2026-04-24,2026-04-27,Administrative,Urgent,PAY-07,TM-01,TM-01,Closed,Upheld,7,Yes,No,No,0,0,RC-02,Yes,12.0,1,1,3,4.0,3.0,No,10,Low friction
APL-2026-002256,2026-02-14,2026-02-17,2026-02-20,2026-02-23,2026-03-12,2026-03-12,Clinical,Standard,PAY-05,TM-03,TM-05,Closed,Upheld,14,No,Yes,No,1,4,RC-04,No,26.0,3,3,3,17.0,0.0,No,55,High friction
APL-2026-001115,2026-06-26,2026-06-29,2026-06-29,2026-06-29,2026-07-06,2026-07-13,Administrative,Standard,PAY-03,TM-07,TM-07,Closed,Overturned,30,Yes,No,No,0,0,RC-08,Yes,17.0,3,0,0,7.0,7.0,Yes,10,Low friction
APL-2026-003380,2026-01-08,2026-01-12,2026-01-13,2026-01-14,2026-01-23,2026-01-26,Pharmacy,Standard,PAY-01,TM-05,TM-05,Closed,Upheld,7,No,No,No,0,4,RC-12,Yes,18.0,4,1,1,9.0,3.0,No,35,Moderate friction
APL-2026-002390,2026-03-12,2026-03-12,2026-03-12,2026-03-12,2026-03-16,2026-03-16,Administrative,Standard,PAY-01,TM-01,TM-01,Closed,Partially Overturned,30,Yes,No,No,0,0,RC-14,Yes,4.0,0,0,0,4.0,0.0,Yes,0,Low friction
APL-2026-003453,2026-06-01,2026-06-02,2026-06-04,2026-06-08,2026-07-03,2026-07-07,Claims Payment,Standard,PAY-03,TM-07,TM-01,Closed,Upheld,30,No,No,No,1,10,RC-04,No,36.0,1,2,4,25.0,4.0,No,85,Critical friction
APL-2026-001954,2026-08-17,2026-08-17,2026-08-21,2026-08-26,2026-08-31,2026-09-07,Administrative,Low,PAY-04,TM-01,TM-01,Closed,Upheld,30,Yes,No,No,0,0,RC-05,Yes,21.0,0,4,5,5.0,7.0,Yes,10,Low friction
APL-2026-000345,2026-01-16,2026-01-20,2026-01-20,2026-01-22,2026-01-23,2026-01-23,Clinical,Standard,PAY-03,TM-07,TM-07,Closed,Upheld,14,Yes,No,No,0,0,RC-14,Yes,7.0,4,0,2,1.0,0.0,Yes,0,Low friction
APL-2026-003544,2026-03-03,2026-03-05,2026-03-09,2026-03-11,2026-03-13,2026-03-17,Authorization,Standard,PAY-03,TM-04,TM-04,Closed,Upheld,7,Yes,No,No,0,0,RC-03,Yes,14.0,2,4,2,2.0,4.0,No,10,Low friction
APL-2026-003808,2026-08-24,2026-08-25,2026-08-25,2026-08-26,2026-09-04,2026-09-04,Pharmacy,Standard,PAY-02,TM-05,TM-05,Closed,Upheld,7,Yes,No,No,0,0,RC-08,Yes,11.0,1,0,1,9.0,0.0,No,0,Low friction
APL-2026-003848,2026-08-26,2026-08-26,2026-08-28,2026-08-28,2026-09-14,2026-09-14,Authorization,Standard,PAY-01,TM-04,TM-04,Closed,Overturned,7,Yes,No,No,0,0,RC-02,Yes,19.0,0,2,0,17.0,0.0,No,0,Low friction
APL-2026-002600,2026-03-13,2026-03-13,2026-03-16,2026-03-18,2026-04-01,2026-04-08,Clinical,Standard,PAY-04,TM-03,TM-03,Closed,Upheld,14,Yes,Yes,No,0,0,RC-03,Yes,26.0,0,3,2,14.0,7.0,No,10,Low friction
APL-2026-002647,2026-04-13,2026-04-13,2026-04-15,2026-04-17,2026-04-23,2026-04-23,Administrative,Standard,PAY-01,TM-01,TM-06,Closed,Partially Overturned,30,No,No,No,1,0,RC-06,Yes,10.0,0,2,2,6.0,0.0,Yes,35,Moderate friction
APL-2026-001718,2026-09-27,2026-09-27,2026-09-28,2026-09-30,,,Clinical,Urgent,PAY-03,TM-07,TM-07,Pending Information,,7,Yes,No,No,0,0,RC-14,Yes,,0,1,2,,,,0,Low friction
APL-2026-000033,2026-06-26,2026-06-29,2026-06-29,2026-06-30,2026-07-01,2026-07-02,Authorization,Standard,PAY-01,TM-04,TM-04,Closed,Upheld,7,Yes,No,No,0,0,RC-05,Yes,6.0,3,0,1,1.0,1.0,Yes,0,Low friction
APL-2026-000373,2026-02-04,2026-02-05,2026-02-05,2026-02-09,2026-02-12,2026-02-13,Authorization,Standard,PAY-01,TM-04,TM-04,Closed,Overturned,7,Yes,No,No,0,0,RC-05,Yes,9.0,1,0,4,3.0,1.0,No,0,Low friction
APL-2026-000658,2026-01-26,2026-01-26,2026-01-27,2026-01-28,2026-01-29,2026-02-05,Authorization,Standard,PAY-04,TM-04,TM-04,Closed,Overturned,7,Yes,No,No,0,0,RC-03,Yes,10.0,0,1,1,1.0,7.0,No,10,Low friction
APL-2026-003743,2026-03-04,2026-03-04,2026-03-10,2026-03-10,2026-03-17,2026-03-17,Administrative,Standard,PAY-01,TM-01,TM-01,Closed,Overturned,30,Yes,No,No,0,0,RC-02,Yes,13.0,0,6,0,7.0,0.0,Yes,0,Low friction
APL-2026-002221,2026-03-15,2026-03-16,2026-03-17,2026-03-20,2026-04-07,2026-04-08,Administrative,Urgent,PAY-03,TM-07,TM-07,Closed,Upheld,7,Yes,Yes,No,0,0,RC-08,Yes,24.0,1,1,3,18.0,1.0,No,0,Low friction
APL-2026-001087,2026-08-03,2026-08-04,2026-08-05,2026-08-10,2026-08-17,2026-08-17,Clinical,Standard,PAY-05,TM-02,TM-02,Closed,Overturned,14,Yes,No,No,0,0,RC-02,Yes,14.0,1,1,5,7.0,0.0,Yes,0,Low friction
APL-2026-003221,2026-08-22,2026-08-22,2026-08-24,2026-08-25,2026-09-02,2026-09-03,Administrative,Standard,PAY-02,TM-01,TM-01,Closed,Partially Overturned,30,Yes,No,No,0,0,RC-03,Yes,12.0,0,2,1,8.0,1.0,Yes,0,Low friction
APL-2026-002457,2026-01-18,2026-01-20,2026-01-23,2026-01-28,2026-02-12,2026-02-12,Administrative,Low,PAY-01,TM-01,TM-05,Closed,Upheld,30,Yes,No,No,2,0,RC-05,No,25.0,2,3,5,15.0,0.0,Yes,40,High friction
APL-2026-003099,2026-01-09,2026-01-09,2026-01-09,2026-01-12,2026-01-16,2026-01-16,Authorization,Standard,PAY-04,TM-04,TM-05,Closed,Overturned,7,Yes,No,No,1,0,RC-07,Yes,7.0,0,0,3,4.0,0.0,Yes,10,Low friction
APL-2026-003917,2026-06-03,2026-06-04,2026-06-04,2026-06-04,2026-06-12,2026-06-16,Claims Payment,Low,PAY-02,TM-01,TM-02,Closed,Upheld,30,Yes,Yes,No,1,0,RC-13,Yes,13.0,1,0,0,8.0,4.0,Yes,20,Moderate friction
APL-2026-002249,2026-08-26,2026-08-28,2026-08-28,2026-09-01,2026-09-16,2026-09-16,Claims Payment,Standard,PAY-05,TM-01,TM-05,Closed,Upheld,30,No,No,No,1,4,RC-05,Yes,21.0,2,0,4,15.0,0.0,Yes,35,Moderate friction
APL-2026-001317,2026-09-09,2026-09-10,2026-09-11,2026-09-11,2026-09-16,2026-09-18,Administrative,Low,PAY-03,TM-07,TM-07,Closed,Upheld,30,No,No,No,0,1,RC-12,Yes,9.0,1,1,0,5.0,2.0,Yes,25,Moderate friction
APL-2026-000861,2026-03-04,2026-03-04,2026-03-04,2026-03-04,2026-03-05,2026-03-09,Administrative,Standard,PAY-03,TM-07,TM-07,Closed,Overturned,30,Yes,No,No,0,0,RC-04,Yes,5.0,0,0,0,1.0,4.0,Yes,10,Low friction
APL-2026-001608,2026-08-16,2026-08-17,2026-08-20,2026-08-24,2026-08-27,2026-08-28,Administrative,Standard,PAY-03,TM-07,TM-05,Closed,Partially Overturned,30,Yes,No,No,1,0,RC-08,No,12.0,1,3,4,3.0,1.0,Yes,30,Moderate friction
APL-2026-000045,2026-04-27,2026-04-28,2026-04-29,2026-04-30,2026-05-18,2026-05-18,Authorization,Standard,PAY-05,TM-04,TM-04,Closed,Upheld,7,No,No,No,0,10,RC-01,Yes,21.0,1,1,1,18.0,0.0,No,45,High friction
APL-2026-001535,2026-05-29,2026-05-29,2026-06-01,2026-06-03,2026-06-18,2026-06-19,Authorization,Standard,PAY-03,TM-04,TM-04,Closed,Partially Overturned,7,Yes,No,No,0,0,RC-06,Yes,21.0,0,3,2,15.0,1.0,No,0,Low friction
APL-2026-003214,2026-01-04,2026-01-05,2026-01-06,2026-01-06,2026-01-27,2026-01-28,Pharmacy,Standard,PAY-02,TM-05,TM-05,Closed,Overturned,7,No,Yes,No,0,10,RC-05,Yes,24.0,1,1,0,21.0,1.0,No,45,High friction
APL-2026-003851,2026-05-05,2026-05-05,2026-05-07,2026-05-08,2026-05-27,2026-05-27,Administrative,Low,PAY-05,TM-01,TM-01,Closed,Upheld,30,Yes,No,Yes,0,0,RC-11,Yes,22.0,0,2,1,19.0,0.0,Yes,15,Low friction
APL-2026-003082,2026-07-30,2026-07-30,2026-07-30,2026-08-03,2026-08-11,2026-08-18,Claims Payment,Urgent,PAY-04,TM-01,TM-01,Closed,Partially Overturned,7,Yes,No,No,0,0,RC-05,Yes,19.0,0,0,4,8.0,7.0,No,10,Low friction
APL-2026-003410,2026-04-28,2026-04-29,2026-04-29,2026-04-30,2026-05-05,2026-05-07,Pharmacy,Standard,PAY-06,TM-05,TM-05,Closed,Overturned,7,Yes,No,No,0,0,RC-01,Yes,9.0,1,0,1,5.0,2.0,No,0,Low friction
APL-2026-003979,2026-01-17,2026-01-19,2026-01-21,2026-01-23,2026-02-04,2026-02-05,Authorization,Standard,PAY-02,TM-04,TM-04,Closed,Upheld,7,Yes,No,Yes,0,0,RC-02,Yes,19.0,2,2,2,12.0,1.0,No,15,Low friction
APL-2026-000490,2026-06-01,2026-06-01,2026-06-05,2026-06-08,2026-06-12,2026-06-12,Authorization,Standard,PAY-07,TM-04,TM-04,Closed,Overturned,7,Yes,No,No,0,0,RC-01,Yes,11.0,0,4,3,4.0,0.0,No,0,Low friction
APL-2026-000504,2026-09-28,2026-09-30,2026-10-05,2026-10-06,,,Claims Payment,Standard,PAY-07,TM-01,TM-03,In Review,,30,Yes,No,No,1,0,RC-12,No,,2,5,1,,,,30,Moderate friction
APL-2026-002261,2026-07-21,2026-07-22,2026-07-22,2026-07-24,2026-07-28,2026-07-29,Clinical,Low,PAY-01,TM-02,TM-02,Closed,Overturned,14,Yes,No,No,0,0,RC-01,Yes,8.0,1,0,2,4.0,1.0,Yes,0,Low friction
APL-2026-000134,2026-02-03,2026-02-05,2026-02-05,2026-02-09,2026-02-17,2026-02-17,Clinical,Standard,PAY-02,TM-03,TM-03,Closed,Upheld,14,Yes,No,No,0,0,RC-04,Yes,14.0,2,0,4,8.0,0.0,Yes,0,Low friction
APL-2026-002109,2026-07-20,2026-07-20,2026-07-21,2026-07-21,2026-07-23,2026-07-23,Clinical,Low,PAY-02,TM-02,TM-02,Closed,Partially Overturned,14,Yes,No,No,0,0,RC-15,Yes,3.0,0,1,0,2.0,0.0,Yes,0,Low friction
APL-2026-000691,2026-06-11,2026-06-12,2026-06-15,2026-06-16,2026-06-29,2026-06-30,Administrative,Standard,PAY-06,TM-07,TM-01,Closed,Overturned,30,Yes,No,No,3,0,RC-12,No,19.0,1,3,1,13.0,1.0,Yes,50,High friction
APL-2026-002075,2026-07-04,2026-07-04,2026-07-07,2026-07-08,2026-07-22,2026-07-22,Clinical,Standard,PAY-06,TM-07,TM-07,Closed,Overturned,14,Yes,Yes,No,0,0,RC-04,Yes,18.0,0,3,1,14.0,0.0,No,0,Low friction
APL-2026-002149,2026-06-03,2026-06-04,2026-06-04,2026-06-08,2026-06-11,2026-06-18,Authorization,Standard,PAY-03,TM-04,TM-04,Closed,Overturned,7,Yes,Yes,No,0,0,RC-01,Yes,15.0,1,0,4,3.0,7.0,No,10,Low friction
APL-2026-003604,2026-08-10,2026-08-11,2026-08-11,2026-08-12,2026-08-13,2026-08-14,Clinical,Standard,PAY-01,TM-03,TM-03,Closed,Upheld,14,Yes,No,No,0,0,RC-02,Yes,4.0,1,0,1,1.0,1.0,Yes,0,Low friction
APL-2026-003661,2026-05-17,2026-05-19,2026-05-20,2026-05-22,2026-05-27,2026-05-27,Pharmacy,Urgent,PAY-01,TM-05,TM-05,Closed,Overturned,7,Yes,No,No,0,0,RC-05,Yes,10.0,2,1,2,5.0,0.0,No,0,Low friction
APL-2026-000975,2026-09-23,2026-09-23,2026-09-23,2026-09-23,,,Clinical,Standard,PAY-04,TM-02,TM-02,Pending Information,,14,Yes,No,No,0,0,RC-12,Yes,,0,0,0,,,,0,Low friction
APL-2026-000777,2026-05-06,2026-05-06,2026-05-06,2026-05-06,2026-05-18,2026-05-19,Pharmacy,Standard,PAY-05,TM-05,TM-05,Closed,Upheld,7,No,Yes,No,0,0,RC-01,Yes,13.0,0,0,0,12.0,1.0,No,25,Moderate friction
APL-2026-000789,2026-07-27,2026-07-28,2026-07-28,2026-07-30,2026-08-07,2026-08-07,Administrative,Standard,PAY-06,TM-07,TM-07,Closed,Upheld,30,Yes,No,No,0,0,RC-05,Yes,11.0,1,0,2,8.0,0.0,Yes,0,Low friction
APL-2026-002569,2026-09-02,2026-09-03,2026-09-04,2026-09-04,2026-09-10,2026-09-10,Administrative,Urgent,PAY-01,TM-01,TM-01,Closed,Upheld,7,Yes,No,No,0,0,RC-05,Yes,8.0,1,1,0,6.0,0.0,No,0,Low friction
APL-2026-000364,2026-05-24,2026-05-25,2026-05-29,2026-05-29,2026-06-11,2026-06-15,Clinical,Standard,PAY-03,TM-07,TM-03,Closed,Upheld,14,No,No,Yes,1,0,RC-07,No,22.0,1,4,0,13.0,4.0,No,80,Critical friction
APL-2026-002358,2026-02-27,2026-03-02,2026-03-02,2026-03-03,2026-03-19,2026-03-19,Claims Payment,Urgent,PAY-03,TM-07,TM-07,Closed,Upheld,7,Yes,Yes,Yes,0,0,RC-04,Yes,20.0,3,0,1,16.0,0.0,No,15,Low friction
APL-2026-000796,2026-01-30,2026-02-03,2026-02-05,2026-02-05,2026-02-13,2026-02-16,Authorization,Standard,PAY-02,TM-04,TM-04,Closed,Upheld,7,No,No,No,0,4,RC-03,Yes,17.0,4,2,0,8.0,3.0,No,35,Moderate friction
APL-2026-001937,2026-09-27,2026-09-28,2026-09-29,2026-09-30,,,Authorization,Low,PAY-03,TM-04,TM-04,Pending Information,,7,Yes,No,No,0,0,RC-10,Yes,,1,1,1,,,,0,Low friction
APL-2026-002877,2026-08-26,2026-08-26,2026-08-27,2026-08-28,2026-09-07,2026-09-07,Claims Payment,Standard,PAY-03,TM-07,TM-07,Closed,Upheld,30,No,No,No,0,0,RC-05,Yes,12.0,0,1,1,10.0,0.0,Yes,25,Moderate friction
APL-2026-001629,2026-04-13,2026-04-13,2026-04-13,2026-04-14,2026-04-23,2026-04-30,Authorization,Standard,PAY-07,TM-04,TM-04,Closed,Overturned,7,Yes,Yes,No,0,0,RC-09,Yes,17.0,0,0,1,9.0,7.0,No,10,Low friction
APL-2026-001277,2026-01-05,2026-01-05,2026-01-05,2026-01-05,2026-01-07,2026-01-08,Administrative,Standard,PAY-04,TM-01,TM-01,Closed,Overturned,30,Yes,No,No,0,0,RC-09,Yes,3.0,0,0,0,2.0,1.0,Yes,0,Low friction
APL-2026-002593,2026-06-06,2026-06-08,2026-06-09,2026-06-10,2026-06-11,2026-06-12,Administrative,Urgent,PAY-04,TM-01,TM-01,Closed,Overturned,7,Yes,No,No,0,0,RC-01,Yes,6.0,2,1,1,1.0,1.0,Yes,0,Low friction
APL-2026-000940,2026-07-02,2026-07-02,2026-07-06,2026-07-07,2026-07-16,2026-07-16,Authorization,Standard,PAY-04,TM-04,TM-04,Closed,Upheld,7,Yes,No,No,0,0,RC-07,Yes,14.0,0,4,1,9.0,0.0,No,0,Low friction
APL-2026-001506,2026-01-25,2026-01-25,2026-01-26,2026-01-26,2026-02-05,2026-02-09,Authorization,Low,PAY-04,TM-04,TM-04,Closed,Overturned,7,Yes,No,No,0,0,RC-02,Yes,15.0,0,1,0,10.0,4.0,No,10,Low friction
APL-2026-002490,2026-04-29,2026-05-01,2026-05-01,2026-05-05,2026-05-07,2026-05-07,Clinical,Standard,PAY-02,TM-02,TM-02,Closed,Overturned,14,Yes,No,No,0,0,RC-07,Yes,8.0,2,0,4,2.0,0.0,Yes,0,Low friction
APL-2026-000648,2026-08-06,2026-08-07,2026-08-11,2026-08-12,2026-08-18,2026-08-19,Administrative,Low,PAY-02,TM-01,TM-01,Closed,Upheld,30,Yes,No,No,0,0,RC-03,Yes,13.0,1,4,1,6.0,1.0,Yes,0,Low friction
APL-2026-001004,2026-01-12,2026-01-13,2026-01-15,2026-01-20,2026-01-28,2026-01-28,Administrative,Standard,PAY-04,TM-01,TM-01,Closed,Upheld,30,Yes,No,Yes,0,0,RC-14,Yes,16.0,1,2,5,8.0,0.0,Yes,15,Low friction
APL-2026-002525,2026-02-21,2026-02-24,2026-03-02,2026-03-03,2026-03-18,2026-03-18,Authorization,Urgent,PAY-04,TM-04,TM-04,Closed,Partially Overturned,7,Yes,No,No,0,0,RC-08,Yes,25.0,3,6,1,15.0,0.0,No,0,Low friction
APL-2026-003095,2026-06-25,2026-06-25,2026-06-25,2026-06-25,2026-07-01,2026-07-01,Clinical,Low,PAY-05,TM-03,TM-03,Closed,Upheld,14,No,No,No,0,2,RC-12,Yes,6.0,0,0,0,6.0,0.0,Yes,25,Moderate friction
APL-2026-002111,2026-05-17,2026-05-17,2026-05-18,2026-05-20,2026-05-26,2026-05-27,Administrative,Standard,PAY-04,TM-01,TM-01,Closed,Upheld,30,Yes,Yes,No,0,0,RC-03,Yes,10.0,0,1,2,6.0,1.0,Yes,0,Low friction
APL-2026-001173,2026-03-24,2026-03-24,2026-03-26,2026-03-31,2026-04-09,2026-04-13,Authorization,Urgent,PAY-04,TM-04,TM-04,Closed,Upheld,7,Yes,No,No,0,0,RC-01,Yes,20.0,0,2,5,9.0,4.0,No,10,Low friction
APL-2026-000484,2026-06-20,2026-06-20,2026-06-20,2026-06-22,2026-07-06,2026-07-07,Administrative,Standard,PAY-01,TM-01,TM-01,Closed,Overturned,30,Yes,No,Yes,0,0,RC-06,Yes,17.0,0,0,2,14.0,1.0,Yes,15,Low friction
APL-2026-003800,2026-05-19,2026-05-20,2026-05-20,2026-05-25,2026-05-27,2026-05-27,Authorization,Standard,PAY-05,TM-04,TM-04,Closed,Overturned,7,Yes,No,No,0,0,RC-12,Yes,8.0,1,0,5,2.0,0.0,No,0,Low friction
APL-2026-003075,2026-04-16,2026-04-16,2026-04-20,2026-04-20,2026-04-29,2026-04-30,Pharmacy,Urgent,PAY-01,TM-05,TM-05,Closed,Partially Overturned,7,Yes,No,Yes,0,0,RC-02,Yes,14.0,0,4,0,9.0,1.0,No,15,Low friction
APL-2026-001811,2026-01-09,2026-01-12,2026-01-14,2026-01-15,2026-01-16,2026-01-19,Clinical,Urgent,PAY-01,TM-03,TM-03,Closed,Overturned,7,Yes,No,No,0,0,RC-10,Yes,10.0,3,2,1,1.0,3.0,No,10,Low friction
APL-2026-003330,2026-02-09,2026-02-09,2026-02-13,2026-02-16,2026-02-23,2026-02-24,Authorization,Standard,PAY-02,TM-04,TM-04,Closed,Upheld,7,Yes,No,Yes,0,0,RC-04,Yes,15.0,0,4,3,7.0,1.0,No,15,Low friction
APL-2026-000243,2026-02-02,2026-02-03,2026-02-03,2026-02-04,2026-02-09,2026-02-09,Authorization,Urgent,PAY-04,TM-04,TM-04,Closed,Overturned,7,Yes,No,No,0,0,RC-03,Yes,7.0,1,0,1,5.0,0.0,Yes,0,Low friction
APL-2026-003246,2026-06-23,2026-06-23,2026-06-25,2026-06-25,2026-07-15,2026-07-17,Administrative,Standard,PAY-06,TM-07,TM-04,Closed,Partially Overturned,30,Yes,No,No,1,0,RC-12,No,24.0,0,2,0,20.0,2.0,Yes,30,Moderate friction
APL-2026-002084,2026-03-25,2026-03-26,2026-03-30,2026-04-01,2026-04-16,2026-04-23,Clinical,Standard,PAY-01,TM-03,TM-08,Closed,Upheld,14,No,No,No,1,4,RC-03,Yes,29.0,1,4,2,15.0,7.0,No,45,High friction
APL-2026-001986,2026-01-03,2026-01-05,2026-01-07,2026-01-08,2026-01-13,2026-01-14,Administrative,Urgent,PAY-04,TM-01,TM-01,Closed,Upheld,7,Yes,No,No,0,0,RC-15,Yes,11.0,2,2,1,5.0,1.0,No,0,Low friction
APL-2026-001203,2026-05-01,2026-05-01,2026-05-01,2026-05-06,2026-05-19,2026-05-19,Clinical,Standard,PAY-03,TM-07,TM-07,Closed,Partially Overturned,14,Yes,No,No,0,0,RC-02,Yes,18.0,0,0,5,13.0,0.0,No,0,Low friction
APL-2026-003752,2026-01-28,2026-01-28,2026-01-28,2026-01-29,2026-02-20,2026-02-24,Clinical,Standard,PAY-03,TM-07,TM-07,Closed,Partially Overturned,14,No,Yes,No,0,8,RC-01,Yes,27.0,0,0,1,22.0,4.0,No,55,High friction
APL-2026-000739,2026-06-28,2026-06-28,2026-06-29,2026-06-29,2026-07-13,2026-07-14,Administrative,Standard,PAY-01,TM-01,TM-01,Closed,Overturned,30,Yes,Yes,No,0,0,RC-09,Yes,16.0,0,1,0,14.0,1.0,Yes,0,Low friction
APL-2026-002169,2026-03-10,2026-03-11,2026-03-12,2026-03-12,2026-03-13,2026-03-17,Clinical,Standard,PAY-03,TM-07,TM-07,Closed,Overturned,14,Yes,No,No,0,0,RC-08,Yes,7.0,1,1,0,1.0,4.0,Yes,10,Low friction
APL-2026-003932,2026-06-28,2026-06-28,2026-07-02,2026-07-06,2026-07-21,2026-07-22,Clinical,Standard,PAY-02,TM-02,TM-08,Closed,Upheld,14,Yes,Yes,No,1,0,RC-07,Yes,24.0,0,4,4,15.0,1.0,No,10,Low friction
APL-2026-001300,2026-09-13,2026-09-15,2026-09-16,2026-09-18,2026-09-22,2026-09-22,Pharmacy,Standard,PAY-01,TM-05,TM-05,Closed,Overturned,7,Yes,No,No,0,0,RC-08,Yes,9.0,2,1,2,4.0,0.0,No,0,Low friction
APL-2026-001020,2026-07-29,2026-07-29,2026-07-29,2026-07-30,2026-08-06,2026-08-06,Clinical,Urgent,PAY-03,TM-07,TM-07,Closed,Upheld,7,No,No,No,0,0,RC-12,Yes,8.0,0,0,1,7.0,0.0,No,25,Moderate friction
APL-2026-002093,2026-01-22,2026-01-23,2026-01-26,2026-01-27,2026-02-09,2026-02-09,Administrative,Standard,PAY-02,TM-01,TM-01,Closed,Overturned,30,Yes,No,No,0,0,RC-14,Yes,18.0,1,3,1,13.0,0.0,Yes,0,Low friction
APL-2026-003373,2026-01-14,2026-01-14,2026-01-14,2026-01-14,2026-01-15,2026-01-16,Clinical,Standard,PAY-01,TM-02,TM-02,Closed,Upheld,14,Yes,No,No,0,0,RC-10,Yes,2.0,0,0,0,1.0,1.0,Yes,0,Low friction
APL-2026-000837,2026-07-30,2026-07-31,2026-07-31,2026-08-04,2026-08-05,2026-08-05,Clinical,Standard,PAY-02,TM-03,TM-03,Closed,Overturned,14,Yes,No,No,0,0,RC-15,Yes,6.0,1,0,4,1.0,0.0,Yes,0,Low friction
APL-2026-002125,2026-02-11,2026-02-12,2026-02-13,2026-02-13,2026-02-20,2026-02-20,Authorization,Urgent,PAY-03,TM-04,TM-04,Closed,Upheld,7,Yes,No,No,0,0,RC-12,Yes,9.0,1,1,0,7.0,0.0,No,0,Low friction
APL-2026-001745,2026-07-24,2026-07-24,2026-07-24,2026-07-24,2026-08-11,2026-08-11,Clinical,Standard,PAY-05,TM-02,TM-02,Closed,Overturned,14,Yes,No,No,0,0,RC-05,Yes,18.0,0,0,0,18.0,0.0,No,0,Low friction
APL-2026-000369,2026-04-06,2026-04-06,2026-04-07,2026-04-07,2026-04-24,2026-05-01,Clinical,Standard,PAY-01,TM-02,TM-01,Closed,Upheld,14,Yes,No,No,2,0,RC-03,No,25.0,0,1,0,17.0,7.0,No,50,High friction
APL-2026-002955,2026-05-22,2026-05-25,2026-05-29,2026-06-01,2026-06-04,2026-06-05,Clinical,Urgent,PAY-03,TM-07,TM-04,Closed,Upheld,7,Yes,No,No,1,0,RC-09,Yes,14.0,3,4,3,3.0,1.0,No,10,Low friction
APL-2026-003285,2026-06-02,2026-06-02,2026-06-02,2026-06-05,2026-06-08,2026-06-10,Clinical,Urgent,PAY-01,TM-02,TM-02,Closed,Partially Overturned,7,Yes,No,No,0,0,RC-01,Yes,8.0,0,0,3,3.0,2.0,No,0,Low friction
APL-2026-000268,2026-06-27,2026-06-30,2026-06-30,2026-06-30,2026-07-09,2026-07-10,Administrative,Standard,PAY-02,TM-01,TM-01,Closed,Partially Overturned,30,Yes,No,Yes,0,0,RC-10,Yes,13.0,3,0,0,9.0,1.0,Yes,15,Low friction
APL-2026-003384,2026-03-30,2026-03-30,2026-04-03,2026-04-06,2026-04-16,2026-04-17,Pharmacy,Low,PAY-02,TM-05,TM-06,Closed,Overturned,7,Yes,No,Yes,1,0,RC-03,Yes,18.0,0,4,3,10.0,1.0,No,25,Moderate friction
APL-2026-000729,2026-04-02,2026-04-03,2026-04-10,2026-04-14,2026-04-21,2026-04-21,Authorization,Standard,PAY-04,TM-04,TM-05,Closed,Upheld,7,Yes,No,No,1,0,RC-04,No,19.0,1,7,4,7.0,0.0,No,30,Moderate friction
APL-2026-002493,2026-04-17,2026-04-20,2026-04-21,2026-04-21,2026-04-23,2026-04-23,Authorization,Standard,PAY-07,TM-04,TM-04,Closed,Overturned,7,Yes,No,No,0,0,RC-01,Yes,6.0,3,1,0,2.0,0.0,Yes,0,Low friction
APL-2026-002552,2026-07-25,2026-07-25,2026-07-27,2026-07-30,2026-08-03,2026-08-03,Clinical,Low,PAY-01,TM-03,TM-03,Closed,Partially Overturned,14,Yes,No,No,0,0,RC-01,Yes,9.0,0,2,3,4.0,0.0,Yes,0,Low friction
APL-2026-001520,2026-08-08,2026-08-11,2026-08-13,2026-08-14,2026-08-20,2026-08-21,Administrative,Low,PAY-01,TM-01,TM-01,Closed,Overturned,30,Yes,No,No,0,0,RC-03,Yes,13.0,3,2,1,6.0,1.0,Yes,0,Low friction
APL-2026-003106,2026-03-12,2026-03-12,2026-03-16,2026-03-16,2026-04-01,2026-04-03,Clinical,Standard,PAY-04,TM-02,TM-02,Closed,Upheld,14,Yes,No,No,0,0,RC-02,Yes,22.0,0,4,0,16.0,2.0,No,0,Low friction
APL-2026-001034,2026-05-17,2026-05-17,2026-05-18,2026-05-21,2026-06-02,2026-06-04,Clinical,Standard,PAY-01,TM-02,TM-02,Closed,Overturned,14,Yes,No,No,0,0,RC-07,Yes,18.0,0,1,3,12.0,2.0,No,0,Low friction
APL-2026-001713,2026-08-23,2026-08-24,2026-08-26,2026-08-26,2026-08-27,2026-08-27,Clinical,Urgent,PAY-05,TM-02,TM-02,Closed,Partially Overturned,7,Yes,No,No,0,0,RC-07,Yes,4.0,1,2,0,1.0,0.0,Yes,0,Low friction
APL-2026-003233,2026-09-22,2026-09-24,2026-09-24,2026-09-28,,,Administrative,Standard,PAY-01,TM-01,TM-01,Pending Information,,30,Yes,No,No,0,0,RC-08,Yes,,2,0,4,,,,0,Low friction
APL-2026-002334,2026-02-17,2026-02-19,2026-02-23,2026-02-24,2026-03-03,2026-03-03,Administrative,Standard,PAY-05,TM-01,TM-05,Closed,Overturned,30,Yes,No,No,1,0,RC-01,Yes,14.0,2,4,1,7.0,0.0,Yes,10,Low friction
APL-2026-000296,2026-04-03,2026-04-03,2026-04-09,2026-04-09,2026-04-20,2026-04-21,Administrative,Standard,PAY-05,TM-01,TM-01,Closed,Overturned,30,Yes,No,No,0,0,RC-02,Yes,18.0,0,6,0,11.0,1.0,Yes,0,Low friction
APL-2026-003689,2026-07-25,2026-07-28,2026-07-30,2026-08-04,2026-08-07,2026-08-07,Authorization,Low,PAY-03,TM-04,TM-04,Closed,Overturned,7,Yes,No,No,0,0,RC-03,Yes,13.0,3,2,5,3.0,0.0,No,0,Low friction
APL-2026-001849,2026-04-15,2026-04-15,2026-04-21,2026-04-23,2026-04-24,2026-04-27,Administrative,Urgent,PAY-07,TM-01,TM-01,Closed,Upheld,7,Yes,No,No,0,0,RC-07,Yes,12.0,0,6,2,1.0,3.0,No,10,Low friction
APL-2026-000626,2026-06-23,2026-06-25,2026-06-29,2026-06-30,2026-07-17,2026-07-17,Authorization,Low,PAY-02,TM-04,TM-07,Closed,Upheld,7,Yes,No,No,1,0,RC-12,Yes,24.0,2,4,1,17.0,0.0,No,10,Low friction
APL-2026-000278,2026-06-02,2026-06-02,2026-06-03,2026-06-03,2026-06-17,2026-06-19,Clinical,Standard,PAY-01,TM-03,TM-07,Closed,Upheld,14,No,No,No,2,5,RC-12,No,17.0,0,1,0,14.0,2.0,No,65,Critical friction
APL-2026-000498,2026-06-22,2026-06-22,2026-06-23,2026-06-24,2026-06-25,2026-06-25,Clinical,Low,PAY-01,TM-03,TM-03,Closed,Partially Overturned,14,Yes,No,No,0,0,RC-03,Yes,3.0,0,1,1,1.0,0.0,Yes,0,Low friction
APL-2026-003676,2026-07-08,2026-07-09,2026-07-10,2026-07-14,2026-07-20,2026-07-20,Authorization,Low,PAY-05,TM-04,TM-04,Closed,Overturned,7,Yes,No,No,0,0,RC-02,Yes,12.0,1,1,4,6.0,0.0,No,0,Low friction
APL-2026-000485,2026-02-10,2026-02-11,2026-02-13,2026-02-18,2026-03-12,2026-03-13,Clinical,Standard,PAY-06,TM-07,TM-07,Closed,Upheld,14,No,No,No,0,12,RC-06,Yes,31.0,1,2,5,22.0,1.0,No,45,High friction
APL-2026-001521,2026-05-02,2026-05-04,2026-05-06,2026-05-07,2026-05-13,2026-05-15,Authorization,Standard,PAY-03,TM-04,TM-03,Closed,Upheld,7,No,No,No,1,0,RC-05,No,13.0,2,2,1,6.0,2.0,No,55,High friction
APL-2026-000183,2026-03-29,2026-03-29,2026-03-31,2026-04-02,2026-04-09,2026-04-13,Authorization,Low,PAY-07,TM-04,TM-04,Closed,Upheld,7,Yes,No,No,0,0,RC-12,Yes,15.0,0,2,2,7.0,4.0,No,10,Low friction
APL-2026-000971,2026-04-27,2026-04-27,2026-05-01,2026-05-06,2026-05-11,2026-05-13,Clinical,Standard,PAY-04,TM-03,TM-03,Closed,Overturned,14,Yes,No,No,0,0,RC-07,Yes,16.0,0,4,5,5.0,2.0,No,0,Low friction
APL-2026-001852,2026-06-17,2026-06-19,2026-06-19,2026-06-23,2026-06-24,2026-06-25,Clinical,Standard,PAY-04,TM-02,TM-02,Closed,Upheld,14,Yes,No,No,0,0,RC-05,Yes,8.0,2,0,4,1.0,1.0,Yes,0,Low friction
APL-2026-002225,2026-04-30,2026-04-30,2026-05-04,2026-05-06,2026-05-14,2026-05-14,Clinical,Standard,PAY-05,TM-03,TM-04,Closed,Overturned,14,No,No,No,2,0,RC-05,No,14.0,0,4,2,8.0,0.0,Yes,65,Critical friction
APL-2026-000685,2026-08-17,2026-08-17,2026-08-19,2026-08-20,2026-09-08,2026-09-09,Pharmacy,Low,PAY-05,TM-05,TM-03,Closed,Upheld,7,No,No,No,1,6,RC-01,No,23.0,0,2,1,19.0,1.0,No,75,Critical friction
APL-2026-001769,2026-08-29,2026-08-29,2026-08-29,2026-09-02,2026-09-07,2026-09-07,Authorization,Standard,PAY-04,TM-04,TM-04,Closed,Upheld,7,Yes,No,No,0,0,RC-07,Yes,9.0,0,0,4,5.0,0.0,No,0,Low friction
APL-2026-003985,2026-08-20,2026-08-21,2026-08-25,2026-08-25,2026-08-28,2026-08-28,Clinical,Standard,PAY-01,TM-02,TM-02,Closed,Overturned,14,Yes,No,Yes,0,0,RC-03,Yes,8.0,1,4,0,3.0,0.0,Yes,15,Low friction
APL-2026-002085,2026-02-02,2026-02-03,2026-02-09,2026-02-11,2026-02-16,2026-02-17,Clinical,Standard,PAY-06,TM-07,TM-06,Closed,Upheld,14,Yes,No,No,1,0,RC-14,No,15.0,1,6,2,5.0,1.0,No,30,Moderate friction
APL-2026-001181,2026-06-29,2026-06-29,2026-06-29,2026-06-30,2026-07-06,2026-07-13,Administrative,Standard,PAY-07,TM-01,TM-01,Closed,Upheld,30,Yes,Yes,No,0,0,RC-09,Yes,14.0,0,0,1,6.0,7.0,Yes,10,Low friction
APL-2026-002051,2026-09-19,2026-09-19,2026-09-19,2026-09-21,2026-09-29,2026-09-29,Authorization,Low,PAY-04,TM-04,TM-04,Closed,Upheld,7,Yes,Yes,No,0,0,RC-02,Yes,10.0,0,0,2,8.0,0.0,No,0,Low friction
APL-2026-000755,2026-04-05,2026-04-05,2026-04-07,2026-04-07,2026-04-17,2026-04-24,Authorization,Low,PAY-04,TM-04,TM-04,Closed,Upheld,7,No,Yes,No,0,4,RC-01,Yes,19.0,0,2,0,10.0,7.0,No,35,Moderate friction
APL-2026-000509,2026-01-17,2026-01-19,2026-01-19,2026-01-19,2026-01-30,2026-02-03,Claims Payment,Standard,PAY-02,TM-01,TM-03,Closed,Upheld,30,No,No,No,1,0,RC-01,Yes,17.0,2,0,0,11.0,4.0,Yes,45,High friction
APL-2026-002546,2026-06-06,2026-06-06,2026-06-11,2026-06-12,2026-06-16,2026-06-16,Administrative,Low,PAY-04,TM-01,TM-01,Closed,Upheld,30,Yes,No,No,0,0,RC-01,Yes,10.0,0,5,1,4.0,0.0,Yes,0,Low friction
APL-2026-002357,2026-02-23,2026-02-23,2026-02-26,2026-03-02,2026-03-09,2026-03-09,Pharmacy,Standard,PAY-05,TM-05,TM-04,Closed,Upheld,7,No,No,No,1,0,RC-04,No,14.0,0,3,4,7.0,0.0,No,55,High friction
APL-2026-003362,2026-07-13,2026-07-13,2026-07-13,2026-07-13,2026-07-14,2026-07-14,Clinical,Standard,PAY-03,TM-07,TM-07,Closed,Upheld,14,Yes,No,No,0,0,RC-05,Yes,1.0,0,0,0,1.0,0.0,Yes,0,Low friction
APL-2026-001982,2026-06-10,2026-06-12,2026-06-15,2026-06-16,2026-07-14,2026-07-14,Authorization,Urgent,PAY-07,TM-04,TM-04,Closed,Upheld,7,No,No,No,0,13,RC-12,Yes,34.0,2,3,1,28.0,0.0,No,45,High friction
APL-2026-003633,2026-03-04,2026-03-05,2026-03-05,2026-03-06,2026-03-13,2026-03-17,Authorization,Standard,PAY-01,TM-04,TM-04,Closed,Partially Overturned,7,Yes,Yes,No,0,0,RC-02,Yes,13.0,1,0,1,7.0,4.0,No,10,Low friction
APL-2026-001439,2026-05-24,2026-05-24,2026-05-24,2026-05-25,2026-05-26,2026-05-27,Authorization,Urgent,PAY-04,TM-04,TM-04,Closed,Overturned,7,Yes,No,No,0,0,RC-02,Yes,3.0,0,0,1,1.0,1.0,Yes,0,Low friction
APL-2026-001446,2026-06-20,2026-06-22,2026-06-22,2026-06-22,2026-06-23,2026-06-25,Administrative,Low,PAY-01,TM-01,TM-01,Closed,Overturned,30,Yes,No,No,0,0,RC-11,Yes,5.0,2,0,0,1.0,2.0,Yes,0,Low friction
APL-2026-000142,2026-04-23,2026-04-27,2026-04-27,2026-04-28,2026-05-05,2026-05-05,Clinical,Standard,PAY-01,TM-03,TM-03,Closed,Partially Overturned,14,No,No,No,0,2,RC-06,Yes,12.0,4,0,1,7.0,0.0,Yes,25,Moderate friction
APL-2026-003296,2026-05-08,2026-05-11,2026-05-11,2026-05-14,2026-05-19,2026-05-20,Administrative,Standard,PAY-04,TM-01,TM-01,Closed,Overturned,30,Yes,No,No,0,0,RC-08,Yes,12.0,3,0,3,5.0,1.0,Yes,0,Low friction
APL-2026-000865,2026-06-30,2026-07-01,2026-07-07,2026-07-07,2026-07-17,2026-07-20,Clinical,Standard,PAY-04,TM-02,TM-02,Closed,Partially Overturned,14,Yes,No,No,0,0,RC-13,Yes,20.0,1,6,0,10.0,3.0,No,10,Low friction
APL-2026-002232,2026-08-10,2026-08-12,2026-08-12,2026-08-14,2026-08-20,2026-08-24,Administrative,Low,PAY-05,TM-01,TM-01,Closed,Upheld,30,Yes,No,No,0,0,RC-07,Yes,14.0,2,0,2,6.0,4.0,Yes,10,Low friction
APL-2026-003916,2026-04-21,2026-04-22,2026-04-23,2026-04-23,2026-04-30,2026-04-30,Clinical,Urgent,PAY-03,TM-07,TM-07,Closed,Partially Overturned,7,No,Yes,No,0,0,RC-01,Yes,9.0,1,1,0,7.0,0.0,No,25,Moderate friction
APL-2026-002323,2026-03-18,2026-03-18,2026-03-19,2026-03-20,2026-04-02,2026-04-02,Administrative,Standard,PAY-06,TM-07,TM-07,Closed,Upheld,30,No,Yes,No,0,4,RC-03,Yes,15.0,0,1,1,13.0,0.0,Yes,25,Moderate friction
APL-2026-001011,2026-02-03,2026-02-03,2026-02-05,2026-02-09,2026-03-04,2026-03-05,Clinical,Standard,PAY-02,TM-03,TM-03,Closed,Overturned,14,No,Yes,Yes,0,6,RC-01,Yes,30.0,0,2,4,23.0,1.0,No,60,Critical friction
APL-2026-002961,2026-06-13,2026-06-16,2026-06-16,2026-06-17,2026-07-06,2026-07-13,Pharmacy,Low,PAY-03,TM-05,TM-05,Closed,Upheld,7,Yes,No,No,0,0,RC-12,Yes,30.0,3,0,1,19.0,7.0,No,10,Low friction
APL-2026-003745,2026-07-28,2026-07-28,2026-07-30,2026-07-31,2026-08-26,2026-08-27,Administrative,Standard,PAY-03,TM-07,TM-08,Closed,Upheld,30,No,No,Yes,1,11,RC-05,Yes,30.0,0,2,1,26.0,1.0,Yes,70,Critical friction
APL-2026-000849,2026-03-31,2026-04-01,2026-04-01,2026-04-01,2026-04-08,2026-04-09,Clinical,Standard,PAY-02,TM-02,TM-02,Closed,Upheld,14,Yes,No,No,0,0,RC-07,Yes,9.0,1,0,0,7.0,1.0,Yes,0,Low friction
APL-2026-002560,2026-06-04,2026-06-05,2026-06-08,2026-06-11,2026-06-12,2026-06-12,Administrative,Urgent,PAY-07,TM-01,TM-01,Closed,Overturned,7,Yes,No,No,0,0,RC-06,Yes,8.0,1,3,3,1.0,0.0,No,0,Low friction
APL-2026-002780,2026-09-10,2026-09-10,2026-09-10,2026-09-14,2026-09-30,2026-09-30,Administrative,Urgent,PAY-06,TM-07,TM-06,Closed,Overturned,7,Yes,No,No,1,0,RC-07,Yes,20.0,0,0,4,16.0,0.0,No,10,Low friction
APL-2026-003684,2026-03-19,2026-03-19,2026-03-20,2026-03-20,2026-04-23,2026-04-24,Authorization,Urgent,PAY-05,TM-04,TM-04,Closed,Overturned,7,No,No,Yes,0,19,RC-05,Yes,36.0,0,1,0,34.0,1.0,No,60,Critical friction
APL-2026-003045,2026-09-21,2026-09-21,2026-09-22,2026-09-23,2026-09-30,2026-09-30,Clinical,Standard,PAY-07,TM-03,TM-03,Closed,Partially Overturned,14,No,No,No,0,0,RC-01,Yes,9.0,0,1,1,7.0,0.0,Yes,25,Moderate friction
APL-2026-003820,2026-04-21,2026-04-22,2026-04-22,2026-04-23,2026-04-24,2026-04-27,Authorization,Standard,PAY-01,TM-04,TM-04,Closed,Partially Overturned,7,Yes,No,No,0,0,RC-03,Yes,6.0,1,0,1,1.0,3.0,Yes,10,Low friction
APL-2026-001995,2026-08-08,2026-08-10,2026-08-11,2026-08-14,2026-08-24,2026-08-24,Clinical,Low,PAY-06,TM-07,TM-07,Closed,Overturned,14,No,Yes,No,0,0,RC-04,Yes,16.0,2,1,3,10.0,0.0,No,25,Moderate friction
APL-2026-000888,2026-08-03,2026-08-04,2026-08-05,2026-08-05,2026-08-06,2026-08-06,Clinical,Standard,PAY-03,TM-07,TM-07,Closed,Upheld,14,Yes,No,No,0,0,RC-01,Yes,3.0,1,1,0,1.0,0.0,Yes,0,Low friction
APL-2026-000118,2026-01-28,2026-01-29,2026-01-30,2026-02-02,2026-02-11,2026-02-12,Pharmacy,Standard,PAY-06,TM-05,TM-05,Closed,Upheld,7,Yes,Yes,No,0,0,RC-03,Yes,15.0,1,1,3,9.0,1.0,No,0,Low friction
APL-2026-003926,2026-06-03,2026-06-04,2026-06-05,2026-06-05,2026-06-22,2026-06-29,Administrative,Urgent,PAY-06,TM-07,TM-07,Closed,Upheld,7,Yes,No,No,0,0,RC-07,Yes,26.0,1,1,0,17.0,7.0,No,10,Low friction
APL-2026-003074,2026-02-06,2026-02-09,2026-02-10,2026-02-10,2026-02-16,2026-02-17,Pharmacy,Standard,PAY-02,TM-05,TM-05,Closed,Upheld,7,No,No,No,0,0,RC-04,Yes,11.0,3,1,0,6.0,1.0,No,25,Moderate friction
APL-2026-002162,2026-08-16,2026-08-18,2026-08-18,2026-08-20,2026-08-25,2026-08-25,Authorization,Standard,PAY-04,TM-04,TM-04,Closed,Overturned,7,Yes,No,No,0,0,RC-02,Yes,9.0,2,0,2,5.0,0.0,No,0,Low friction
APL-2026-000546,2026-01-10,2026-01-10,2026-01-10,2026-01-12,2026-01-20,2026-01-21,Administrative,Standard,PAY-07,TM-01,TM-05,Closed,Overturned,30,Yes,No,No,1,0,RC-06,Yes,11.0,0,0,2,8.0,1.0,Yes,10,Low friction
APL-2026-003759,2026-01-12,2026-01-14,2026-01-15,2026-01-15,2026-01-19,2026-01-20,Clinical,Standard,PAY-01,TM-02,TM-02,Closed,Upheld,14,Yes,No,No,0,0,RC-03,Yes,8.0,2,1,0,4.0,1.0,Yes,0,Low friction
APL-2026-001790,2026-04-07,2026-04-08,2026-04-14,2026-04-17,2026-04-21,2026-04-22,Clinical,Low,PAY-03,TM-07,TM-07,Closed,Upheld,14,Yes,No,No,0,0,RC-04,Yes,15.0,1,6,3,4.0,1.0,No,0,Low friction
APL-2026-002214,2026-02-25,2026-02-25,2026-02-25,2026-02-25,2026-03-06,2026-03-13,Administrative,Standard,PAY-01,TM-01,TM-02,Closed,Upheld,30,Yes,No,No,1,0,RC-05,Yes,16.0,0,0,0,9.0,7.0,Yes,20,Moderate friction
APL-2026-001977,2026-05-08,2026-05-08,2026-05-13,2026-05-14,2026-05-19,2026-05-26,Administrative,Standard,PAY-06,TM-07,TM-01,Closed,Upheld,30,Yes,No,No,1,0,RC-04,No,18.0,0,5,1,5.0,7.0,Yes,40,High friction
APL-2026-002233,2026-09-22,2026-09-22,2026-09-24,2026-09-28,,,Pharmacy,Standard,PAY-04,TM-05,TM-04,Escalated,,7,No,No,No,1,9,RC-07,Yes,,0,2,4,,,,55,High friction
APL-2026-003750,2026-03-28,2026-03-28,2026-03-31,2026-04-01,2026-04-02,2026-04-03,Administrative,Standard,PAY-01,TM-01,TM-01,Closed,Upheld,30,No,No,No,0,0,RC-04,Yes,6.0,0,3,1,1.0,1.0,Yes,25,Moderate friction
APL-2026-001984,2026-01-21,2026-01-21,2026-01-22,2026-01-22,2026-02-02,2026-02-02,Administrative,Standard,PAY-06,TM-07,TM-07,Closed,Overturned,30,Yes,No,No,0,0,RC-04,Yes,12.0,0,1,0,11.0,0.0,Yes,0,Low friction
APL-2026-001397,2026-08-30,2026-08-30,2026-08-30,2026-08-30,2026-09-08,2026-09-08,Authorization,Standard,PAY-04,TM-04,TM-08,Closed,Upheld,7,Yes,No,No,1,0,RC-06,Yes,9.0,0,0,0,9.0,0.0,No,10,Low friction
APL-2026-000275,2026-06-20,2026-06-20,2026-06-25,2026-06-29,2026-07-02,2026-07-02,Clinical,Urgent,PAY-03,TM-07,TM-02,Closed,Upheld,7,Yes,No,No,1,0,RC-11,Yes,12.0,0,5,4,3.0,0.0,No,10,Low friction
APL-2026-003050,2026-07-14,2026-07-14,2026-07-15,2026-07-20,2026-07-22,2026-07-22,Clinical,Standard,PAY-02,TM-03,TM-03,Closed,Overturned,14,Yes,No,No,0,0,RC-05,Yes,8.0,0,1,5,2.0,0.0,Yes,0,Low friction
APL-2026-000705,2026-04-22,2026-04-23,2026-04-29,2026-04-30,2026-06-01,2026-06-03,Claims Payment,Urgent,PAY-01,TM-01,TM-04,Closed,Overturned,7,No,No,Yes,2,14,RC-14,No,42.0,1,6,1,32.0,2.0,No,100,Critical friction
APL-2026-001025,2026-01-21,2026-01-21,2026-01-22,2026-01-23,2026-02-02,2026-02-04,Authorization,Standard,PAY-03,TM-04,TM-04,Closed,Upheld,7,No,No,No,0,3,RC-08,Yes,14.0,0,1,1,10.0,2.0,No,25,Moderate friction
APL-2026-001591,2026-02-17,2026-02-17,2026-02-18,2026-02-18,2026-02-23,2026-02-23,Claims Payment,Standard,PAY-03,TM-07,TM-05,Closed,Upheld,30,Yes,No,No,1,0,RC-09,Yes,6.0,0,1,0,5.0,0.0,Yes,10,Low friction
APL-2026-001565,2026-09-12,2026-09-12,2026-09-14,2026-09-14,2026-09-15,2026-09-16,Clinical,Standard,PAY-01,TM-03,TM-03,Closed,Partially Overturned,14,Yes,No,No,0,0,RC-01,Yes,4.0,0,2,0,1.0,1.0,Yes,0,Low friction
APL-2026-003573,2026-03-06,2026-03-09,2026-03-11,2026-03-12,2026-03-17,2026-03-17,Administrative,Standard,PAY-04,TM-01,TM-01,Closed,Overturned,30,Yes,No,No,0,0,RC-02,Yes,11.0,3,2,1,5.0,0.0,Yes,0,Low friction
APL-2026-001743,2026-06-16,2026-06-17,2026-06-17,2026-06-22,2026-07-01,2026-07-01,Authorization,Standard,PAY-03,TM-04,TM-03,Closed,Upheld,7,Yes,No,No,1,0,RC-08,Yes,15.0,1,0,5,9.0,0.0,No,10,Low friction
APL-2026-000384,2026-06-07,2026-06-09,2026-06-10,2026-06-10,2026-06-16,2026-06-16,Administrative,Urgent,PAY-05,TM-01,TM-01,Closed,Upheld,7,Yes,No,No,0,0,RC-09,Yes,9.0,2,1,0,6.0,0.0,No,0,Low friction
APL-2026-001430,2026-03-25,2026-03-27,2026-04-02,2026-04-07,2026-04-16,2026-04-16,Clinical,Standard,PAY-02,TM-02,TM-02,Closed,Upheld,14,No,No,No,0,5,RC-12,Yes,22.0,2,6,5,9.0,0.0,No,25,Moderate friction
APL-2026-002610,2026-04-21,2026-04-21,2026-04-21,2026-04-23,2026-04-29,2026-04-30,Clinical,Standard,PAY-01,TM-02,TM-02,Closed,Overturned,14,Yes,Yes,No,0,0,RC-08,Yes,9.0,0,0,2,6.0,1.0,Yes,0,Low friction
APL-2026-002911,2026-04-19,2026-04-19,2026-04-21,2026-04-21,2026-04-27,2026-04-28,Authorization,Standard,PAY-02,TM-04,TM-04,Closed,Partially Overturned,7,Yes,No,No,0,0,RC-07,Yes,9.0,0,2,0,6.0,1.0,No,0,Low friction
APL-2026-003093,2026-01-31,2026-01-31,2026-02-02,2026-02-03,2026-02-05,2026-02-05,Claims Payment,Low,PAY-06,TM-07,TM-07,Closed,Upheld,30,Yes,No,No,0,0,RC-05,Yes,5.0,0,2,1,2.0,0.0,Yes,0,Low friction
APL-2026-001830,2026-03-13,2026-03-13,2026-03-13,2026-03-13,2026-03-16,2026-03-23,Clinical,Urgent,PAY-01,TM-03,TM-03,Closed,Partially Overturned,7,Yes,No,No,0,0,RC-01,Yes,10.0,0,0,0,3.0,7.0,No,10,Low friction
APL-2026-000177,2026-08-22,2026-08-25,2026-08-26,2026-08-27,2026-09-14,2026-09-14,Administrative,Standard,PAY-06,TM-07,TM-07,Closed,Overturned,30,Yes,No,No,0,0,RC-05,Yes,23.0,3,1,1,18.0,0.0,Yes,0,Low friction
APL-2026-001360,2026-01-16,2026-01-16,2026-01-16,2026-01-16,2026-01-21,2026-01-21,Claims Payment,Urgent,PAY-05,TM-01,TM-01,Closed,Overturned,7,Yes,No,No,0,0,RC-03,Yes,5.0,0,0,0,5.0,0.0,Yes,0,Low friction
APL-2026-002428,2026-07-11,2026-07-13,2026-07-17,2026-07-17,2026-07-22,2026-07-22,Authorization,Standard,PAY-06,TM-04,TM-04,Closed,Overturned,7,Yes,No,No,0,0,RC-03,Yes,11.0,2,4,0,5.0,0.0,No,0,Low friction
APL-2026-003618,2026-03-12,2026-03-12,2026-03-18,2026-03-19,2026-04-07,2026-04-14,Administrative,Standard,PAY-02,TM-01,TM-03,Closed,Upheld,30,Yes,No,Yes,1,0,RC-01,No,33.0,0,6,1,19.0,7.0,No,55,High friction
APL-2026-003244,2026-02-26,2026-02-26,2026-02-27,2026-03-03,2026-03-12,2026-03-12,Clinical,Urgent,PAY-03,TM-07,TM-07,Closed,Overturned,7,No,No,No,0,0,RC-01,Yes,14.0,0,1,4,9.0,0.0,No,25,Moderate friction
APL-2026-003065,2026-06-24,2026-06-24,2026-06-24,2026-06-25,2026-07-01,2026-07-01,Administrative,Standard,PAY-07,TM-01,TM-01,Closed,Overturned,30,Yes,No,No,0,0,RC-07,Yes,7.0,0,0,1,6.0,0.0,Yes,0,Low friction
APL-2026-002568,2026-04-21,2026-04-22,2026-04-22,2026-04-24,2026-05-05,2026-05-06,Administrative,Standard,PAY-03,TM-07,TM-07,Closed,Upheld,30,Yes,No,No,0,0,RC-02,Yes,15.0,1,0,2,11.0,1.0,Yes,0,Low friction
APL-2026-000831,2026-06-22,2026-06-23,2026-06-25,2026-06-25,2026-06-29,2026-06-30,Administrative,Low,PAY-07,TM-01,TM-01,Closed,Partially Overturned,30,Yes,No,No,0,0,RC-10,Yes,8.0,1,2,0,4.0,1.0,Yes,0,Low friction
APL-2026-002556,2026-06-06,2026-06-06,2026-06-06,2026-06-10,2026-06-17,2026-06-18,Clinical,Low,PAY-01,TM-02,TM-02,Closed,Partially Overturned,14,Yes,No,No,0,0,RC-15,Yes,12.0,0,0,4,7.0,1.0,Yes,0,Low friction
APL-2026-003225,2026-08-24,2026-08-24,2026-08-25,2026-08-27,2026-08-31,2026-08-31,Administrative,Standard,PAY-06,TM-07,TM-07,Closed,Upheld,30,Yes,No,No,0,0,RC-02,Yes,7.0,0,1,2,4.0,0.0,Yes,0,Low friction
APL-2026-001643,2026-03-23,2026-03-23,2026-03-27,2026-03-30,2026-04-06,2026-04-08,Pharmacy,Urgent,PAY-01,TM-05,TM-05,Closed,Partially Overturned,7,No,No,No,0,3,RC-10,Yes,16.0,0,4,3,7.0,2.0,No,25,Moderate friction
APL-2026-002462,2026-01-16,2026-01-16,2026-01-16,2026-01-19,2026-01-23,2026-01-23,Clinical,Urgent,PAY-02,TM-02,TM-02,Closed,Upheld,7,Yes,No,No,0,0,RC-02,Yes,7.0,0,0,3,4.0,0.0,Yes,0,Low friction
APL-2026-001634,2026-06-30,2026-06-30,2026-07-01,2026-07-01,2026-07-02,2026-07-02,Administrative,Low,PAY-02,TM-01,TM-01,Closed,Upheld,30,Yes,No,No,0,0,RC-08,Yes,2.0,0,1,0,1.0,0.0,Yes,0,Low friction
APL-2026-000623,2026-03-28,2026-03-28,2026-04-02,2026-04-07,2026-04-13,2026-04-13,Administrative,Standard,PAY-03,TM-07,TM-05,Closed,Upheld,30,Yes,No,No,1,0,RC-03,Yes,16.0,0,5,5,6.0,0.0,Yes,10,Low friction
APL-2026-002921,2026-08-27,2026-08-31,2026-09-01,2026-09-03,2026-09-09,2026-09-11,Clinical,Standard,PAY-02,TM-03,TM-03,Closed,Partially Overturned,14,Yes,No,No,0,0,RC-10,Yes,15.0,4,1,2,6.0,2.0,No,0,Low friction
APL-2026-003654,2026-07-24,2026-07-27,2026-07-27,2026-07-29,2026-08-11,2026-08-12,Authorization,Low,PAY-03,TM-04,TM-04,Closed,Upheld,7,Yes,Yes,No,0,0,RC-14,Yes,19.0,3,0,2,13.0,1.0,No,0,Low friction
APL-2026-000859,2026-09-10,2026-09-10,2026-09-11,2026-09-11,2026-09-17,2026-09-17,Clinical,Standard,PAY-07,TM-03,TM-03,Closed,Upheld,14,Yes,No,No,0,0,RC-09,Yes,7.0,0,1,0,6.0,0.0,Yes,0,Low friction
APL-2026-000642,2026-02-14,2026-02-16,2026-02-16,2026-02-16,2026-02-17,2026-02-19,Administrative,Standard,PAY-03,TM-07,TM-07,Closed,Upheld,30,Yes,No,No,0,0,RC-08,Yes,5.0,2,0,0,1.0,2.0,Yes,0,Low friction
APL-2026-003389,2026-04-26,2026-04-27,2026-04-27,2026-04-28,2026-05-06,2026-05-08,Claims Payment,Low,PAY-07,TM-01,TM-01,Closed,Upheld,30,Yes,No,No,0,0,RC-08,Yes,12.0,1,0,1,8.0,2.0,Yes,0,Low friction
APL-2026-002307,2026-02-13,2026-02-16,2026-02-16,2026-02-18,2026-03-09,2026-03-10,Administrative,Urgent,PAY-03,TM-07,TM-02,Closed,Overturned,7,Yes,No,No,1,0,RC-07,Yes,25.0,3,0,2,19.0,1.0,No,10,Low friction
APL-2026-000835,2026-03-03,2026-03-03,2026-03-04,2026-03-04,2026-03-12,2026-03-12,Authorization,Low,PAY-03,TM-04,TM-04,Closed,Upheld,7,Yes,Yes,No,0,0,RC-02,Yes,9.0,0,1,0,8.0,0.0,No,0,Low friction
APL-2026-002711,2026-06-17,2026-06-18,2026-06-19,2026-06-23,2026-07-13,2026-07-15,Authorization,Standard,PAY-03,TM-04,TM-04,Closed,Upheld,7,No,No,No,0,2,RC-05,Yes,28.0,1,1,4,20.0,2.0,No,25,Moderate friction
APL-2026-001499,2026-01-26,2026-01-28,2026-02-03,2026-02-03,2026-03-17,2026-03-18,Clinical,Standard,PAY-04,TM-02,TM-04,Closed,Overturned,14,No,No,Yes,1,20,RC-05,Yes,51.0,2,6,0,42.0,1.0,No,70,Critical friction
APL-2026-000338,2026-05-28,2026-06-01,2026-06-02,2026-06-02,2026-06-08,2026-06-08,Authorization,Low,PAY-03,TM-04,TM-04,Closed,Upheld,7,No,No,No,0,2,RC-02,Yes,11.0,4,1,0,6.0,0.0,No,25,Moderate friction
APL-2026-003611,2026-06-13,2026-06-15,2026-06-19,2026-06-19,2026-06-29,2026-07-01,Clinical,Standard,PAY-06,TM-07,TM-04,Closed,Upheld,14,Yes,No,No,1,0,RC-04,No,18.0,2,4,0,10.0,2.0,No,30,Moderate friction
APL-2026-003577,2026-06-30,2026-07-01,2026-07-01,2026-07-01,2026-07-03,2026-07-07,Clinical,Standard,PAY-05,TM-02,TM-02,Closed,Overturned,14,Yes,No,No,0,0,RC-14,Yes,7.0,1,0,0,2.0,4.0,Yes,10,Low friction
APL-2026-002447,2026-05-26,2026-05-27,2026-05-28,2026-05-28,2026-06-11,2026-06-11,Administrative,Urgent,PAY-05,TM-01,TM-01,Closed,Upheld,7,Yes,No,Yes,0,0,RC-06,Yes,16.0,1,1,0,14.0,0.0,No,15,Low friction
APL-2026-001448,2026-01-02,2026-01-02,2026-01-06,2026-01-09,2026-01-14,2026-01-16,Claims Payment,Standard,PAY-03,TM-07,TM-08,Closed,Partially Overturned,30,Yes,No,No,1,0,RC-01,No,14.0,0,4,3,5.0,2.0,Yes,30,Moderate friction
APL-2026-002654,2026-09-12,2026-09-12,2026-09-14,2026-09-17,2026-09-25,2026-09-25,Authorization,Urgent,PAY-04,TM-04,TM-04,Closed,Upheld,7,Yes,No,No,0,0,RC-03,Yes,13.0,0,2,3,8.0,0.0,No,0,Low friction
APL-2026-001965,2026-09-19,2026-09-19,2026-09-22,2026-09-25,,,Pharmacy,Standard,PAY-02,TM-05,TM-03,In Review,,7,No,No,No,1,0,RC-04,No,,0,3,3,,,,55,High friction
APL-2026-001685,2026-03-23,2026-03-23,2026-03-24,2026-03-25,2026-03-27,2026-03-27,Authorization,Urgent,PAY-01,TM-04,TM-04,Closed,Overturned,7,Yes,No,No,0,0,RC-14,Yes,4.0,0,1,1,2.0,0.0,Yes,0,Low friction
APL-2026-002529,2026-09-13,2026-09-13,2026-09-14,2026-09-15,2026-09-16,2026-09-16,Authorization,Standard,PAY-07,TM-04,TM-04,Closed,Upheld,7,Yes,No,No,0,0,RC-06,Yes,3.0,0,1,1,1.0,0.0,Yes,0,Low friction
APL-2026-003495,2026-09-07,2026-09-07,2026-09-11,2026-09-14,2026-09-16,2026-09-16,Administrative,Standard,PAY-03,TM-07,TM-07,Closed,Upheld,30,Yes,No,No,0,0,RC-11,Yes,9.0,0,4,3,2.0,0.0,Yes,0,Low friction
APL-2026-001144,2026-08-10,2026-08-11,2026-08-12,2026-08-17,2026-08-18,2026-08-19,Administrative,Urgent,PAY-05,TM-01,TM-01,Closed,Overturned,7,Yes,No,No,0,0,RC-10,Yes,9.0,1,1,5,1.0,1.0,No,0,Low friction
APL-2026-002966,2026-05-17,2026-05-17,2026-05-18,2026-05-21,2026-06-11,2026-06-11,Pharmacy,Urgent,PAY-03,TM-05,TM-05,Closed,Upheld,7,No,No,Yes,0,8,RC-05,Yes,25.0,0,1,3,21.0,0.0,No,60,Critical friction
APL-2026-003723,2026-09-07,2026-09-09,2026-09-10,2026-09-14,2026-09-16,2026-09-16,Authorization,Urgent,PAY-04,TM-04,TM-04,Closed,Partially Overturned,7,Yes,No,No,0,0,RC-02,Yes,9.0,2,1,4,2.0,0.0,No,0,Low friction
APL-2026-001706,2026-07-04,2026-07-04,2026-07-07,2026-07-08,2026-07-13,2026-07-15,Pharmacy,Standard,PAY-05,TM-05,TM-05,Closed,Overturned,7,Yes,No,No,0,0,RC-04,Yes,11.0,0,3,1,5.0,2.0,No,0,Low friction
APL-2026-003066,2026-04-04,2026-04-06,2026-04-08,2026-04-10,2026-04-16,2026-04-23,Claims Payment,Standard,PAY-03,TM-07,TM-07,Closed,Partially Overturned,30,Yes,No,No,0,0,RC-09,Yes,19.0,2,2,2,6.0,7.0,Yes,10,Low friction
APL-2026-002924,2026-06-30,2026-06-30,2026-06-30,2026-07-01,2026-07-03,2026-07-03,Clinical,Standard,PAY-03,TM-07,TM-07,Closed,Overturned,14,Yes,No,No,0,0,RC-07,Yes,3.0,0,0,1,2.0,0.0,Yes,0,Low friction
APL-2026-002708,2026-07-06,2026-07-06,2026-07-06,2026-07-09,2026-07-28,2026-07-29,Clinical,Low,PAY-03,TM-07,TM-07,Closed,Upheld,14,No,Yes,No,0,5,RC-13,Yes,23.0,0,0,3,19.0,1.0,No,25,Moderate friction
APL-2026-003070,2026-06-03,2026-06-04,2026-06-05,2026-06-05,2026-06-10,2026-06-17,Authorization,Standard,PAY-04,TM-04,TM-04,Closed,Partially Overturned,7,Yes,No,No,0,0,RC-08,Yes,14.0,1,1,0,5.0,7.0,No,10,Low friction
APL-2026-000790,2026-01-22,2026-01-22,2026-01-22,2026-01-26,2026-01-27,2026-01-29,Clinical,Standard,PAY-07,TM-03,TM-03,Closed,Overturned,14,Yes,No,No,0,0,RC-01,Yes,7.0,0,0,4,1.0,2.0,Yes,0,Low friction
APL-2026-002305,2026-04-25,2026-04-25,2026-04-28,2026-04-29,2026-05-11,2026-05-11,Authorization,Standard,PAY-04,TM-04,TM-04,Closed,Upheld,7,Yes,No,No,0,0,RC-06,Yes,16.0,0,3,1,12.0,0.0,No,0,Low friction
APL-2026-000969,2026-03-01,2026-03-01,2026-03-02,2026-03-03,2026-03-16,2026-03-16,Authorization,Urgent,PAY-03,TM-04,TM-04,Closed,Overturned,7,Yes,No,No,0,0,RC-01,Yes,15.0,0,1,1,13.0,0.0,No,0,Low friction
APL-2026-003001,2026-02-13,2026-02-13,2026-02-13,2026-02-13,2026-02-24,2026-02-25,Administrative,Standard,PAY-02,TM-01,TM-01,Closed,Overturned,30,Yes,No,No,0,0,RC-06,Yes,12.0,0,0,0,11.0,1.0,Yes,0,Low friction
APL-2026-001668,2026-02-08,2026-02-10,2026-02-11,2026-02-11,2026-02-20,2026-02-20,Clinical,Low,PAY-04,TM-03,TM-03,Closed,Partially Overturned,14,Yes,No,No,0,0,RC-04,Yes,12.0,2,1,0,9.0,0.0,Yes,0,Low friction
APL-2026-003322,2026-04-14,2026-04-15,2026-04-17,2026-04-21,2026-05-07,2026-05-11,Clinical,Standard,PAY-03,TM-07,TM-07,Closed,Partially Overturned,14,Yes,No,No,0,0,RC-01,Yes,27.0,1,2,4,16.0,4.0,No,10,Low friction
APL-2026-001689,2026-03-25,2026-03-26,2026-03-31,2026-04-01,2026-04-08,2026-04-09,Clinical,Standard,PAY-01,TM-03,TM-01,Closed,Upheld,14,No,No,No,1,2,RC-10,No,15.0,1,5,1,7.0,1.0,No,55,High friction
APL-2026-001899,2026-09-30,2026-10-01,2026-10-07,2026-10-12,,,Administrative,Standard,PAY-06,TM-07,TM-07,In Review,,30,Yes,No,No,0,0,RC-09,Yes,,1,6,5,,,,0,Low friction
